"D","coefficient_distance","linear_fit_distance","names","id"
0.178491599639147,5.35941155294195,88.4301508254024,"Uniform Sample",1
0.454918702087753,3.85779561576664,73.4705623159452,"Biased Sample",1
0.196391865697962,6.05100185685091,99.1503954333417,"Uniform Sample",2
0.410727565042447,5.00633329206238,90.0652865378954,"Biased Sample",2
0.18939671444353,7.57108193207576,115.539023097526,"Uniform Sample",3
0.443092961118197,3.73166343497091,75.6721978829038,"Biased Sample",3
0.186281265184702,6.49454280999156,104.757520194443,"Uniform Sample",4
0.430670775448818,4.18767864464151,77.9999986059505,"Biased Sample",4
0.184428152272837,7.90262922992185,123.528540399804,"Uniform Sample",5
0.437386074616159,4.27341165904026,77.3780820430478,"Biased Sample",5
0.206302690158138,4.44191148557509,77.4928661647343,"Uniform Sample",6
0.463056834620933,3.6812368601066,70.4318761171755,"Biased Sample",6
0.177150578306983,5.9542658581272,104.332146805576,"Uniform Sample",7
0.427473343892586,5.61511327760082,104.042904858364,"Biased Sample",7
0.19562811181015,4.91195286703198,85.6585075202648,"Uniform Sample",8
0.405795002071949,4.27771182633568,77.2630332325251,"Biased Sample",8
0.208063417855806,7.07326212293659,115.352377062537,"Uniform Sample",9
0.445172972618811,4.64554640900826,80.6217485534199,"Biased Sample",9
0.193904919328354,5.95699519312121,98.2320303988726,"Uniform Sample",10
0.432554535856835,3.83689653648036,73.4150637112799,"Biased Sample",10
0.196786349625358,7.24887133594994,113.790565953454,"Uniform Sample",11
0.413326608649339,7.89244671497141,119.639140218503,"Biased Sample",11
0.193402917943628,5.47208017226223,90.5846033084833,"Uniform Sample",12
0.469313021579093,3.57239860573183,72.864408821133,"Biased Sample",12
0.196681381626781,5.78811232929885,95.5881004427281,"Uniform Sample",13
0.460030415124917,5.04272095953592,89.0319007152335,"Biased Sample",13
0.191930536415766,11.395427218832,166.457592685047,"Uniform Sample",14
0.454455504925725,4.24255831663117,82.6677225291938,"Biased Sample",14
0.197039111378469,10.5782418693084,151.819967077665,"Uniform Sample",15
0.463998587680614,3.98170485044448,71.425721732462,"Biased Sample",15
0.2061312023103,4.71727052693692,78.8039311698444,"Uniform Sample",16
0.449591420018358,2.06649726800023,57.2740087339461,"Biased Sample",16
0.192517728079752,8.38604060723004,122.477780359904,"Uniform Sample",17
0.443260710436784,4.18301646072173,83.1556686779157,"Biased Sample",17
0.206039902880891,3.91741608014691,77.0617288477171,"Uniform Sample",18
0.442566279304554,4.2519343749833,78.5736082390927,"Biased Sample",18
0.184993674271332,8.54413796741917,136.226280705638,"Uniform Sample",19
0.434427835679613,3.0819322405694,67.1577290051783,"Biased Sample",19
0.185630151936213,5.93698500344813,97.2246929132973,"Uniform Sample",20
0.43678027744962,4.57968934106778,79.9586581932741,"Biased Sample",20
0.187248348441541,7.03773916157365,107.313618575377,"Uniform Sample",21
0.432895585970943,3.70836099470002,76.2052274451258,"Biased Sample",21
0.181443187804994,6.66011961355255,104.302431383676,"Uniform Sample",22
0.450501403195546,4.46670509334838,80.5591322435835,"Biased Sample",22
0.185750726379754,8.21577932138715,128.53772069699,"Uniform Sample",23
0.428969620388425,5.25931183046043,92.9468474284202,"Biased Sample",23
0.195710014511779,5.47118509158778,97.503835091834,"Uniform Sample",24
0.436533361844616,3.1844014323664,64.3414068440558,"Biased Sample",24
0.185325952107587,13.5379321748986,195.239672543791,"Uniform Sample",25
0.440415608217779,4.36250400395589,78.3778991764553,"Biased Sample",25
0.217295745441311,3.94603406876899,72.4926029045832,"Uniform Sample",26
0.460171430816738,3.3838860063963,70.5964647856969,"Biased Sample",26
0.206759236033624,5.21817371962355,87.9138277106864,"Uniform Sample",27
0.462877001206698,3.90938886338517,71.3412915004594,"Biased Sample",27
0.206738776944376,7.62086984197386,124.68168225412,"Uniform Sample",28
0.416634766368102,4.14617647803061,77.8115861992448,"Biased Sample",28
0.205139748975456,4.91207609629367,84.4169767809948,"Uniform Sample",29
0.427221131194127,5.5615845918134,93.772265684046,"Biased Sample",29
0.197679302936758,8.88350381081717,138.331526998864,"Uniform Sample",30
0.462820634003708,4.02599563363871,70.9364838497412,"Biased Sample",30
0.192551372289856,5.70953877223849,94.943136483234,"Uniform Sample",31
0.427471855483643,3.31125097325258,65.6284290773853,"Biased Sample",31
0.188656530283591,7.90591244978043,127.516135647456,"Uniform Sample",32
0.457413645978365,4.5834319312386,87.1858683380083,"Biased Sample",32
0.205240731592434,8.15373769826925,128.862928518301,"Uniform Sample",33
0.443053074205549,3.86973873825484,73.4568916563768,"Biased Sample",33
0.194438754005707,7.35969519536021,116.407761734054,"Uniform Sample",34
0.416082991379965,4.73513952989158,84.0534683686297,"Biased Sample",34
0.198981101122502,6.29082184752519,104.594013737743,"Uniform Sample",35
0.439743100674516,4.08203670550991,76.9892396456496,"Biased Sample",35
0.198774371598232,6.72955085652238,108.586656800026,"Uniform Sample",36
0.447563568390398,3.39167234069158,72.0441169571107,"Biased Sample",36
0.193513912103986,6.71425325992559,106.887801897132,"Uniform Sample",37
0.44040320996021,4.86180416146284,92.2829938546868,"Biased Sample",37
0.20103431604496,4.95409580710469,83.3793123621169,"Uniform Sample",38
0.4484242631199,4.54814265433081,82.8921170020891,"Biased Sample",38
0.211284307733748,4.36767826136247,78.6938314952717,"Uniform Sample",39
0.421064171899361,4.26569898269046,78.763094823219,"Biased Sample",39
0.188087133692178,4.69202083334226,80.6967888352613,"Uniform Sample",40
0.411690899081693,2.89026664025659,63.0085006385707,"Biased Sample",40
0.188953420012435,7.60780663006105,114.695282645077,"Uniform Sample",41
0.450582082062782,4.56854688156241,88.8032186011837,"Biased Sample",41
0.209654637648526,5.601146327679,92.6192442250328,"Uniform Sample",42
0.433307306094133,5.30158720388008,91.5991721724041,"Biased Sample",42
0.20540036752053,3.80104259124386,72.0114708803588,"Uniform Sample",43
0.452088170655357,3.96625809312482,81.9397452933667,"Biased Sample",43
0.194454126842855,8.75895947242803,129.72650161337,"Uniform Sample",44
0.439587210372215,3.89436623987166,75.9293300024247,"Biased Sample",44
0.183406716651613,5.12141318960607,89.0334037558929,"Uniform Sample",45
0.451989916276093,3.61808091549391,71.9789897460171,"Biased Sample",45
0.187983910393457,8.20655652261784,130.233173172167,"Uniform Sample",46
0.437483086062333,5.51659503795078,88.7619727192976,"Biased Sample",46
0.200694547965681,8.56956058724202,134.647986029269,"Uniform Sample",47
0.442291026805434,4.22419859963343,77.0740324726855,"Biased Sample",47
0.184487239059,7.43240834318641,119.848383735706,"Uniform Sample",48
0.467226964949211,2.82953655689839,63.0115242843612,"Biased Sample",48
0.192441522191829,5.10256928929306,90.6157685988329,"Uniform Sample",49
0.44295949671572,4.27009297560827,77.0980047159828,"Biased Sample",49
0.201604805029856,8.64939985653783,135.319142894318,"Uniform Sample",50
0.449649964176686,4.02791591785954,78.3113421869756,"Biased Sample",50
0.19751597463624,5.00646529424295,89.0403760511176,"Uniform Sample",51
0.435148049427566,6.04850563955318,99.708858782036,"Biased Sample",51
0.197957591137679,5.42465542365759,90.6155468970722,"Uniform Sample",52
0.459143363777199,3.56294569456685,69.5136731307556,"Biased Sample",52
0.195900194588187,9.66087578969156,148.716239664225,"Uniform Sample",53
0.410999079821182,5.99906296941602,99.8091174341166,"Biased Sample",53
0.179658118043767,8.20791678272134,135.645559265919,"Uniform Sample",54
0.418573452107429,2.88110718389204,64.1606127542069,"Biased Sample",54
0.205963759482457,6.12490193025578,102.549837481641,"Uniform Sample",55
0.46758349595677,4.05389297414903,75.9562016125298,"Biased Sample",55
0.216528223884006,5.3824369824526,93.0211659807537,"Uniform Sample",56
0.436931352674506,4.76267877334953,90.6572712985311,"Biased Sample",56
0.184954309094969,6.65578277432428,108.231429237036,"Uniform Sample",57
0.41732541948361,3.88192697642991,76.502748054197,"Biased Sample",57
0.191083265185002,3.78370839287822,68.7892075558131,"Uniform Sample",58
0.431853339817485,4.88302646996091,88.2575092864136,"Biased Sample",58
0.205355588747718,6.40058506347723,105.26653137454,"Uniform Sample",59
0.426095035455147,3.56976062339448,70.4584380481399,"Biased Sample",59
0.198925935622579,5.96164958778087,96.9159131694529,"Uniform Sample",60
0.437243676650467,3.90135325269814,71.6505991046297,"Biased Sample",60
0.202295057484102,5.77355189879957,96.9552842630588,"Uniform Sample",61
0.475136685964563,3.48723811112471,70.5825588938791,"Biased Sample",61
0.189955379755091,5.21150482627687,88.1802384104244,"Uniform Sample",62
0.43641371876377,2.62149432206191,66.7965987204523,"Biased Sample",62
0.199184406657063,4.64647806201232,85.713396543907,"Uniform Sample",63
0.447553797821305,7.41650200421411,123.471403868331,"Biased Sample",63
0.194350815474639,9.18138929744348,140.643872571171,"Uniform Sample",64
0.483138187133155,3.15020324809685,68.4342490889776,"Biased Sample",64
0.204915982487655,5.64988433349193,96.046510233463,"Uniform Sample",65
0.438467470942255,3.80034493806729,75.4827714074134,"Biased Sample",65
0.188873574019141,4.67736325766966,78.3839893924535,"Uniform Sample",66
0.425993034097627,4.72387851194526,86.2955452594503,"Biased Sample",66
0.182117229649523,6.54813825679891,105.488298058937,"Uniform Sample",67
0.470494299599143,4.96315253379556,90.8075051172049,"Biased Sample",67
0.179604640612996,5.23380262775594,88.7460348980304,"Uniform Sample",68
0.460746646879693,2.77839642544389,68.8250096823772,"Biased Sample",68
0.18609062326542,4.69445644828294,85.8834273873158,"Uniform Sample",69
0.445845318809147,3.44057341566787,73.4940039208122,"Biased Sample",69
0.198574665237706,4.80515116408455,87.7863447050549,"Uniform Sample",70
0.442618403655008,5.5463093148709,96.6043165290786,"Biased Sample",70
0.201531871880143,5.26765021007295,92.1436194969718,"Uniform Sample",71
0.456641084295698,2.50852271131779,61.6029086782382,"Biased Sample",71
0.204763599227496,5.41768671380631,89.4658588697944,"Uniform Sample",72
0.466647056469195,2.05781888687484,58.381577361692,"Biased Sample",72
0.190936297888515,7.09025956528971,112.881234228906,"Uniform Sample",73
0.445868494759833,5.67172779017999,95.7958341747378,"Biased Sample",73
0.197140606183391,4.49422999485949,84.2401386288259,"Uniform Sample",74
0.450735713851291,3.56024223332376,68.8936901059477,"Biased Sample",74
0.183331503860689,4.28826262902864,76.447526426644,"Uniform Sample",75
0.435833192072351,3.68772813906191,71.9893437277135,"Biased Sample",75
0.191886014174478,6.35464326089651,99.0871883214688,"Uniform Sample",76
0.466206516641217,4.75158748503672,84.1741854605168,"Biased Sample",76
0.192726716468329,8.78190283379666,129.934486283196,"Uniform Sample",77
0.430301260292406,3.1673437178771,71.1100364772379,"Biased Sample",77
0.210379975860182,7.3558930923548,112.658597117936,"Uniform Sample",78
0.420875427549952,5.23152577276873,89.7028512456479,"Biased Sample",78
0.189476228995165,6.44790254674481,106.298397336386,"Uniform Sample",79
0.464238028142927,3.81289347784804,72.7962595487006,"Biased Sample",79
0.189927120963736,6.06608637713509,96.9228151072331,"Uniform Sample",80
0.436638744222163,2.79432643454881,64.1292583190035,"Biased Sample",80
0.178628014953897,4.28544976568855,80.8992490120414,"Uniform Sample",81
0.456883717230926,2.79118814992222,65.2733429803608,"Biased Sample",81
0.201418915118609,8.81579863365459,133.525404943174,"Uniform Sample",82
0.439910697408964,3.69680820195501,74.1175309230702,"Biased Sample",82
0.210881597187255,7.09973624338106,114.405019782212,"Uniform Sample",83
0.438824225942506,4.13527165571277,77.9327878499757,"Biased Sample",83
0.194691873189823,4.59704354926623,78.2285718724081,"Uniform Sample",84
0.472268155492962,4.4341714684526,80.799122729419,"Biased Sample",84
0.188625287056931,6.40105130068933,102.977298880203,"Uniform Sample",85
0.487002369586839,4.1281184172091,72.3380326892493,"Biased Sample",85
0.206311197798393,6.97412947189585,107.463918650119,"Uniform Sample",86
0.441486329014447,5.1200524195777,86.5642160544276,"Biased Sample",86
0.193722871740361,5.8602473099276,97.0583071422914,"Uniform Sample",87
0.440938939225487,4.38395746277568,81.3829160399568,"Biased Sample",87
0.219070320865955,5.67252737251155,97.5681767149056,"Uniform Sample",88
0.41929135184852,3.12965596952275,65.1899689111285,"Biased Sample",88
0.194281840762708,4.42427742691653,82.796511936062,"Uniform Sample",89
0.45066743808503,2.83894656733553,67.1369572084726,"Biased Sample",89
0.19225194387814,4.90433614562739,88.1950682063949,"Uniform Sample",90
0.439058836098707,5.40980224257138,91.5146867775237,"Biased Sample",90
0.19260665519916,6.69495247708683,109.626992469177,"Uniform Sample",91
0.453982484964811,3.69965508278829,71.1261729820385,"Biased Sample",91
0.191447667175982,9.38635272951676,143.909139005698,"Uniform Sample",92
0.470647817024942,3.89416333642148,73.0330422372528,"Biased Sample",92
0.187602369149734,9.18000643261711,136.017788765921,"Uniform Sample",93
0.443405948108225,5.87033535772757,98.7959253308037,"Biased Sample",93
0.197277947811669,5.44588086785919,96.1154255130901,"Uniform Sample",94
0.43692556054589,4.34236400242938,77.1207327999732,"Biased Sample",94
0.187505458176777,7.77587556716224,123.825476666029,"Uniform Sample",95
0.444899544922099,3.31130678539013,66.1823433623505,"Biased Sample",95
0.189205333500261,4.29266276455695,80.4933992721472,"Uniform Sample",96
0.440112615509052,3.12390804425838,67.0843650292968,"Biased Sample",96
0.208845487719463,3.53875398393058,68.974322958614,"Uniform Sample",97
0.438927544655306,4.93211432492821,87.3426074519275,"Biased Sample",97
0.206786236797022,4.6271637572247,82.2812489616303,"Uniform Sample",98
0.478854103159063,2.07442649314189,59.7279159443049,"Biased Sample",98
0.201978339674493,4.55494411150862,75.6860605750285,"Uniform Sample",99
0.43620226389346,6.62109451759565,107.003114140441,"Biased Sample",99
0.181588812547687,5.45216713363795,92.4587385555068,"Uniform Sample",100
0.479106812455294,3.88406371952875,77.8728485585972,"Biased Sample",100
0.200696423828931,5.55438573187758,90.1113826914359,"Uniform Sample",101
0.461280023172809,4.45231936869195,80.7977081847218,"Biased Sample",101
0.1976887547119,5.37323699084042,89.1069431154697,"Uniform Sample",102
0.433245563004814,4.47519555280257,82.34802118915,"Biased Sample",102
0.20131494681906,7.41173307865911,121.752602269038,"Uniform Sample",103
0.421949024593372,4.84074869625256,86.6124610180221,"Biased Sample",103
0.172341100832073,6.25416024444116,99.2983997342708,"Uniform Sample",104
0.464280859616172,3.8563738890816,71.9125865074625,"Biased Sample",104
0.203278580190383,6.11920209109569,98.0509040465533,"Uniform Sample",105
0.457842150630761,4.42381095561251,86.9968856691583,"Biased Sample",105
0.192392322201487,5.31650808167873,92.1479188704913,"Uniform Sample",106
0.460174238878105,4.4898222555025,76.5450281916387,"Biased Sample",106
0.190363881485254,6.37379286452061,101.137127193319,"Uniform Sample",107
0.430102265314621,4.41583936725911,77.1158341508844,"Biased Sample",107
0.19529109299694,4.13496898969446,75.6498792500217,"Uniform Sample",108
0.440902932804085,3.01245484465413,68.0112363748707,"Biased Sample",108
0.205938119815014,6.67694490560021,106.339613119071,"Uniform Sample",109
0.478842544530528,2.93734919266553,65.4434586767312,"Biased Sample",109
0.181041724553385,10.06492204609,153.020023222039,"Uniform Sample",110
0.464887787665458,3.82274641461688,72.1798283280975,"Biased Sample",110
0.208124656122811,6.8201100498043,108.430182828891,"Uniform Sample",111
0.442263476437798,3.65524825602402,68.4787303064237,"Biased Sample",111
0.20167436810538,6.86226330125403,116.296778278887,"Uniform Sample",112
0.457766800937274,3.50825533230959,68.2043569203261,"Biased Sample",112
0.202876080534103,5.2656242697895,87.9305781546571,"Uniform Sample",113
0.450107567672677,4.4568008797928,81.2255741738388,"Biased Sample",113
0.187896304137917,7.04707944231327,106.911706674194,"Uniform Sample",114
0.451621308917868,4.41121179922235,78.5311304847475,"Biased Sample",114
0.184519737988887,8.42814863817005,127.985460374314,"Uniform Sample",115
0.462403700393586,5.06782899762924,93.4283412707421,"Biased Sample",115
0.201875814950154,4.63505294630442,80.0072953521647,"Uniform Sample",116
0.417077034407793,4.04701682900706,76.755015070039,"Biased Sample",116
0.184647427924733,13.5199983012982,197.40651251813,"Uniform Sample",117
0.444628059055783,4.21928959758506,74.8507030763535,"Biased Sample",117
0.197901629277963,7.96797976517893,124.708852847824,"Uniform Sample",118
0.399796440727808,4.95436057639709,84.3680345622501,"Biased Sample",118
0.202056338729854,5.40919280520986,91.2462199612928,"Uniform Sample",119
0.445314695204981,2.99459156106132,66.1859277368314,"Biased Sample",119
0.195577911421062,5.19996535740047,90.906279100824,"Uniform Sample",120
0.406677979502641,5.69643762566217,96.5551344558505,"Biased Sample",120
0.190150447459852,3.54201789241835,68.5124392967595,"Uniform Sample",121
0.475565670315314,4.18471351506067,77.9985861046148,"Biased Sample",121
0.205564885405813,4.91237123564462,80.8186942163134,"Uniform Sample",122
0.471295027407153,3.68786417375543,73.7457418726328,"Biased Sample",122
0.198422030478691,6.65760398210238,109.523216218746,"Uniform Sample",123
0.450660783718647,3.61901784927121,69.8985346411251,"Biased Sample",123
0.194474110143974,6.21428219023965,102.291195864158,"Uniform Sample",124
0.431834069270576,2.93324935356378,64.233496855707,"Biased Sample",124
0.209131066468121,9.72870722707528,146.836458126404,"Uniform Sample",125
0.430577952080059,3.30209570001373,68.7489375843734,"Biased Sample",125
0.1808705092482,6.04884414298933,94.0504966587134,"Uniform Sample",126
0.464592628847027,3.23007721881363,70.7086466959568,"Biased Sample",126
0.203068921787177,6.53003386453252,107.306445691126,"Uniform Sample",127
0.469935127906688,3.80253451913349,73.698373649627,"Biased Sample",127
0.186568201833562,9.94500012523192,150.313847270726,"Uniform Sample",128
0.490840483817512,2.56500440648479,62.1440484556375,"Biased Sample",128
0.202987160670334,4.88582845416444,85.6378707729029,"Uniform Sample",129
0.424862941970453,3.3303219998657,66.3619963523924,"Biased Sample",129
0.195109659127292,10.9451369152722,165.01024825376,"Uniform Sample",130
0.435997285715205,3.79989480465199,73.0595388101499,"Biased Sample",130
0.191154661423065,5.64865576738506,95.1197039477075,"Uniform Sample",131
0.443631552141846,4.94155481408019,82.9192226200773,"Biased Sample",131
0.196678813062519,7.83136974553711,125.256101699309,"Uniform Sample",132
0.417591121322891,3.95137744541584,72.5499624952791,"Biased Sample",132
0.193875966174539,7.52378990220682,115.168166656286,"Uniform Sample",133
0.439281866899418,3.09913601769318,66.2775929627546,"Biased Sample",133
0.207800627992512,4.59584328175924,84.9357664051702,"Uniform Sample",134
0.481479079663869,2.84378328560271,65.7511199171473,"Biased Sample",134
0.197504586483202,6.75046475104568,102.245235070735,"Uniform Sample",135
0.412444770130511,2.67002075645285,63.7145087528388,"Biased Sample",135
0.205646892596246,5.72722030154979,99.2249134495806,"Uniform Sample",136
0.430387022166793,6.60903675691181,110.469126705876,"Biased Sample",136
0.207063074178632,5.97089024671242,96.7100531517473,"Uniform Sample",137
0.424240034154922,4.22821154758407,73.9856562873286,"Biased Sample",137
0.174693445132867,6.09524695190213,102.872201004786,"Uniform Sample",138
0.459733383274667,3.04081855589401,67.219179921924,"Biased Sample",138
0.194833742769298,5.85473740731249,89.6464268207596,"Uniform Sample",139
0.470730780074269,3.38775432027717,72.7294698159283,"Biased Sample",139
0.180540024365919,3.56349325678202,73.9955519295204,"Uniform Sample",140
0.471601702867935,3.19965357905921,69.3343715134291,"Biased Sample",140
0.211205905441243,4.34571868670582,81.3863130578194,"Uniform Sample",141
0.436021472364507,4.31616361093408,77.3501181629071,"Biased Sample",141
0.199857267499506,6.33143108405173,103.226014122817,"Uniform Sample",142
0.455700445602253,3.37468687378656,65.3442663328087,"Biased Sample",142
0.18566487910396,5.75801053340709,97.4319785178298,"Uniform Sample",143
0.431877849282475,3.69125695241211,72.0690393090537,"Biased Sample",143
0.180949650344602,6.65466028303702,105.183735542089,"Uniform Sample",144
0.47000477941851,4.8389795161877,82.3733812725616,"Biased Sample",144
0.189260234477474,11.0512988082184,164.344817252495,"Uniform Sample",145
0.45084643049372,2.96477793012946,67.2934849757179,"Biased Sample",145
0.202047633604691,7.84059906779907,123.703689843129,"Uniform Sample",146
0.43975504081463,7.81234065185333,121.994924250894,"Biased Sample",146
0.201643732101577,4.93548507284734,82.1169902360592,"Uniform Sample",147
0.438765583641674,2.705804113742,68.389636654628,"Biased Sample",147
0.171578148266384,5.41468392980614,93.620898716768,"Uniform Sample",148
0.469862841647243,2.7217791944149,59.9715766408951,"Biased Sample",148
0.195245631898242,6.65122634335101,106.886576907902,"Uniform Sample",149
0.438827086383856,4.76125241583136,86.08402977023,"Biased Sample",149
0.179990980403468,7.75643358453341,118.639978076222,"Uniform Sample",150
0.453729528872313,2.82026546131691,65.1075316201632,"Biased Sample",150
0.212221466741088,5.92766558380641,96.3701651499244,"Uniform Sample",151
0.441903188011421,3.94363179824783,70.7571865100815,"Biased Sample",151
0.185065152287914,4.76846414777475,82.591342877259,"Uniform Sample",152
0.472956901812202,3.52963424248036,69.7963349250229,"Biased Sample",152
0.18295117237245,5.66890399641691,91.7777504491954,"Uniform Sample",153
0.440217367162779,8.26364026207903,131.551374258137,"Biased Sample",153
0.196638860674726,6.09956143715509,100.029820845645,"Uniform Sample",154
0.443913095318973,4.80612599741268,82.0293990018935,"Biased Sample",154
0.190367271474923,5.40292697455242,87.8322750962949,"Uniform Sample",155
0.437729400175844,4.7733338420807,85.8133101415991,"Biased Sample",155
0.189138457715314,7.59984738386309,125.462519724316,"Uniform Sample",156
0.442531951783435,4.21260129472114,79.5158166994697,"Biased Sample",156
0.183407277541618,5.85185633487088,98.9829212030206,"Uniform Sample",157
0.487418337447116,4.61885464377488,80.9358423426183,"Biased Sample",157
0.181244730565349,7.128456530822,115.39976259418,"Uniform Sample",158
0.441196274539216,6.04068283764473,101.463867955141,"Biased Sample",158
0.197113504027779,4.63652681222199,80.1512086009789,"Uniform Sample",159
0.43367731642457,2.64127807544952,60.0316606372682,"Biased Sample",159
0.187369793753939,5.23220671869384,89.1536538652687,"Uniform Sample",160
0.447159045768148,3.64132345617249,68.7889471944718,"Biased Sample",160
0.189134818745947,8.27241095089841,126.768360871247,"Uniform Sample",161
0.44644970843008,2.44356601244468,64.2703405888208,"Biased Sample",161
0.200049793953708,4.66622158122242,82.9775240772225,"Uniform Sample",162
0.421286397125239,3.97722316361446,72.4429960753324,"Biased Sample",162
0.205397725690398,6.62815513032436,111.603919601444,"Uniform Sample",163
0.447251222812052,4.01237091451334,78.0595645188224,"Biased Sample",163
0.197365825726896,9.33856205424506,147.140269107831,"Uniform Sample",164
0.445150413436169,5.34422163521796,93.0908631181525,"Biased Sample",164
0.180142824384966,6.75283502513869,107.42804466332,"Uniform Sample",165
0.467495298162159,3.47532466205952,67.8945825768557,"Biased Sample",165
0.194169628989514,9.02089353373305,139.123575954019,"Uniform Sample",166
0.458475747189907,2.8182147181675,65.4978210667966,"Biased Sample",166
0.195423035858226,5.22931546994108,86.0877527307319,"Uniform Sample",167
0.439252870717226,4.63174235887929,81.4385942340324,"Biased Sample",167
0.214637722378781,4.55572782327399,81.0716710229333,"Uniform Sample",168
0.39688865688726,5.02980462318437,87.1225482768995,"Biased Sample",168
0.193110340490462,5.58023412481235,88.5757175607725,"Uniform Sample",169
0.428957247957898,5.70352377289664,92.9606015879175,"Biased Sample",169
0.180386533251552,5.51664034847145,89.729839890938,"Uniform Sample",170
0.424086077313849,5.14424049059473,89.3002885119284,"Biased Sample",170
0.209300030537125,6.01770219751115,102.456975750356,"Uniform Sample",171
0.453113929077477,3.13098257998434,62.7770200288185,"Biased Sample",171
0.207324870914773,8.48575086915416,129.536999957254,"Uniform Sample",172
0.451242472931026,3.06304601336327,68.4253790588141,"Biased Sample",172
0.199276591171003,3.61760347440908,75.6388403402771,"Uniform Sample",173
0.441832824459659,12.8267369949427,183.525455322205,"Biased Sample",173
0.208479319184098,5.22632379747878,89.6981918902751,"Uniform Sample",174
0.446789093031914,5.33413324775227,93.7788113818952,"Biased Sample",174
0.1808666276956,6.91862758779764,112.457745097748,"Uniform Sample",175
0.454095945484031,4.35797881278739,78.6706996691281,"Biased Sample",175
0.178884388869333,8.71266219451837,133.524225177376,"Uniform Sample",176
0.424933847277842,4.29210240047729,77.6655600833199,"Biased Sample",176
0.18095932494114,4.50703909012876,80.0092048920268,"Uniform Sample",177
0.461250097994195,3.70105476332963,73.4118325666934,"Biased Sample",177
0.203154887654344,2.96681605238825,67.2327146084479,"Uniform Sample",178
0.451584704367859,3.09993747778142,68.6804218970461,"Biased Sample",178
0.200257156674166,4.64017343037438,80.7002093370595,"Uniform Sample",179
0.433542745569313,7.7009714773449,122.82841618372,"Biased Sample",179
0.202124562472539,5.67499262548515,96.2762097725804,"Uniform Sample",180
0.429564355575122,2.77218548634815,59.9980106139112,"Biased Sample",180
0.17724075458428,6.78066009999016,105.534721174829,"Uniform Sample",181
0.443082543166485,3.43883412266747,68.4241747271704,"Biased Sample",181
0.192534224325737,7.2016350017154,113.415195761054,"Uniform Sample",182
0.447304703571405,4.6542400443024,84.5837304576205,"Biased Sample",182
0.198605993660697,4.93608786393005,84.6715615622096,"Uniform Sample",183
0.474879894608244,3.22734706190431,70.6306418571721,"Biased Sample",183
0.205947627418063,5.11417734051702,89.4050879460844,"Uniform Sample",184
0.43705405279318,5.36779591513179,94.0381069583864,"Biased Sample",184
0.196169690330033,5.65432563214521,94.9981663096952,"Uniform Sample",185
0.432563714875597,5.84114082164824,99.4490711111895,"Biased Sample",185
0.194675027031467,5.84380502169495,94.8058123755796,"Uniform Sample",186
0.44847377324808,3.60671978839784,72.6989113460559,"Biased Sample",186
0.202765739131572,3.54415047960093,70.2226364355502,"Uniform Sample",187
0.463980369718031,3.21626582995912,67.5459456297041,"Biased Sample",187
0.204245287764607,7.19442949365593,110.08910456404,"Uniform Sample",188
0.46844973517722,3.61976542676427,65.5779984349227,"Biased Sample",188
0.199126678698604,5.13474504009469,89.3258261158966,"Uniform Sample",189
0.413840377769529,4.35730348446168,80.570031561554,"Biased Sample",189
0.193821941255051,7.73644585708331,124.659186603525,"Uniform Sample",190
0.445253652563492,3.59966446105528,71.5796243634254,"Biased Sample",190
0.200411584906135,4.7897061897599,84.9615913667583,"Uniform Sample",191
0.437220203894101,6.94257181266318,114.366568467131,"Biased Sample",191
0.186475069485093,7.7373246646469,117.815547232944,"Uniform Sample",192
0.435943781162905,4.28130601899431,77.9053411814896,"Biased Sample",192
0.199279722992508,8.07814718165698,117.514460023581,"Uniform Sample",193
0.438977386957378,5.00910829283841,90.3317020928219,"Biased Sample",193
0.206240454614886,4.27946245241589,76.989127156826,"Uniform Sample",194
0.416753566795857,3.8753072190509,73.8713287147933,"Biased Sample",194
0.18738159497669,8.29134674231844,130.667150838381,"Uniform Sample",195
0.453451904618866,3.45712056970506,67.3704769884479,"Biased Sample",195
0.207383719922578,5.97311649886812,93.4022937931249,"Uniform Sample",196
0.460086923305487,3.71376025403932,71.2759517135938,"Biased Sample",196
0.195868774362565,6.97961394330752,115.474626123866,"Uniform Sample",197
0.455501941864989,4.46389571362086,79.0624494377282,"Biased Sample",197
0.182657562787817,9.88055720084118,148.022582428053,"Uniform Sample",198
0.429081092179214,7.91891742296546,123.115557271748,"Biased Sample",198
0.188276132732365,7.29274087866739,116.592555764237,"Uniform Sample",199
0.439414460206273,5.56952768569465,94.1666175192848,"Biased Sample",199
0.197083016658516,6.73420039545334,111.215477930812,"Uniform Sample",200
0.426399238132009,4.68427778441894,82.9187202608222,"Biased Sample",200
0.189089410416951,6.84690840592763,106.533623041474,"Uniform Sample",201
0.435111873298728,3.95326210521188,75.3071547406335,"Biased Sample",201
0.195555714151901,5.3625257557185,88.5217595274502,"Uniform Sample",202
0.443386179918367,4.34556427384594,86.8519507175463,"Biased Sample",202
0.211787202489347,4.83577283454445,91.582804083856,"Uniform Sample",203
0.486302007020906,4.20818145847692,76.99136989042,"Biased Sample",203
0.196314717422401,7.24277478642939,118.408601275087,"Uniform Sample",204
0.465815935541326,3.50471603670548,69.1165988074663,"Biased Sample",204
0.192310820703385,7.61909528443186,120.035575232747,"Uniform Sample",205
0.453833558000191,4.50793824385636,80.3966271117001,"Biased Sample",205
0.217417178277139,4.22712774194786,76.7655316666187,"Uniform Sample",206
0.439946008054017,4.50143709547655,79.1749078494077,"Biased Sample",206
0.181895129959476,6.45171036949741,109.716618401538,"Uniform Sample",207
0.450274882433849,4.69208927194282,78.6435760989591,"Biased Sample",207
0.199948113456199,5.75081028084614,91.2973821683655,"Uniform Sample",208
0.457069040873447,4.60245736444645,83.824081739509,"Biased Sample",208
0.178832616331455,7.09110383137984,111.239906798184,"Uniform Sample",209
0.477362729754239,3.32530707197838,70.9091699293714,"Biased Sample",209
0.184819200793352,4.32456671064475,76.6088257584178,"Uniform Sample",210
0.438610877264848,2.72035568833953,62.2553537280845,"Biased Sample",210
0.184069457844092,6.86313766647278,109.407838745443,"Uniform Sample",211
0.453993558615158,4.54319926374629,82.1357549152374,"Biased Sample",211
0.189503972803711,5.93128309794179,102.431546357667,"Uniform Sample",212
0.434171473361715,3.60295436644528,69.0222106195638,"Biased Sample",212
0.191774648817606,5.34847609864414,90.8278873442482,"Uniform Sample",213
0.438604395028478,3.89936049997288,74.7956653057029,"Biased Sample",213
0.195626695040972,7.32950413707353,121.283688668766,"Uniform Sample",214
0.457691649858467,2.65032501924435,58.4651993810854,"Biased Sample",214
0.201791144280401,5.56247576113786,91.075377897915,"Uniform Sample",215
0.464173110349648,2.47413808436213,61.606070986302,"Biased Sample",215
0.201351444482476,7.19437186146019,108.563433736951,"Uniform Sample",216
0.447087941070095,3.45033056229796,70.8974371119981,"Biased Sample",216
0.177483831885951,7.9767944008607,128.04654978865,"Uniform Sample",217
0.42730879383519,4.71244675939155,86.9353247940871,"Biased Sample",217
0.195232970393153,4.07751635282426,76.3444374382711,"Uniform Sample",218
0.446318567919197,3.59789203103056,73.137078319156,"Biased Sample",218
0.194409687787101,7.56940163864741,124.618405641077,"Uniform Sample",219
0.472919258111591,3.97442021500602,74.3416875886203,"Biased Sample",219
0.189805166276415,9.75823901792029,144.442950955825,"Uniform Sample",220
0.441676859179593,3.16041116491365,66.3628041174112,"Biased Sample",220
0.192055863919093,7.99072963344043,128.889150236684,"Uniform Sample",221
0.410067075520628,4.1240360997158,77.9870922026256,"Biased Sample",221
0.205231058830943,6.16757281114718,98.1439473625449,"Uniform Sample",222
0.446363709839464,3.34179488100938,68.3308461725293,"Biased Sample",222
0.189841751104842,7.3516487865926,114.000986457875,"Uniform Sample",223
0.459982476634417,2.4632083712722,62.0758682685559,"Biased Sample",223
0.203469109750682,3.28978366570302,66.6014783075179,"Uniform Sample",224
0.485534059240578,2.82303611625313,63.6046289472468,"Biased Sample",224
0.194302660853155,10.0922329140105,144.032594195726,"Uniform Sample",225
0.422088963817405,5.46028038918419,94.913029437929,"Biased Sample",225
0.199931943154253,4.83202577580572,81.3039066262458,"Uniform Sample",226
0.455348124090477,5.50986233166065,90.6001087137928,"Biased Sample",226
0.198268282657423,4.27226384725578,79.4820679093696,"Uniform Sample",227
0.45080239243143,2.09354325177254,56.8559773962653,"Biased Sample",227
0.182356792059569,5.26507635266134,87.7946298537306,"Uniform Sample",228
0.493805268326415,2.71336105879518,59.3154261584392,"Biased Sample",228
0.205430034841062,4.59225246935627,85.0277490273212,"Uniform Sample",229
0.42035754605708,6.5576553759858,101.128293845408,"Biased Sample",229
0.185199713115503,10.9905327523756,164.652329078959,"Uniform Sample",230
0.482096927210772,4.35752431904004,80.4141482362733,"Biased Sample",230
0.205061221201027,6.08263626166097,100.688444393859,"Uniform Sample",231
0.405467678126472,8.23788510713825,125.974403126609,"Biased Sample",231
0.201385015396622,6.92318524582529,110.9109683042,"Uniform Sample",232
0.468662188368748,3.66573104942986,71.9198632036885,"Biased Sample",232
0.203556730533056,6.9445723776558,103.580748906688,"Uniform Sample",233
0.42833217104869,3.26206750250692,66.7459087363729,"Biased Sample",233
0.212996547521696,4.14706669229062,75.1737248519652,"Uniform Sample",234
0.445190620768227,3.897172289216,74.3823819699217,"Biased Sample",234
0.191515735651651,7.46753013045543,123.375264151941,"Uniform Sample",235
0.475247475951905,3.76766929819643,73.1075916106183,"Biased Sample",235
0.187178087899206,6.52676572449545,109.402904593539,"Uniform Sample",236
0.434578584848482,5.70247260376623,94.3468672363808,"Biased Sample",236
0.197934940351545,5.57939009856556,92.4314137416613,"Uniform Sample",237
0.436735608499585,3.45758964994179,68.4191791057605,"Biased Sample",237
0.198894640030073,4.35123440957982,79.3567495788639,"Uniform Sample",238
0.425567245242797,4.4900891091533,77.8298296965394,"Biased Sample",238
0.197877960970915,4.87239520979662,85.6667095596258,"Uniform Sample",239
0.457332577033582,2.86102992976762,63.4932478843067,"Biased Sample",239
0.184465761068784,5.21610132241468,85.7942733929618,"Uniform Sample",240
0.416496249693356,3.30390770179297,63.9700712383576,"Biased Sample",240
0.194802523579078,7.24970108229242,112.912646159734,"Uniform Sample",241
0.466495341486727,4.43068175798684,75.4074499100834,"Biased Sample",241
0.190747549447589,8.7139105190499,127.557420274791,"Uniform Sample",242
0.433210914522835,4.19993603523788,76.6013930832924,"Biased Sample",242
0.178506519262958,7.15369422228088,113.471137952602,"Uniform Sample",243
0.450652153752299,3.09447135862961,67.0198467509598,"Biased Sample",243
0.191730506990004,6.27085795335763,106.040095665175,"Uniform Sample",244
0.448314274069597,4.5421593499792,80.9520394894804,"Biased Sample",244
0.201312985251033,4.12440302484323,76.7131361241669,"Uniform Sample",245
0.404951313992819,4.45515157081088,82.0091192289042,"Biased Sample",245
0.182614858682536,5.80078687753956,95.0350237637748,"Uniform Sample",246
0.409407430437914,5.83090303114675,95.86550819459,"Biased Sample",246
0.185443744378736,10.4564288755993,156.468104310245,"Uniform Sample",247
0.437941836939354,4.22132960728516,79.4174688840371,"Biased Sample",247
0.191326873894701,5.54347220801685,95.1386172697033,"Uniform Sample",248
0.439442279697128,4.99672634939331,88.51169294796,"Biased Sample",248
0.193653132401973,7.70519061117482,123.139734920372,"Uniform Sample",249
0.427385634964206,4.07171028870172,82.1450802396048,"Biased Sample",249
0.190055854640635,3.62729604618964,74.6640691965358,"Uniform Sample",250
0.410154567728551,4.29654078258021,78.861976617313,"Biased Sample",250
0.19777797822461,7.26064009325014,113.101894318855,"Uniform Sample",251
0.449776036079304,3.69075299733715,74.6643985402944,"Biased Sample",251
0.202065955110749,4.57160952886145,81.4983063678459,"Uniform Sample",252
0.427926414569172,4.23205131985033,76.7195699152429,"Biased Sample",252
0.184043787799844,7.11134176964417,110.609435877526,"Uniform Sample",253
0.465543107324213,4.90755533128261,85.7343036020179,"Biased Sample",253
0.183513294663083,7.19717431929246,112.950876480724,"Uniform Sample",254
0.448269582856238,4.00675737867059,77.9684927581657,"Biased Sample",254
0.193029981420618,5.37614033101831,93.0861197540641,"Uniform Sample",255
0.453401888885344,3.48239188225893,72.1946072871717,"Biased Sample",255
0.201637387003477,5.64460588267126,94.2347373074763,"Uniform Sample",256
0.435796399137625,2.57189662243672,62.1198658677407,"Biased Sample",256
0.187564591299564,5.51646648220207,91.70857098346,"Uniform Sample",257
0.444630622395942,3.19229443207516,65.1283958190034,"Biased Sample",257
0.200794603188841,4.58714366012286,80.2954327419664,"Uniform Sample",258
0.446902178922946,4.06451168989292,78.4267485149342,"Biased Sample",258
0.205905606210006,8.01450453587052,122.921000354675,"Uniform Sample",259
0.422396347415098,5.8409276388882,97.2104209601225,"Biased Sample",259
0.199479612517725,7.76022621044992,118.13572949412,"Uniform Sample",260
0.456852238183199,4.79509549758588,85.90603671781,"Biased Sample",260
0.192476579504412,8.23606798347095,127.285273947849,"Uniform Sample",261
0.455285875167895,3.17766327802967,70.6076079012474,"Biased Sample",261
0.207887937036655,8.35269404307457,132.363878035357,"Uniform Sample",262
0.445989333183644,2.81245094757964,63.234738249648,"Biased Sample",262
0.197367073437257,5.23765717376768,92.445796749617,"Uniform Sample",263
0.433353905135991,4.34614528530764,83.0767804140456,"Biased Sample",263
0.195479139379974,4.73427157944796,80.2720335185482,"Uniform Sample",264
0.474421988345901,3.73329487467267,73.5906264252341,"Biased Sample",264
0.193688548137409,6.32554225272022,102.750684627441,"Uniform Sample",265
0.447862158683552,3.86589959510937,77.9874554622,"Biased Sample",265
0.192386585667482,7.35714045085222,121.666017349519,"Uniform Sample",266
0.456753463614777,5.60006147892324,97.06871138924,"Biased Sample",266
0.208122262844832,10.1685760523988,158.28926570217,"Uniform Sample",267
0.442605813273648,5.50255843910957,92.1338588359711,"Biased Sample",267
0.205818462245033,6.35997138659418,106.041672890566,"Uniform Sample",268
0.436512856136655,3.37155707906714,70.2709143872576,"Biased Sample",268
0.195714215482786,6.25423437391497,97.4155811150145,"Uniform Sample",269
0.435295416711902,4.21339366805225,74.693024684881,"Biased Sample",269
0.193529867080758,6.27744837998783,104.216025526171,"Uniform Sample",270
0.439073884331903,2.84877756292772,62.1547616196898,"Biased Sample",270
0.206719210328408,6.3891592060266,108.353619528197,"Uniform Sample",271
0.429223036313371,3.22894702237185,67.0584446979337,"Biased Sample",271
0.184913815368348,6.62470952091061,108.819752010815,"Uniform Sample",272
0.419591022743611,4.24856962425743,77.8014124522064,"Biased Sample",272
0.169758911048028,5.55637995508949,96.1152378059392,"Uniform Sample",273
0.439106714390935,3.31621153327413,67.0258166078987,"Biased Sample",273
0.213074743786974,4.93872602510772,82.9914538391024,"Uniform Sample",274
0.440648021787891,5.30415234240197,88.9983789855156,"Biased Sample",274
0.189380409682252,5.39219639798014,92.1684264010115,"Uniform Sample",275
0.472573111428656,5.11975685712364,87.3184175781032,"Biased Sample",275
0.190471215368865,7.22339909612541,112.610488920383,"Uniform Sample",276
0.428788042801431,5.33403015043095,91.7443817000114,"Biased Sample",276
0.186267866012791,6.21731027897635,99.3544680436229,"Uniform Sample",277
0.418014272244084,5.20845670251886,91.8143467293882,"Biased Sample",277
0.178633955527688,8.88830297101617,138.662717079245,"Uniform Sample",278
0.457846871710192,4.23515432567978,77.0523031823492,"Biased Sample",278
0.186394618853161,6.72472560012049,109.883664913089,"Uniform Sample",279
0.404823353187005,5.30615809313906,96.478643158055,"Biased Sample",279
0.190935548321485,7.73076793296497,126.532842571169,"Uniform Sample",280
0.420667285410589,7.71533539363335,120.543556505778,"Biased Sample",280
0.173765601705631,6.84760757750385,107.285689690949,"Uniform Sample",281
0.426996061203911,6.37822976751453,112.633084482779,"Biased Sample",281
0.211405910590835,5.87770709508513,97.5057641191836,"Uniform Sample",282
0.417683587672729,4.41169546219384,79.8337576535725,"Biased Sample",282
0.198397930721268,7.59930368726216,117.322489925462,"Uniform Sample",283
0.438214071722825,3.19771222542878,65.2713698583297,"Biased Sample",283
0.20179043392778,5.10322029453711,88.5660967561407,"Uniform Sample",284
0.415204648408114,3.54525271868672,70.2084986881516,"Biased Sample",284
0.198021576966712,5.5982242070612,95.6540085071701,"Uniform Sample",285
0.443215756820658,3.18245585778726,62.8531222674289,"Biased Sample",285
0.210715405286315,5.13859314312267,88.8824262251157,"Uniform Sample",286
0.43359704936915,4.21267597373788,72.2942153973988,"Biased Sample",286
0.195407359569462,4.533391380983,77.4933959841504,"Uniform Sample",287
0.437882494965046,3.14341455060275,69.3571643422697,"Biased Sample",287
0.194667207567701,4.27110276342004,76.8741049515936,"Uniform Sample",288
0.421582530179199,3.89550750779829,72.0266064513291,"Biased Sample",288
0.192144801695626,5.36545250633247,89.1151329751448,"Uniform Sample",289
0.460197902086247,2.93281953367523,65.938818355489,"Biased Sample",289
0.196651013168649,4.32334706508426,77.3700506075727,"Uniform Sample",290
0.455200695789949,2.70641521017587,65.6443293750322,"Biased Sample",290
0.186377457585812,14.1559802656878,210.184346583437,"Uniform Sample",291
0.477037119709546,2.56408399602955,61.7524867747998,"Biased Sample",291
0.192383325809354,5.97780681839215,99.4247000251984,"Uniform Sample",292
0.445712851541211,5.33417108699434,95.899890229624,"Biased Sample",292
0.194039006100225,5.25455419065501,90.4685666045657,"Uniform Sample",293
0.423898841410054,3.20089853885712,69.6060143878552,"Biased Sample",293
0.20006678677417,5.11542482146059,87.6270557988423,"Uniform Sample",294
0.48026107896639,3.22208232620778,67.6928286565243,"Biased Sample",294
0.181944312202878,8.50581116561321,130.943218555898,"Uniform Sample",295
0.450641966106535,4.83028616074508,83.3904154958419,"Biased Sample",295
0.205414841899035,6.46326140282934,104.03045703661,"Uniform Sample",296
0.461118170714823,3.08853795477302,69.0743469799097,"Biased Sample",296
0.202975101403687,4.94456931905225,80.8698805280794,"Uniform Sample",297
0.449255095212284,4.70964925086266,86.1838734909107,"Biased Sample",297
0.207605682565036,6.62621217334686,107.014419971058,"Uniform Sample",298
0.453968630733211,3.94755425945402,79.3430475379216,"Biased Sample",298
0.184342774715547,6.69744948920893,106.956297850106,"Uniform Sample",299
0.429470193157831,5.10217488804073,88.4614741073997,"Biased Sample",299
0.185337006074117,8.58684402455101,127.799512443782,"Uniform Sample",300
0.379137456011831,4.72080938605782,84.1912598607378,"Biased Sample",300
0.339077924400853,3.80585976589814,74.0240873605544,"Federov with Uniform Sample",1
0.674156717511122,2.10444780928575,60.3779611111551,"Federov with Biased Sample",1
0.339000311511266,3.2911075418089,68.5353858847859,"Federov with Uniform Sample",2
0.679232529844041,2.71455583681072,66.2770966851509,"Federov with Biased Sample",2
0.335851796111565,3.5545169716799,70.6978091455379,"Federov with Uniform Sample",3
0.673642073387317,1.97244395939694,61.65212865614,"Federov with Biased Sample",3
0.344076986431073,2.95588661305197,64.1518673885474,"Federov with Uniform Sample",4
0.666876328957447,2.2166242791017,56.6201184214305,"Federov with Biased Sample",4
0.333678593952148,3.39838561304275,64.6166776727482,"Federov with Uniform Sample",5
0.667213700066997,1.70751517867971,54.2822254115771,"Federov with Biased Sample",5
0.344623424609882,3.9777577444811,75.5144129741672,"Federov with Uniform Sample",6
0.672395318776685,2.5736146848156,61.8224885570815,"Federov with Biased Sample",6
0.340134590350242,3.20227760732532,66.3326174491437,"Federov with Uniform Sample",7
0.66938752610372,1.96751992889922,54.1929345328186,"Federov with Biased Sample",7
0.343649901803703,2.63939437572957,65.9266205189325,"Federov with Uniform Sample",8
0.675389870014929,2.12589711032657,54.4505310096493,"Federov with Biased Sample",8
0.344739224948258,3.32255723758991,71.8124837752135,"Federov with Uniform Sample",9
0.673342131771032,2.19902384828277,59.3747562153378,"Federov with Biased Sample",9
0.34811164815372,3.63263000571078,74.2376607710999,"Federov with Uniform Sample",10
0.672562849607921,2.24013911856234,57.4562516552423,"Federov with Biased Sample",10
0.340464326853698,3.09412376278332,62.2355451595384,"Federov with Uniform Sample",11
0.672049986718343,1.91358146575646,54.8684301029918,"Federov with Biased Sample",11
0.356216145801884,3.47846496625801,73.9556075626089,"Federov with Uniform Sample",12
0.676178677149587,2.32987078184329,54.9153056681618,"Federov with Biased Sample",12
0.34015672884081,3.2860195139434,69.5475633511388,"Federov with Uniform Sample",13
0.66871869693295,2.03506084768294,56.0650960813822,"Federov with Biased Sample",13
0.352159067951455,3.63292699037113,73.8216849391407,"Federov with Uniform Sample",14
0.669625996870517,1.96574570266846,58.6568296494709,"Federov with Biased Sample",14
0.338011646007283,3.37624764328654,67.3175454573629,"Federov with Uniform Sample",15
0.682796958518166,1.73512535570147,52.8403870727256,"Federov with Biased Sample",15
0.344216719951978,4.5554671574794,82.9263494271838,"Federov with Uniform Sample",16
0.678382891184406,2.25578065611402,58.1203004190581,"Federov with Biased Sample",16
0.33463350916617,4.23933840504824,79.1766920301972,"Federov with Uniform Sample",17
0.667120019023412,2.46465598325615,60.5395356932009,"Federov with Biased Sample",17
0.348698780764034,3.40379129398754,67.8402966256819,"Federov with Uniform Sample",18
0.675028375760579,2.22740716221913,56.2359350543962,"Federov with Biased Sample",18
0.338505980238028,3.62359875949512,71.8941604882712,"Federov with Uniform Sample",19
0.669782108288623,2.84583291915073,63.0516934689871,"Federov with Biased Sample",19
0.341479289251295,4.74154685438577,82.1179964391902,"Federov with Uniform Sample",20
0.668569015814832,2.70342136515403,62.4364660505705,"Federov with Biased Sample",20
0.34839915644205,4.23809121994303,75.3817009557588,"Federov with Uniform Sample",21
0.679128334352528,2.5773945585906,63.6183525689891,"Federov with Biased Sample",21
0.34477926440789,3.70951693120847,73.8334692636904,"Federov with Uniform Sample",22
0.675790997516342,1.92153756752029,57.5134210088947,"Federov with Biased Sample",22
0.338844960772817,3.16268863103179,64.5919938684551,"Federov with Uniform Sample",23
0.665120061575873,2.11762479939752,57.6118236661333,"Federov with Biased Sample",23
0.344042702755664,3.00850637892478,63.9484609980855,"Federov with Uniform Sample",24
0.667894736164659,2.32578203901345,61.2107694544851,"Federov with Biased Sample",24
0.352232224857385,3.24276279025534,68.2561166773581,"Federov with Uniform Sample",25
0.668877944657399,2.11211268158414,57.9849025879103,"Federov with Biased Sample",25
0.338371640300615,2.57699399393932,62.4367679418889,"Federov with Uniform Sample",26
0.682401760574375,2.03079741323476,54.4999119750168,"Federov with Biased Sample",26
0.334309155957306,3.57367613037727,69.1629680077979,"Federov with Uniform Sample",27
0.672708252028729,2.8076241802218,68.2021341761856,"Federov with Biased Sample",27
0.350459999037189,3.97865125528506,75.8210436632754,"Federov with Uniform Sample",28
0.672312192277973,2.63370329949843,59.7573935702394,"Federov with Biased Sample",28
0.342595955045127,3.28983499262456,67.3655392954179,"Federov with Uniform Sample",29
0.666047903371811,1.52497251150171,54.4583511067454,"Federov with Biased Sample",29
0.343457313358925,3.3704589586239,69.2680689809162,"Federov with Uniform Sample",30
0.679727079630986,2.52765077687573,60.5762237893365,"Federov with Biased Sample",30
0.350766464903325,3.23815063929033,64.7157096211181,"Federov with Uniform Sample",31
0.671757457791441,2.72553926779292,62.5333179026897,"Federov with Biased Sample",31
0.341714241181625,3.01366552246547,68.6161028257695,"Federov with Uniform Sample",32
0.670003832510709,2.74776422466802,61.6548183753595,"Federov with Biased Sample",32
0.344098707470086,3.36953028333119,66.464620985901,"Federov with Uniform Sample",33
0.670567431471398,2.68682641336829,65.1750292088591,"Federov with Biased Sample",33
0.349798836767772,2.59963798722757,62.6839217942646,"Federov with Uniform Sample",34
0.671580847981068,2.46195486655362,60.8825585485422,"Federov with Biased Sample",34
0.349302210297649,2.8111260100526,64.1302660663048,"Federov with Uniform Sample",35
0.673450958226668,2.24105405390971,59.7100438576972,"Federov with Biased Sample",35
0.343281795055782,3.49411520331957,69.2730228302001,"Federov with Uniform Sample",36
0.668915255838774,2.46971109944163,63.5149198865287,"Federov with Biased Sample",36
0.338446248033697,3.82436212868543,72.7131151543409,"Federov with Uniform Sample",37
0.674508136671437,2.0562928915885,56.0233658069037,"Federov with Biased Sample",37
0.345177406030161,3.2057366129639,67.4156390811726,"Federov with Uniform Sample",38
0.676386784824923,2.24433657528496,60.4553362251171,"Federov with Biased Sample",38
0.340059671561888,3.89280486476489,74.6440192768249,"Federov with Uniform Sample",39
0.673466511153503,2.15786300135978,58.5981190816425,"Federov with Biased Sample",39
0.350331790024112,2.43912644009316,58.6962378562552,"Federov with Uniform Sample",40
0.678243560266063,2.75485570693157,62.3951101565123,"Federov with Biased Sample",40
0.343522879958202,3.24969516032695,67.4469328360113,"Federov with Uniform Sample",41
0.676436476112537,2.99124995386032,64.4052127751358,"Federov with Biased Sample",41
0.34562925870618,3.15549663524758,66.9569037722964,"Federov with Uniform Sample",42
0.665561244390287,2.55892349161277,63.0324000893146,"Federov with Biased Sample",42
0.341294585549291,2.26637662258975,57.3985632035418,"Federov with Uniform Sample",43
0.681249455148964,2.4430709254977,59.5873806178201,"Federov with Biased Sample",43
0.340470262706864,3.45003977624278,66.7447571608558,"Federov with Uniform Sample",44
0.67216372393773,1.85947378715858,53.3239770539495,"Federov with Biased Sample",44
0.336755540832358,2.97532635571452,64.3725834875865,"Federov with Uniform Sample",45
0.679320040471588,2.81225982159371,64.2784866059376,"Federov with Biased Sample",45
0.346090829645778,3.90900995743144,76.1839353553156,"Federov with Uniform Sample",46
0.673119796192163,2.79847674866531,63.5442593968096,"Federov with Biased Sample",46
0.34583314134666,3.84748968287613,73.0625902289582,"Federov with Uniform Sample",47
0.676580530694563,2.6747334124867,58.65788283634,"Federov with Biased Sample",47
0.34334774799813,2.92798507435513,63.4430742304875,"Federov with Uniform Sample",48
0.675392414648188,2.70031697322569,62.0645773431963,"Federov with Biased Sample",48
0.332621336594867,4.17510297272114,77.6437336637906,"Federov with Uniform Sample",49
0.671946980469839,2.69517265922537,59.1432498559436,"Federov with Biased Sample",49
0.336170546903614,3.0495508111418,66.9455650366442,"Federov with Uniform Sample",50
0.664458655968261,2.72717270149483,62.7905359777465,"Federov with Biased Sample",50
0.345043928507956,2.85878236967985,64.8220796872642,"Federov with Uniform Sample",51
0.665653926152359,1.99186861595557,56.6781630480684,"Federov with Biased Sample",51
0.336176689232769,2.81113712625008,64.5260784073465,"Federov with Uniform Sample",52
0.671414254025996,2.58129631642847,60.6956409662664,"Federov with Biased Sample",52
0.345938796918748,2.90207497769166,67.2971148029783,"Federov with Uniform Sample",53
0.672101730695575,2.17324352758834,54.7100507695275,"Federov with Biased Sample",53
0.340589740924415,4.68096189226139,81.6697105559769,"Federov with Uniform Sample",54
0.668851350751007,2.56894252947321,59.3364402213077,"Federov with Biased Sample",54
0.341725286127766,3.48971375560415,70.2478819918378,"Federov with Uniform Sample",55
0.671147666648397,2.3855003121031,59.3575000922321,"Federov with Biased Sample",55
0.348450734324906,3.14210702720001,68.9675982647259,"Federov with Uniform Sample",56
0.674276101436439,2.145047068746,58.0346241123893,"Federov with Biased Sample",56
0.342784527962625,2.75286466368042,62.340298018679,"Federov with Uniform Sample",57
0.671795464963435,2.35934359640184,60.6658631674361,"Federov with Biased Sample",57
0.334991133143378,3.90861089249415,75.03869246239,"Federov with Uniform Sample",58
0.671268198066678,2.29396303013782,59.1937490690495,"Federov with Biased Sample",58
0.341926564307964,4.12045006912943,74.3159661738187,"Federov with Uniform Sample",59
0.672284721703827,2.89975985395277,63.3007785652868,"Federov with Biased Sample",59
0.349190240815935,2.9313859213352,64.598371465374,"Federov with Uniform Sample",60
0.669468318234809,3.00850176148166,65.5205957074913,"Federov with Biased Sample",60
0.3457153155781,3.64044493654092,69.6479548041717,"Federov with Uniform Sample",61
0.672668554820587,2.05496170479155,56.7785944609702,"Federov with Biased Sample",61
0.34860006793311,2.79036870052554,62.1651076351705,"Federov with Uniform Sample",62
0.685095833088973,2.22421622765608,57.2403179807446,"Federov with Biased Sample",62
0.341235931235755,3.1948485453318,65.8628583228491,"Federov with Uniform Sample",63
0.672033068522751,2.45098875268105,58.3976018085699,"Federov with Biased Sample",63
0.345289013502284,3.32759860569146,70.3133847870439,"Federov with Uniform Sample",64
0.671796411578241,2.12852245736296,54.3884385026503,"Federov with Biased Sample",64
0.354333760678495,2.50585384504156,60.809108488126,"Federov with Uniform Sample",65
0.671522587718717,2.841281663076,65.1278327160824,"Federov with Biased Sample",65
0.345961657888361,3.08138074866163,63.956567759867,"Federov with Uniform Sample",66
0.667214171269772,2.22943051016917,59.3413500192757,"Federov with Biased Sample",66
0.342959447353438,2.82485979291344,61.9166679199172,"Federov with Uniform Sample",67
0.668692775996352,2.06401538894301,63.8283714319016,"Federov with Biased Sample",67
0.331290438997915,3.83924839834303,69.8229748914979,"Federov with Uniform Sample",68
0.67696084720056,2.67917818646347,65.3423990089166,"Federov with Biased Sample",68
0.348580839117226,3.57280047767336,69.9335385616699,"Federov with Uniform Sample",69
0.673413463047869,2.75048212156566,65.4352216329091,"Federov with Biased Sample",69
0.336873039456504,3.46188816472744,71.1072746433619,"Federov with Uniform Sample",70
0.674269490418561,3.49486093026542,71.4551024896727,"Federov with Biased Sample",70
0.347673537633282,5.52188771435137,95.9531957699673,"Federov with Uniform Sample",71
0.67599004784172,1.9487924514359,58.4562004032396,"Federov with Biased Sample",71
0.339960788859619,3.03255501611486,64.8939455602767,"Federov with Uniform Sample",72
0.671677306281153,2.62090572914134,60.9107235182259,"Federov with Biased Sample",72
0.333815973154602,3.81010924573534,73.7268688176184,"Federov with Uniform Sample",73
0.668788331901734,2.6894289093404,62.1754831059828,"Federov with Biased Sample",73
0.338929899691602,2.77816193475187,60.577351353616,"Federov with Uniform Sample",74
0.675896993433553,1.83455004674069,56.3922704837682,"Federov with Biased Sample",74
0.345790267558323,4.40133797979104,82.0607964769129,"Federov with Uniform Sample",75
0.68581991571913,2.39044649871884,61.4779233949541,"Federov with Biased Sample",75
0.342598689664371,3.7671143367551,71.7729884392616,"Federov with Uniform Sample",76
0.665750555376597,2.57070439487863,58.116929754717,"Federov with Biased Sample",76
0.341155087183361,2.81893993393697,67.8374403536202,"Federov with Uniform Sample",77
0.680660234094772,2.29894902958902,57.481139643696,"Federov with Biased Sample",77
0.344722292919323,3.58937339596833,71.4220178366373,"Federov with Uniform Sample",78
0.678061252778516,1.95829559630861,56.4830439438408,"Federov with Biased Sample",78
0.340798091473201,2.96494128076854,68.1569482881232,"Federov with Uniform Sample",79
0.669010569924718,2.24062278397803,59.9568472703485,"Federov with Biased Sample",79
0.351638604019934,2.75834865004818,62.3124675139638,"Federov with Uniform Sample",80
0.669546417847212,2.6835027654551,61.2299660710869,"Federov with Biased Sample",80
0.344241406096744,3.15004599738413,65.4245670488527,"Federov with Uniform Sample",81
0.681813803264756,2.65493810513825,62.7805764112479,"Federov with Biased Sample",81
0.349824870386493,3.19023277195573,69.2214392154168,"Federov with Uniform Sample",82
0.671116067160509,2.20540034026768,58.0182182117216,"Federov with Biased Sample",82
0.341827077911749,3.49360154891612,71.1885202674261,"Federov with Uniform Sample",83
0.672314237572172,2.58269885667995,63.5357644854272,"Federov with Biased Sample",83
0.341545149483088,3.83560067569002,71.3369575954336,"Federov with Uniform Sample",84
0.680001419084903,2.47214294768771,56.9649254079579,"Federov with Biased Sample",84
0.342862860764209,3.90167866573131,74.5110304549233,"Federov with Uniform Sample",85
0.674052273538772,2.30769787520888,60.4763881222393,"Federov with Biased Sample",85
0.343583471193341,2.93428683716458,65.497722285257,"Federov with Uniform Sample",86
0.673269636897311,1.99963196750848,58.9078981964021,"Federov with Biased Sample",86
0.348862845325887,3.14127498487648,66.2604856759911,"Federov with Uniform Sample",87
0.670276456319544,2.8157816715291,63.1667840236869,"Federov with Biased Sample",87
0.342309150598537,2.70810666002685,59.7124916629141,"Federov with Uniform Sample",88
0.666411051293553,2.38021071833364,58.9578971355163,"Federov with Biased Sample",88
0.336021093941231,2.49668201281949,63.4979547430491,"Federov with Uniform Sample",89
0.671341406498194,1.77520842405433,55.7687143334562,"Federov with Biased Sample",89
0.345703459319546,2.56884633007596,63.3303366104654,"Federov with Uniform Sample",90
0.678270668420729,2.14862338183856,59.2856607762088,"Federov with Biased Sample",90
0.350455559688818,2.95283464617469,63.5671266165517,"Federov with Uniform Sample",91
0.673359128803541,3.20139831851246,67.5219010886564,"Federov with Biased Sample",91
0.344480763038744,4.24030822525271,81.9862920011948,"Federov with Uniform Sample",92
0.676665646465713,2.06770254937051,55.978075377738,"Federov with Biased Sample",92
0.342403149726456,3.83063580249182,75.7530002609899,"Federov with Uniform Sample",93
0.67608668311846,2.08173493274619,56.1761632351029,"Federov with Biased Sample",93
0.357799873724865,3.32570350243438,66.7647041131615,"Federov with Uniform Sample",94
0.671586213954865,1.78099563917395,56.0303248614015,"Federov with Biased Sample",94
0.342836362144154,2.80167541268226,64.7419785925722,"Federov with Uniform Sample",95
0.67537312236403,2.08754040673104,57.1843326887503,"Federov with Biased Sample",95
0.345741747830869,4.26021839119268,78.5821947606193,"Federov with Uniform Sample",96
0.671420352642579,3.02564058494714,65.7450507207089,"Federov with Biased Sample",96
0.338526631205381,3.91899348892274,76.0428225954222,"Federov with Uniform Sample",97
0.673656193022903,2.20797608200553,59.5487920030161,"Federov with Biased Sample",97
0.342203562467174,3.40831149546266,68.9721834509949,"Federov with Uniform Sample",98
0.678039198600715,1.98604213188635,54.7194069300008,"Federov with Biased Sample",98
0.342292785360709,3.9183471840243,75.7730496265886,"Federov with Uniform Sample",99
0.675772203253798,2.50212202972624,56.0192764375061,"Federov with Biased Sample",99
0.343237324237933,3.83354496519577,69.7491593560248,"Federov with Uniform Sample",100
0.66714567429913,1.72419949193534,53.2996306356928,"Federov with Biased Sample",100
0.348811429796298,4.25329830004204,77.3033494009501,"Federov with Uniform Sample",101
0.670555690943333,2.81460539401227,66.0586903057996,"Federov with Biased Sample",101
0.352605524951181,2.56929260146635,61.7150141347057,"Federov with Uniform Sample",102
0.668169310193863,2.32563982571658,56.8001355406793,"Federov with Biased Sample",102
0.344260037994411,3.11550385630147,64.5486063810986,"Federov with Uniform Sample",103
0.667774094616049,2.03548912743688,57.0269906934903,"Federov with Biased Sample",103
0.344861213388371,3.30936326587901,71.9193773105015,"Federov with Uniform Sample",104
0.683860790715918,2.40836449902543,59.3189843967723,"Federov with Biased Sample",104
0.344838833404009,3.00564344259536,67.0278568039131,"Federov with Uniform Sample",105
0.668315683264958,2.82050824010185,63.9675358898266,"Federov with Biased Sample",105
0.334314107391368,2.8561266554637,65.4521247416214,"Federov with Uniform Sample",106
0.675513153348895,2.63788068146003,64.0397117942376,"Federov with Biased Sample",106
0.347363568147263,3.33359888561911,70.957619057635,"Federov with Uniform Sample",107
0.667597468552145,2.25987281178018,58.6443547505625,"Federov with Biased Sample",107
0.341853245264448,4.37395294203248,78.7023579075379,"Federov with Uniform Sample",108
0.673768883210147,2.10420103527064,58.3830519219805,"Federov with Biased Sample",108
0.33615626360572,2.92030420807309,61.9356900337768,"Federov with Uniform Sample",109
0.673650098966942,2.45479031174612,59.5558890290871,"Federov with Biased Sample",109
0.347931811677678,2.73577089809551,62.7419427455506,"Federov with Uniform Sample",110
0.667936553495929,2.02957933264196,57.5180713872086,"Federov with Biased Sample",110
0.346487346253685,3.4968713400842,69.0344119301326,"Federov with Uniform Sample",111
0.67037301161344,2.44185753353066,61.1315311821213,"Federov with Biased Sample",111
0.343143121736485,3.65517575522656,70.6549796762892,"Federov with Uniform Sample",112
0.673939668340179,2.13138986828084,59.4960839985209,"Federov with Biased Sample",112
0.339338302124581,3.44202604992545,67.6115516538105,"Federov with Uniform Sample",113
0.674546589103127,2.42098340773908,63.0584929767106,"Federov with Biased Sample",113
0.345273349542741,3.29409678291572,62.2350857811923,"Federov with Uniform Sample",114
0.674579961435525,2.72190556223008,62.1983560551489,"Federov with Biased Sample",114
0.347278783636925,3.85553505972124,74.7196155278555,"Federov with Uniform Sample",115
0.669899006320526,2.7637888362138,63.194616481413,"Federov with Biased Sample",115
0.336286737270953,3.04858806219094,62.3082849589308,"Federov with Uniform Sample",116
0.680173592719344,2.14053781195075,59.2770846599385,"Federov with Biased Sample",116
0.337565388510771,3.97352179227371,74.9832499341181,"Federov with Uniform Sample",117
0.669050088145733,2.71775048402601,63.6416358784735,"Federov with Biased Sample",117
0.348384022432527,4.22189744538819,75.8971130166894,"Federov with Uniform Sample",118
0.672058066180341,2.22402035617786,62.5062798503768,"Federov with Biased Sample",118
0.342923621737057,2.52732031044267,61.452032415351,"Federov with Uniform Sample",119
0.673569415993416,1.9773339805924,55.6612258581086,"Federov with Biased Sample",119
0.347302897770504,3.91437041124993,75.3537930163175,"Federov with Uniform Sample",120
0.670547861286714,2.20190127125287,57.3166416868575,"Federov with Biased Sample",120
0.343998592298982,3.18519706740288,69.2134667634387,"Federov with Uniform Sample",121
0.673141196924773,2.35751274719357,58.6937079226843,"Federov with Biased Sample",121
0.338972713458005,3.76301996308879,74.8715800526376,"Federov with Uniform Sample",122
0.674802092651481,2.51460612054913,60.6745661930699,"Federov with Biased Sample",122
0.34774422896553,3.24931531146237,64.6329938597781,"Federov with Uniform Sample",123
0.674403823713798,2.13354407431,58.9363343527732,"Federov with Biased Sample",123
0.347077592968256,3.26982728868876,70.1716573819933,"Federov with Uniform Sample",124
0.674156729734646,1.896683248205,54.8189156325696,"Federov with Biased Sample",124
0.346584618088567,3.14116863768816,68.4338308113999,"Federov with Uniform Sample",125
0.677937215891856,2.88472501494703,61.8629921911314,"Federov with Biased Sample",125
0.343244573702488,2.94313656070765,62.5098329851911,"Federov with Uniform Sample",126
0.67346805103441,2.74920470852807,60.3106970245852,"Federov with Biased Sample",126
0.350576541775072,2.91638418667466,65.5053301377257,"Federov with Uniform Sample",127
0.670506516921289,2.40180236480083,59.5469970838109,"Federov with Biased Sample",127
0.338498737865728,3.12211371368585,66.9867586343889,"Federov with Uniform Sample",128
0.677453707047277,2.36525880256714,60.20947062555,"Federov with Biased Sample",128
0.344514647498502,2.83376075380817,62.1258700253672,"Federov with Uniform Sample",129
0.671610181221117,1.95988492400903,53.9997046617738,"Federov with Biased Sample",129
0.342933705570205,3.81512031379688,74.3091324804747,"Federov with Uniform Sample",130
0.671156569636665,2.60568540381281,62.6697416581225,"Federov with Biased Sample",130
0.347422807064226,2.87865677672408,62.31304169808,"Federov with Uniform Sample",131
0.67649554937251,2.06499422214111,56.8207825190722,"Federov with Biased Sample",131
0.346636656372302,3.38946863800063,68.5116889206894,"Federov with Uniform Sample",132
0.673250529757622,1.85885852111809,53.4710060603617,"Federov with Biased Sample",132
0.341629284909216,3.29188906613244,68.4791314754836,"Federov with Uniform Sample",133
0.667832633454914,2.38452033168315,59.0856312895274,"Federov with Biased Sample",133
0.350533965212079,3.51186766422613,71.1780402225018,"Federov with Uniform Sample",134
0.66918570626149,3.1616265939073,65.8568423231955,"Federov with Biased Sample",134
0.337684157357196,3.45919115829648,67.3132299588867,"Federov with Uniform Sample",135
0.666589227158491,2.60020025225567,59.5285866739649,"Federov with Biased Sample",135
0.344417908564556,4.27027726479424,73.5697104816664,"Federov with Uniform Sample",136
0.676479786494889,2.19955153702158,57.2219342983143,"Federov with Biased Sample",136
0.332336064525043,3.96474673011211,71.6164529741733,"Federov with Uniform Sample",137
0.671325237318763,2.33709006454087,60.435121562222,"Federov with Biased Sample",137
0.34293744927199,3.74916878536656,70.7286557597064,"Federov with Uniform Sample",138
0.674259788287867,2.67272819792498,62.2732104056715,"Federov with Biased Sample",138
0.343622823763767,3.15731276191095,67.550334281078,"Federov with Uniform Sample",139
0.66954097513305,2.57210521937018,60.8030268067999,"Federov with Biased Sample",139
0.348343191678806,2.98314933889382,68.3988107443472,"Federov with Uniform Sample",140
0.669408319209071,2.26873253287018,62.3892850035698,"Federov with Biased Sample",140
0.336721021002257,2.94037226709807,66.0254919301439,"Federov with Uniform Sample",141
0.673073394407141,2.21857002915701,58.2168701168514,"Federov with Biased Sample",141
0.339715849359633,4.0231919627862,80.5230724150689,"Federov with Uniform Sample",142
0.669666858762095,2.13189831587425,55.5968696849883,"Federov with Biased Sample",142
0.343731904625603,3.21800843385776,65.923468092987,"Federov with Uniform Sample",143
0.677540019128276,2.51857175864739,61.2443812683664,"Federov with Biased Sample",143
0.340946293843875,3.23856192935858,68.7104090373368,"Federov with Uniform Sample",144
0.674841002597451,2.45607948909763,62.5263871989579,"Federov with Biased Sample",144
0.344810482582477,3.69096280247694,68.7002683228021,"Federov with Uniform Sample",145
0.672288496574426,1.9068677933869,55.7726516160991,"Federov with Biased Sample",145
0.342089575088794,2.89084753715777,64.6102482326618,"Federov with Uniform Sample",146
0.679901453916418,1.90157958506408,57.5063337379217,"Federov with Biased Sample",146
0.343763072421886,3.0369387742189,68.9618981452556,"Federov with Uniform Sample",147
0.680359521155661,2.55357186654882,63.9702514285548,"Federov with Biased Sample",147
0.351813740921735,3.63005338415346,69.3753484880994,"Federov with Uniform Sample",148
0.676731090036368,2.06861572448401,55.6661590776372,"Federov with Biased Sample",148
0.340474725042066,3.90590640411547,75.7424624682933,"Federov with Uniform Sample",149
0.686523376456658,2.26373373405386,56.8269379442976,"Federov with Biased Sample",149
0.336436110136012,3.10200174921652,65.9467712317864,"Federov with Uniform Sample",150
0.666555887158845,2.19669789852141,57.7681802169629,"Federov with Biased Sample",150
0.341492930678611,3.54361706007476,71.3513450733006,"Federov with Uniform Sample",151
0.675560708518727,1.81197626569783,55.3723733943729,"Federov with Biased Sample",151
0.33957725680358,3.00504317942275,62.4785716601794,"Federov with Uniform Sample",152
0.67396397778753,1.80773361577495,55.1265006918912,"Federov with Biased Sample",152
0.344024202797616,3.44281937352641,63.7227788798685,"Federov with Uniform Sample",153
0.672441355751439,2.41702921736753,62.0772144367502,"Federov with Biased Sample",153
0.338644177240534,2.39858970130184,63.2362676548196,"Federov with Uniform Sample",154
0.672884291993371,2.34941235013145,58.6461854679089,"Federov with Biased Sample",154
0.336564443265145,3.8563935359851,72.366497967047,"Federov with Uniform Sample",155
0.670346253600414,2.49529635192295,62.425759739213,"Federov with Biased Sample",155
0.346821859884511,3.56041548699227,66.8867933596619,"Federov with Uniform Sample",156
0.677895547168139,2.24746145034146,61.6194457593731,"Federov with Biased Sample",156
0.33923481634243,2.74873548504607,63.2076182381856,"Federov with Uniform Sample",157
0.680271261975301,2.17591716158269,55.6358124418684,"Federov with Biased Sample",157
0.353083514504484,4.57717658497198,83.0541684174432,"Federov with Uniform Sample",158
0.667521951461056,3.20293767212189,70.4635467154988,"Federov with Biased Sample",158
0.343492764774303,2.11942664886245,57.193571955723,"Federov with Uniform Sample",159
0.677720755840314,2.77702918510163,63.4783285349196,"Federov with Biased Sample",159
0.34788461651863,3.54293479106233,72.2200629249204,"Federov with Uniform Sample",160
0.665630781412341,2.15958136941382,57.9600338800001,"Federov with Biased Sample",160
0.350920021215131,2.67627341392042,60.2743845223774,"Federov with Uniform Sample",161
0.676224552432441,2.86269173805002,65.5099225036256,"Federov with Biased Sample",161
0.338764192702482,3.38636650968346,69.9578278458316,"Federov with Uniform Sample",162
0.676791151317612,2.23281429716629,59.6653811076518,"Federov with Biased Sample",162
0.336506354965129,3.25252882277843,69.0253587888432,"Federov with Uniform Sample",163
0.67406068781461,2.69544283164948,63.7276220886003,"Federov with Biased Sample",163
0.345972716369087,2.93980431579945,69.052862831827,"Federov with Uniform Sample",164
0.67100028189342,2.0526439740786,55.7467958589716,"Federov with Biased Sample",164
0.350948698991919,1.99222306907847,57.5647109048601,"Federov with Uniform Sample",165
0.679138110957875,1.64547624841663,53.2824365851957,"Federov with Biased Sample",165
0.347398576664562,2.89190185469095,61.7184848137931,"Federov with Uniform Sample",166
0.673901521326179,2.00664806035221,58.0160776680554,"Federov with Biased Sample",166
0.341559269163438,3.4927614079363,70.3988259295151,"Federov with Uniform Sample",167
0.669587612682773,2.37863569417159,60.020197503826,"Federov with Biased Sample",167
0.347053075164238,3.46212049186034,69.2119532823095,"Federov with Uniform Sample",168
0.665081422086054,3.57706889577138,71.5614784659805,"Federov with Biased Sample",168
0.342031584797485,4.41837477705929,79.5966665050065,"Federov with Uniform Sample",169
0.677519527255421,2.69658930022149,60.9701515513717,"Federov with Biased Sample",169
0.343214866218706,4.17719975559055,77.3403403395069,"Federov with Uniform Sample",170
0.669445115057524,2.07325719192059,62.3413463526356,"Federov with Biased Sample",170
0.341561050988541,4.66088822028835,81.0583881036193,"Federov with Uniform Sample",171
0.671313440200046,2.20830989629337,59.8963356984965,"Federov with Biased Sample",171
0.346248974656043,2.4958937572622,57.2109765933501,"Federov with Uniform Sample",172
0.667739650201751,2.43813417532011,61.2444559863634,"Federov with Biased Sample",172
0.350382369337169,2.89079275595687,60.8057382648764,"Federov with Uniform Sample",173
0.676796858707718,2.21827604897863,59.3576706715811,"Federov with Biased Sample",173
0.351021928736532,3.54553997495926,72.6190426860005,"Federov with Uniform Sample",174
0.674551553331234,1.91324947980529,56.1969477067642,"Federov with Biased Sample",174
0.351388315561348,4.40943022753628,82.4639699039006,"Federov with Uniform Sample",175
0.683430310290681,1.60177258345703,50.6585963565217,"Federov with Biased Sample",175
0.349334802499103,3.75580106554249,70.2850513152702,"Federov with Uniform Sample",176
0.672535782911869,2.51528063229427,63.6348819251952,"Federov with Biased Sample",176
0.347287946902198,3.4564797267229,68.163599917916,"Federov with Uniform Sample",177
0.669160628902873,2.49057753137431,58.9002626848215,"Federov with Biased Sample",177
0.342046847522906,3.62054283684651,73.4446953863789,"Federov with Uniform Sample",178
0.666039450061407,2.61216735184701,59.5955644988019,"Federov with Biased Sample",178
0.341917004173534,2.64322903431531,60.3952292088204,"Federov with Uniform Sample",179
0.674859977937291,2.92250986261656,65.7895879666207,"Federov with Biased Sample",179
0.339880359707087,4.14829118475349,74.2712797718425,"Federov with Uniform Sample",180
0.673356568383745,2.18424743918074,60.3796972926714,"Federov with Biased Sample",180
0.348440713955717,2.6993732539446,64.3494804628267,"Federov with Uniform Sample",181
0.672629139327817,2.59172870287944,62.0342657163684,"Federov with Biased Sample",181
0.336656449211415,3.5160433647974,68.4220731441756,"Federov with Uniform Sample",182
0.682779671753931,2.37423773495973,59.1702658836468,"Federov with Biased Sample",182
0.344397356781812,2.86103601594982,60.8555255542995,"Federov with Uniform Sample",183
0.670813663264376,1.36344613198833,51.4435829776237,"Federov with Biased Sample",183
0.34051689120872,2.91593082667917,64.2775029600408,"Federov with Uniform Sample",184
0.671980873392929,1.81688394953527,54.3003918012319,"Federov with Biased Sample",184
0.351403184691529,3.54331988028005,68.5618382268094,"Federov with Uniform Sample",185
0.67241152737096,2.46634304461956,60.368347915398,"Federov with Biased Sample",185
0.336045323996751,4.23145433102245,73.1350949983713,"Federov with Uniform Sample",186
0.674564813679998,1.90257980554733,56.9231244876211,"Federov with Biased Sample",186
0.343655481360393,3.81299270801009,74.2929904157861,"Federov with Uniform Sample",187
0.661844507087666,2.704313263972,63.1879577895029,"Federov with Biased Sample",187
0.341861714996767,2.56590896574588,59.5027361574523,"Federov with Uniform Sample",188
0.679185757407576,2.36419729720174,59.9304209543667,"Federov with Biased Sample",188
0.341043432823358,3.19014431809836,68.8925201687045,"Federov with Uniform Sample",189
0.679786144202209,2.33093462050204,59.4542493129407,"Federov with Biased Sample",189
0.348713121530968,3.60838860651873,69.9533434634159,"Federov with Uniform Sample",190
0.662010908272729,2.12528452783184,59.7058274056407,"Federov with Biased Sample",190
0.340654339328607,2.77961325094752,61.3922830298372,"Federov with Uniform Sample",191
0.682092210936274,2.68899317902279,60.5106345456047,"Federov with Biased Sample",191
0.352942483404486,3.51014190412345,71.6028022872654,"Federov with Uniform Sample",192
0.662250477258135,2.68267679437329,59.753533090296,"Federov with Biased Sample",192
0.342450576169849,4.54936453066346,80.8724906545664,"Federov with Uniform Sample",193
0.67144700704921,2.654462861957,67.1346895440863,"Federov with Biased Sample",193
0.346818614463772,3.85086554582386,72.970679137446,"Federov with Uniform Sample",194
0.67871162804595,2.50401406218315,58.3175331469352,"Federov with Biased Sample",194
0.348642758399383,3.88876711640272,76.3172606677963,"Federov with Uniform Sample",195
0.670003252761341,1.34550900836512,49.6797947401215,"Federov with Biased Sample",195
0.340203063020355,3.31126781806896,67.660762008323,"Federov with Uniform Sample",196
0.667494843623641,2.12088552587253,54.7399306042481,"Federov with Biased Sample",196
0.341548287593594,5.02379778223274,85.2509522627911,"Federov with Uniform Sample",197
0.677565160477814,2.57528801187826,63.6749247959643,"Federov with Biased Sample",197
0.341166495440312,3.19097625956838,66.1148166491051,"Federov with Uniform Sample",198
0.668920441888866,2.4535116860711,59.1096316933003,"Federov with Biased Sample",198
0.34442485175954,2.76825569671699,62.0325567928006,"Federov with Uniform Sample",199
0.67311118081131,2.77345430942699,64.2721514179334,"Federov with Biased Sample",199
0.343866590266464,3.86217618841662,76.261904746978,"Federov with Uniform Sample",200
0.665898454605802,3.23018307895913,65.4815411776016,"Federov with Biased Sample",200
0.34411807625174,3.02763494483497,66.338964770656,"Federov with Uniform Sample",201
0.681942949958291,2.43712236037158,60.604032030071,"Federov with Biased Sample",201
0.35242239275221,3.80678191712688,75.008820791647,"Federov with Uniform Sample",202
0.668365058250593,2.22806911605088,56.7912305846068,"Federov with Biased Sample",202
0.334301646219523,3.05950047234458,66.9928635947288,"Federov with Uniform Sample",203
0.668062215503736,2.30896836974063,57.4889542888951,"Federov with Biased Sample",203
0.347368727458253,3.47970342632896,69.676491598678,"Federov with Uniform Sample",204
0.672327133310845,2.19461491041643,58.8640584745942,"Federov with Biased Sample",204
0.35154823992419,2.55791005776199,62.337408862943,"Federov with Uniform Sample",205
0.669837740707281,2.04160581512291,56.2958722002619,"Federov with Biased Sample",205
0.343657034601382,2.80289994225526,62.850522173996,"Federov with Uniform Sample",206
0.681376800929339,2.31120622908618,60.167404999987,"Federov with Biased Sample",206
0.336189572043046,3.37254842924627,67.990336166343,"Federov with Uniform Sample",207
0.669086737921315,2.11236429119604,58.7891610609875,"Federov with Biased Sample",207
0.346323421350441,4.63209021021204,86.4368088026613,"Federov with Uniform Sample",208
0.672017544381987,2.32177562751147,59.9807326145804,"Federov with Biased Sample",208
0.33286693869271,3.24960722502748,70.010550196503,"Federov with Uniform Sample",209
0.680454909569852,2.27873209574584,57.9523218603735,"Federov with Biased Sample",209
0.335954928817379,3.10873892369681,68.2635104190481,"Federov with Uniform Sample",210
0.663537601240042,2.07245464142189,56.0858208087367,"Federov with Biased Sample",210
0.339108329800716,2.4750952345662,57.4016010698436,"Federov with Uniform Sample",211
0.674898956649607,2.04586582300508,57.7976476780464,"Federov with Biased Sample",211
0.34074388292328,3.54236382514084,75.2755075415315,"Federov with Uniform Sample",212
0.678115647548364,2.22184674260637,56.9121186855889,"Federov with Biased Sample",212
0.34318163833996,3.57028313119594,69.9635310676907,"Federov with Uniform Sample",213
0.67667581910103,2.8184801466872,63.5834862436236,"Federov with Biased Sample",213
0.344256427922581,3.61814739919769,68.7018404858581,"Federov with Uniform Sample",214
0.671934027436739,2.18083187087907,57.6876517344314,"Federov with Biased Sample",214
0.352274312937408,3.22898265239537,68.2524748363543,"Federov with Uniform Sample",215
0.67115970065093,2.26599047458844,58.0154912197262,"Federov with Biased Sample",215
0.340344727488619,2.8357982409298,67.5647596608538,"Federov with Uniform Sample",216
0.675051200372275,2.67564982110448,63.5979279537076,"Federov with Biased Sample",216
0.348946080526594,2.58376814188271,59.522571120312,"Federov with Uniform Sample",217
0.676788636924911,2.27244856493158,55.9429497765942,"Federov with Biased Sample",217
0.338759721032105,3.16038441759831,66.6369167243292,"Federov with Uniform Sample",218
0.666841181612899,2.71639630188953,60.2034073853327,"Federov with Biased Sample",218
0.346569610698422,3.67329009969872,68.7772001508041,"Federov with Uniform Sample",219
0.67300373747158,2.24777471418977,58.3833977938901,"Federov with Biased Sample",219
0.349755321355368,3.15854896312585,62.1876134564201,"Federov with Uniform Sample",220
0.670465890964059,2.05447425044541,59.2767993169041,"Federov with Biased Sample",220
0.347299602505107,3.59595853727587,72.1578090598133,"Federov with Uniform Sample",221
0.669966138774051,2.94892270225192,69.5333765319015,"Federov with Biased Sample",221
0.340276219037916,3.3493676385691,66.6969779251493,"Federov with Uniform Sample",222
0.678744692572234,2.03925028645443,58.3339822552357,"Federov with Biased Sample",222
0.341537535998739,3.78404183417327,74.3889486405324,"Federov with Uniform Sample",223
0.67308429483288,2.40249044508364,60.7632166037762,"Federov with Biased Sample",223
0.343267944874015,2.9786784983322,66.522676292878,"Federov with Uniform Sample",224
0.681446827690764,2.57165058241197,61.2483147930702,"Federov with Biased Sample",224
0.342937496814794,3.67566312187059,73.9531808211058,"Federov with Uniform Sample",225
0.673252356557156,2.084489475487,58.8022037978311,"Federov with Biased Sample",225
0.3425763712336,3.46417928787652,66.8054205418969,"Federov with Uniform Sample",226
0.668481601719954,2.59235275651175,58.7006289666212,"Federov with Biased Sample",226
0.34625895919286,3.00331665340938,64.4256739465383,"Federov with Uniform Sample",227
0.674686056853642,2.18860577613621,55.4207760323083,"Federov with Biased Sample",227
0.332245857519858,2.93237732260131,65.6825964031512,"Federov with Uniform Sample",228
0.669349511079589,2.78732785965276,60.9727586664432,"Federov with Biased Sample",228
0.348529601258838,3.58114854707942,70.9829003306648,"Federov with Uniform Sample",229
0.670882187780028,2.67645662156635,68.2395315422631,"Federov with Biased Sample",229
0.348225868125736,3.37851102423291,66.6858988089435,"Federov with Uniform Sample",230
0.676482583423841,2.36846233017166,61.1293683229964,"Federov with Biased Sample",230
0.346049644311418,2.02147239325229,55.8321986201554,"Federov with Uniform Sample",231
0.67643114061952,2.58865153815831,63.1402534948821,"Federov with Biased Sample",231
0.344137905417833,3.52438543861088,71.7919267615468,"Federov with Uniform Sample",232
0.664644195048024,2.20836967578729,57.623973735172,"Federov with Biased Sample",232
0.344750702980527,2.61094091055387,61.8478440464579,"Federov with Uniform Sample",233
0.677948011713705,3.00623059722283,61.120916538851,"Federov with Biased Sample",233
0.338746957288673,4.13522066427034,80.3047692690525,"Federov with Uniform Sample",234
0.670415342455496,2.71504390055252,62.8718394650985,"Federov with Biased Sample",234
0.336108122680568,3.68006455268152,70.0610890772692,"Federov with Uniform Sample",235
0.679163041592221,2.48986173113225,62.9984188649295,"Federov with Biased Sample",235
0.340853576989631,2.83844544930598,62.4030580548136,"Federov with Uniform Sample",236
0.67082593034683,1.9457815596978,57.5342306231173,"Federov with Biased Sample",236
0.348199127340383,3.11051209114426,65.0919507848784,"Federov with Uniform Sample",237
0.669907612261611,2.25253610444815,62.2724038139186,"Federov with Biased Sample",237
0.340781504457027,3.03920828536334,66.9280795041819,"Federov with Uniform Sample",238
0.668496086776403,3.13692481090368,67.8772939974618,"Federov with Biased Sample",238
0.341853228761764,3.97032799383682,76.9095633334409,"Federov with Uniform Sample",239
0.674463445252662,2.25157556759009,60.5902484804043,"Federov with Biased Sample",239
0.341844466907387,3.898598355737,71.3154573938062,"Federov with Uniform Sample",240
0.677059710624735,2.02319437206608,55.650523324492,"Federov with Biased Sample",240
0.33537567714874,2.98140648017584,63.8960043200497,"Federov with Uniform Sample",241
0.673527274184397,1.47282808370392,53.5077519274766,"Federov with Biased Sample",241
0.346482078643998,3.4708015884798,66.175422665845,"Federov with Uniform Sample",242
0.683650012430361,2.47062718917696,60.2220379129089,"Federov with Biased Sample",242
0.339046234464126,4.27056327264036,77.7295370982799,"Federov with Uniform Sample",243
0.682801612445729,1.86935155154243,55.9063185894052,"Federov with Biased Sample",243
0.341404950403454,3.74870188092734,71.8979924408688,"Federov with Uniform Sample",244
0.667403313835382,2.01281330777451,61.6369508895993,"Federov with Biased Sample",244
0.335134693890586,3.40545128968179,66.506259722057,"Federov with Uniform Sample",245
0.669032357634413,2.42001645535962,57.8296348155321,"Federov with Biased Sample",245
0.35039836764002,3.81906829633622,74.4021358735161,"Federov with Uniform Sample",246
0.675789748627439,1.97897952156534,55.8711079850348,"Federov with Biased Sample",246
0.337230694092717,3.38274494860457,70.7046112618294,"Federov with Uniform Sample",247
0.672488799864821,2.20618171453984,56.8881238906838,"Federov with Biased Sample",247
0.33913278314189,4.33340866571431,83.9810655987384,"Federov with Uniform Sample",248
0.679302698660684,2.43260581079703,57.6008885332619,"Federov with Biased Sample",248
0.342728579336898,3.3193272691055,72.5537645471356,"Federov with Uniform Sample",249
0.676179371364233,2.06639344282425,56.0334571814634,"Federov with Biased Sample",249
0.341956796424246,2.7889649115451,63.7856356824201,"Federov with Uniform Sample",250
0.667881132282632,1.82351630402486,56.7634993758556,"Federov with Biased Sample",250
0.340724355352424,2.95629098624877,69.3883635190134,"Federov with Uniform Sample",251
0.668600839693896,2.57613668876595,65.0904128856171,"Federov with Biased Sample",251
0.339396622500244,2.61780258881896,63.1825847895496,"Federov with Uniform Sample",252
0.670064019437432,2.58629341340977,58.508008420632,"Federov with Biased Sample",252
0.34490621911506,3.81590856045722,76.5849779108976,"Federov with Uniform Sample",253
0.672861070233464,2.25282858006758,62.0439040199142,"Federov with Biased Sample",253
0.34299341385752,3.32212312400203,68.0612479693492,"Federov with Uniform Sample",254
0.67350565306874,2.58410786478948,61.3805676638569,"Federov with Biased Sample",254
0.343699298756491,3.72913205396403,73.407781281183,"Federov with Uniform Sample",255
0.674772470354335,2.51124651597152,61.7063290666034,"Federov with Biased Sample",255
0.345917148967339,3.36425824954719,67.9779046184193,"Federov with Uniform Sample",256
0.677082792120511,1.66038786348847,54.1903613350395,"Federov with Biased Sample",256
0.352362030305441,2.90091446217212,64.7200972649692,"Federov with Uniform Sample",257
0.677524935591936,2.63102204931421,63.3434790064028,"Federov with Biased Sample",257
0.33729103574492,2.84157110940123,61.664383229117,"Federov with Uniform Sample",258
0.667965103957613,2.56770386637109,61.0366861608508,"Federov with Biased Sample",258
0.341194476142104,3.79291367968923,75.2406987598898,"Federov with Uniform Sample",259
0.675445765627003,2.36636443330572,60.3811694255413,"Federov with Biased Sample",259
0.353345231880815,2.86027146838145,67.7051034612472,"Federov with Uniform Sample",260
0.670320852013423,2.33153010627186,62.2789605001027,"Federov with Biased Sample",260
0.341911846539366,3.79450749041107,70.3409571153958,"Federov with Uniform Sample",261
0.681267082387682,2.53719651639825,63.8323550531009,"Federov with Biased Sample",261
0.342689118258073,3.15560572064395,65.1517217971075,"Federov with Uniform Sample",262
0.669186486592924,2.94523201143777,63.0376139947454,"Federov with Biased Sample",262
0.341299198161584,3.4910671111191,71.4348407242699,"Federov with Uniform Sample",263
0.681239886983661,2.25453071694602,55.5922038961855,"Federov with Biased Sample",263
0.346980863296136,3.21299389062099,68.5665412728659,"Federov with Uniform Sample",264
0.683577383062061,2.15249700017112,57.4742863671418,"Federov with Biased Sample",264
0.339851511799269,2.6832262855486,63.4476011688525,"Federov with Uniform Sample",265
0.670727298440248,2.12585023532493,58.7253117536311,"Federov with Biased Sample",265
0.349989567983953,3.50256499362944,68.0994044412548,"Federov with Uniform Sample",266
0.680022675735334,2.65967312627719,62.1563328562177,"Federov with Biased Sample",266
0.344331422271483,2.69758758014252,61.152028103639,"Federov with Uniform Sample",267
0.684403764951155,2.24968005733746,58.676483259705,"Federov with Biased Sample",267
0.337270597195602,2.50382388301024,64.2544475335281,"Federov with Uniform Sample",268
0.670734702667939,2.61839801151205,64.3971495723664,"Federov with Biased Sample",268
0.345446427530675,3.72390040937234,70.6073175945715,"Federov with Uniform Sample",269
0.675300639235588,2.01747536231477,57.4437062239274,"Federov with Biased Sample",269
0.349416711148861,3.33269870120384,72.5757926234898,"Federov with Uniform Sample",270
0.665792473308048,2.65745073015705,61.8903546400616,"Federov with Biased Sample",270
0.335622131476052,4.14966975587318,78.703837450376,"Federov with Uniform Sample",271
0.66921152258588,2.02528773432837,57.8131486946112,"Federov with Biased Sample",271
0.344077121010497,3.85748440782046,71.9869357809873,"Federov with Uniform Sample",272
0.669864355410465,2.47544718221251,61.542026128522,"Federov with Biased Sample",272
0.341301685551718,3.52259080856531,69.4546446564844,"Federov with Uniform Sample",273
0.677703052717808,2.28077147100944,59.2293934623681,"Federov with Biased Sample",273
0.343177687931993,3.13652158457385,66.5042643655461,"Federov with Uniform Sample",274
0.672043296374954,2.386267994103,62.0541358333726,"Federov with Biased Sample",274
0.346248625133234,4.62717999972461,86.461309652213,"Federov with Uniform Sample",275
0.694441009762247,2.3414695687541,61.5020039968399,"Federov with Biased Sample",275
0.34787041600013,2.92345563692186,64.6452234888407,"Federov with Uniform Sample",276
0.6676063989687,2.50977521774659,58.7823010285772,"Federov with Biased Sample",276
0.348667535019399,3.20364093403563,67.8345226296387,"Federov with Uniform Sample",277
0.673175702674488,2.19244046175592,56.3838881966753,"Federov with Biased Sample",277
0.348024739551488,2.64203398142882,61.312259138979,"Federov with Uniform Sample",278
0.671545025528033,2.42293235540834,59.7646860434065,"Federov with Biased Sample",278
0.3478080780908,3.46899492238299,69.6325678826835,"Federov with Uniform Sample",279
0.679648278026116,2.11234988700902,54.5736113891843,"Federov with Biased Sample",279
0.349045164018793,3.9520969830203,72.9444189700552,"Federov with Uniform Sample",280
0.672325375423083,1.75166916695938,56.6605907738567,"Federov with Biased Sample",280
0.343019433917092,3.6044945570442,71.400994623706,"Federov with Uniform Sample",281
0.665135483726656,2.62987858826297,62.8214208373061,"Federov with Biased Sample",281
0.351051362790641,4.2803570553367,80.1058925965292,"Federov with Uniform Sample",282
0.664094745989518,2.13667153499831,60.8187196620327,"Federov with Biased Sample",282
0.335172443573095,3.03560933705261,64.9772154738598,"Federov with Uniform Sample",283
0.674427851996602,2.39957039936814,60.4125076977674,"Federov with Biased Sample",283
0.349554565157863,3.05617650811106,65.7646481482965,"Federov with Uniform Sample",284
0.675782744326972,2.19968266766985,58.7566426987466,"Federov with Biased Sample",284
0.344414971698471,4.27871732355637,80.1620044768864,"Federov with Uniform Sample",285
0.676534031907539,2.119479027229,54.5703483330005,"Federov with Biased Sample",285
0.347145700954983,3.98383269907539,75.6678668101841,"Federov with Uniform Sample",286
0.66757899960693,2.71400861066281,63.0673484440694,"Federov with Biased Sample",286
0.342167197187231,3.07750432190562,65.6585766164209,"Federov with Uniform Sample",287
0.670389194237001,2.46841382864735,65.446725803014,"Federov with Biased Sample",287
0.341063996538923,3.01755737236114,67.1630744837648,"Federov with Uniform Sample",288
0.679922986965831,2.61896075863738,61.4842108536001,"Federov with Biased Sample",288
0.344213840212149,3.60609368691573,68.8188816992067,"Federov with Uniform Sample",289
0.670498263318139,2.53951673307965,59.9419548397441,"Federov with Biased Sample",289
0.349707771024628,2.608069621895,63.8999990657638,"Federov with Uniform Sample",290
0.675330855871219,2.33260041455635,55.5399210449958,"Federov with Biased Sample",290
0.346002023341204,2.84242119443056,65.8448882372367,"Federov with Uniform Sample",291
0.674636838400906,2.249994169147,57.3390073433247,"Federov with Biased Sample",291
0.343012765522632,3.41117867748269,71.2416614566565,"Federov with Uniform Sample",292
0.687292820770566,2.02289996177053,55.0802921670412,"Federov with Biased Sample",292
0.347601984493902,2.88407087830295,62.6585583357683,"Federov with Uniform Sample",293
0.686119589027519,1.86684130316275,53.2094167811414,"Federov with Biased Sample",293
0.34721116571074,4.18288661044235,78.8585251531933,"Federov with Uniform Sample",294
0.668377140538564,2.49493782683642,59.5522156437472,"Federov with Biased Sample",294
0.344684036735096,2.21460425855986,58.3346742989277,"Federov with Uniform Sample",295
0.680231782074533,2.03554527061129,57.2442134867711,"Federov with Biased Sample",295
0.344735165046312,3.11565004960258,63.1567588323507,"Federov with Uniform Sample",296
0.679397813263205,2.89723315232669,63.2997142478781,"Federov with Biased Sample",296
0.343822783918773,3.36180946604494,69.2510708499966,"Federov with Uniform Sample",297
0.667941568281811,1.86297524834975,55.9593200900829,"Federov with Biased Sample",297
0.346181036380733,3.44998346459618,69.3134542515586,"Federov with Uniform Sample",298
0.667597790370711,2.06444319293129,59.9661180005441,"Federov with Biased Sample",298
0.334423131065004,2.49061117702165,56.232454838164,"Federov with Uniform Sample",299
0.674912156904711,2.47945299586491,60.3589347932193,"Federov with Biased Sample",299
0.342687575567034,3.30562295983096,72.6183113462166,"Federov with Uniform Sample",300
0.668757072699138,2.3562696925989,59.7076028525771,"Federov with Biased Sample",300
