"D","real_coefficients_prf_sum","noise_coefficients_prf_sum","coefficient_distance","linear_fit_distance","linear_refit_distance","names","id"
0.0835124583271776,7.83472237418502e-11,6.41427351938466,0.386079462303169,3.69196225982785,4.03121590573844,"Uniform Sample",1
0.092602732767389,2.59845956965913e-08,11.1000580212971,0.561748947696588,5.68295185123443,6.17200142509707,"Biased Sample",1
0.0874627039142461,7.22901126199453e-10,4.70809155947553,0.261220571349227,2.32003349019334,6.182664820309,"Uniform Sample",2
0.0865232712488186,2.43296806176192e-07,15.9016917782227,0.38308615155767,4.06192246806375,5.65840196169601,"Biased Sample",2
0.0892851527882854,5.19307847571457e-10,7.47769493461357,0.292503592796051,3.23218748285413,5.3930470975939,"Uniform Sample",3
0.0922538354756486,1.44817161843931e-05,9.0329551927836,0.411963635422917,4.59459046926821,8.74669246064163,"Biased Sample",3
0.0861816379579995,6.9309193985494e-13,8.75721315158202,0.319018540321482,3.05259483420303,3.04062519238015,"Uniform Sample",4
0.0899321460682154,2.01917959592699e-08,11.4145688559669,0.784026590962914,7.9777362411798,7.53640037733082,"Biased Sample",4
0.0881147747944965,3.0540579812618e-15,5.90328836185161,0.18180018515759,1.94663570909362,4.11603200735251,"Uniform Sample",5
0.0930497057548374,3.76642793318094e-12,15.7223711229377,0.503278656851037,4.62725748532297,10.3500750111601,"Biased Sample",5
0.0877415233809977,5.00989831844209e-12,5.43653036239302,0.320763248357334,3.05450467025847,3.86192922984077,"Uniform Sample",6
0.0908546744384975,9.52639846966411e-10,10.1060706330848,0.370400988302179,3.87558241014249,9.69994356166777,"Biased Sample",6
0.0895888379316189,6.77352218438403e-12,5.47606087909108,0.27004902220533,2.67650649669173,6.08764356075701,"Uniform Sample",7
0.0949816318940817,9.13753694801304e-10,8.82521713547581,0.295449111900813,3.37723552169335,10.251849885274,"Biased Sample",7
0.088743144084009,1.52997061306114e-13,6.58770607507127,0.276583101753481,2.88034108139198,4.09305472504027,"Uniform Sample",8
0.0893118564581507,6.40948891673329e-09,6.54002385997149,0.63021148592798,5.75880806538919,11.0831662269118,"Biased Sample",8
0.0920605981869494,3.3669326960191e-16,2.86463755002503,0.217830476700979,2.41495080310154,4.5933556772718,"Uniform Sample",9
0.0928898861334597,4.58163572902928e-08,8.0749152598649,0.345735648597878,3.34731899519113,14.9159405776325,"Biased Sample",9
0.0871871164504467,8.80450457133099e-13,5.19447916291359,0.270293157728285,2.6958234703605,2.69580399345905,"Uniform Sample",10
0.0972316589408767,1.41471489697853e-06,12.9966741128944,0.365927439195829,3.51962490435931,10.7343016685286,"Biased Sample",10
0.0872032531541118,1.58245771388425e-08,10.4148219979612,0.300366344481775,3.04304236429093,4.6532763327211,"Uniform Sample",11
0.0894119966259422,1.50418711030942e-08,17.9201684782472,0.73235709782709,6.82877370186474,15.3875121174513,"Biased Sample",11
0.0869542241204795,2.74156296218794e-08,7.66747749039564,0.331740881259854,3.14708820888617,2.57279176455789,"Uniform Sample",12
0.0948636039299083,6.45891739097292e-06,15.2019254765637,0.572825527312267,5.21263190934934,7.79452017758325,"Biased Sample",12
0.0888284710063098,1.62045008567021e-10,8.5789739488788,0.297462408813883,2.90229055003648,5.39263650878621,"Uniform Sample",13
0.0935448456744255,1.7511129032229e-07,10.4427799538555,0.817294862671307,8.12272013900122,8.27017721208635,"Biased Sample",13
0.0853346520010388,1.37257052430984e-09,7.6092665732979,0.273171234848291,2.70230232206446,8.44628517717862,"Uniform Sample",14
0.095662254088493,7.47344164266532e-07,16.1969874465076,0.50307998068957,4.86157222963903,8.70628244566294,"Biased Sample",14
0.0881899958123423,1.95407316817632e-11,9.74364511356533,0.193923558314209,2.14969367261004,8.26631454533858,"Uniform Sample",15
0.0925289980165488,3.2202604244894e-09,17.8459003385797,0.489898592364235,4.35812394963548,18.4778952718768,"Biased Sample",15
0.0884996047963572,2.42430745437053e-12,9.49428942036577,0.196356113281,2.1203187018124,2.51465119251933,"Uniform Sample",16
0.0924459753948002,5.21647763058193e-12,10.2500942315994,0.328663407801136,3.07973646402059,8.89760411176555,"Biased Sample",16
0.0895566014444973,1.34816247232864e-10,2.7015058161381,0.218058849647628,2.15049777383002,7.00958810855432,"Uniform Sample",17
0.0897619488837161,3.69204505915511e-06,8.10076289731654,0.74495075988012,6.86448058013116,8.34158779551635,"Biased Sample",17
0.0866999731138706,5.01136475166508e-09,9.09460335937554,0.323724370024899,3.0060862026656,6.0310570940298,"Uniform Sample",18
0.0948648894857566,1.297068334499e-07,15.7696263110129,0.418088661857021,4.00331162065246,10.8252134187939,"Biased Sample",18
0.0888790004403503,7.92257687489055e-11,4.12743355210646,0.276598304510407,2.60242117753545,2.60783770454085,"Uniform Sample",19
0.088223578156809,3.71470618803955e-07,14.0826066619728,0.448509879300995,3.77477471903013,6.21505599674846,"Biased Sample",19
0.0918137344618125,2.99641588884262e-12,7.18920964277493,0.284342783764857,2.8457918393447,8.82742664717111,"Uniform Sample",20
0.0972993769128057,1.73852905911678e-08,11.5362921035583,0.840470219076352,8.15943389541268,9.61862320688378,"Biased Sample",20
0.0856123854735083,1.09003465444396e-10,8.42031239617292,0.358109131301273,3.61041691106487,9.97535306264648,"Uniform Sample",21
0.0979238034991485,1.99755216434489e-10,8.19858227844573,0.51009076546957,5.00270548391215,5.42914949911945,"Biased Sample",21
0.0839461968637462,4.36172823424531e-10,7.94075161272098,0.468049068909457,4.1218148023682,10.6357988072481,"Uniform Sample",22
0.0926848764406343,1.52401391739876e-08,12.812903539713,0.280028859139365,2.92171500051246,4.85452191227292,"Biased Sample",22
0.0861656397491503,8.98305651677877e-12,5.04203378033386,0.280460970999486,2.84912320593187,2.91013195775835,"Uniform Sample",23
0.09347914097638,9.42611807891178e-07,12.7864694967989,0.238167816934429,2.42838702527902,7.69674234447426,"Biased Sample",23
0.0896906251113688,1.27580565726513e-10,8.12434835478239,0.251790260770988,2.34705023162223,2.46073368413544,"Uniform Sample",24
0.0950720368668024,1.34070522376208e-07,4.23617775609396,0.460374879304006,4.5032143432063,2.58740736409215,"Biased Sample",24
0.0928980493847978,4.8654193412642e-12,7.18667572508488,0.406230520143353,3.4324899325658,4.21208416056579,"Uniform Sample",25
0.0976911355499257,4.89348460676801e-08,20.4173690984173,0.501543942035091,4.94169203909059,4.77159983283109,"Biased Sample",25
0.0839670270336295,5.37934717934088e-10,10.6284563008386,0.309922355759802,2.94863653383024,5.45243376017479,"Uniform Sample",26
0.0942476616936594,3.02302170581098e-07,21.3187519018205,0.247434757555798,2.71574732195483,6.89573740372989,"Biased Sample",26
0.0880898652582717,9.50012376730811e-13,10.2002691791614,0.221819748997596,2.35685757909055,6.72200832999888,"Uniform Sample",27
0.0944452535805113,9.1425122727617e-14,10.6436635815058,0.392617529804748,3.63884368175175,3.31789384161425,"Biased Sample",27
0.0878869616167172,1.59714510361546e-09,15.0445848311547,0.217105919516634,2.32551091867436,6.16367476822826,"Uniform Sample",28
0.0930306266316381,3.30632382952631e-07,16.8094244489059,0.420032111692814,3.94084741502944,6.08729244038303,"Biased Sample",28
0.0894741479681473,6.94849594804612e-11,7.34034635158977,0.435477618014583,4.08352884286326,3.70574851811695,"Uniform Sample",29
0.0910181434970664,2.41414430730485e-09,5.06324872592532,0.257976012879531,3.16171222828373,6.64977722418268,"Biased Sample",29
0.0847511562217536,7.51149948358219e-11,10.7201949155728,0.231210336814005,2.17953591753733,8.74486067631909,"Uniform Sample",30
0.087683978552015,2.51798395008676e-07,17.649679535559,0.619513092136221,5.58868180268753,8.59396914153794,"Biased Sample",30
0.0902889385267368,5.3654746766148e-13,5.39745063071967,0.228393557605192,2.27929178744603,2.46266685257441,"Uniform Sample",31
0.088587651703684,4.21037650679248e-10,9.86751638229249,0.53710673640905,5.35194057289687,18.339586570662,"Biased Sample",31
0.0894697906501212,9.14927852769936e-10,11.9354091117208,0.217830898076485,2.59958838774485,9.92176147358734,"Uniform Sample",32
0.0921175393087181,2.05014987596246e-08,14.2882705600303,0.638014197616168,5.82798865635387,7.9680664404632,"Biased Sample",32
0.0830862501466596,1.19780886095192e-09,7.28625211266471,0.280473009299207,2.72588107134198,4.33018499287206,"Uniform Sample",33
0.0957466053321305,3.41302757873775e-09,8.43407901381088,0.258922345649789,2.91003507830788,8.17248639170703,"Biased Sample",33
0.0822881934821779,1.52264479578715e-14,6.46885122817724,0.409348228524284,3.53419360914678,2.98170735241523,"Uniform Sample",34
0.092733885526872,1.51574045189698e-09,11.1293374625691,0.391248825498369,3.78309056539313,18.7087936278814,"Biased Sample",34
0.0872659549159719,6.04019971041517e-11,7.60477352895968,0.208668551947419,2.15854159180365,6.73260577097376,"Uniform Sample",35
0.094070544413911,2.47926968714333e-09,7.96459022243768,0.799230631878427,7.99470489914229,18.3138716655158,"Biased Sample",35
0.0851593039654911,2.89322380549685e-12,8.2991216953887,0.298792047118099,2.81829692440861,8.40864467453522,"Uniform Sample",36
0.0894122418769098,5.82519226500008e-08,16.0697376588658,0.393985517929003,3.93981309489659,13.9637529071038,"Biased Sample",36
0.0870373285503929,2.19746746158769e-10,11.8949523023959,0.304749187024116,2.87998692743958,4.80847912656586,"Uniform Sample",37
0.0957505906958322,2.39402134837096e-09,12.4002458286207,0.388972709001682,3.42936895278466,15.9473174291083,"Biased Sample",37
0.0868633151176971,9.83505486512359e-13,9.91075587740142,0.211901591503066,2.20370486127149,3.77679643116291,"Uniform Sample",38
0.0974769070170372,1.27538058690876e-07,13.874303695804,0.29778261082791,2.92663913821735,8.410140868188,"Biased Sample",38
0.0845980217488579,1.81739475074605e-09,9.89629785754163,0.289462097057104,2.8163185604727,10.575756745245,"Uniform Sample",39
0.0955143206594492,2.8152613618079e-06,16.4358589782938,0.476476751956779,4.24585320300041,5.81294540858269,"Biased Sample",39
0.0864984933688035,5.43682722967728e-11,10.2820407775112,0.261034730831817,2.38515417836704,6.71464116305247,"Uniform Sample",40
0.0906776985358486,6.7307395250888e-08,17.3395704321573,0.516167936130167,5.18497572148915,14.1237058243469,"Biased Sample",40
0.0812498856282529,3.35010724444811e-11,9.26527481823581,0.226640381159073,2.42364533653434,9.21187956823979,"Uniform Sample",41
0.0924455953243394,2.55500629243731e-11,8.46252625903773,0.406368327189741,4.44164218971915,10.4735605097801,"Biased Sample",41
0.0859789190909148,1.25833639407196e-08,14.4582218868844,0.342175598931458,3.40184311147589,8.51977426446267,"Uniform Sample",42
0.0940312872898471,4.57348658813186e-07,15.4049053224441,0.716074945549493,7.14210290156409,20.049215957838,"Biased Sample",42
0.0870082764431892,2.31908960294196e-13,7.31524759356019,0.20660335814563,2.09275397298316,2.52835716756979,"Uniform Sample",43
0.0944601188412226,8.11009865952444e-11,9.07398352125072,0.251627785257078,2.51858490922611,4.66454084326802,"Biased Sample",43
0.084831953245129,1.11697691046753e-13,7.82005897133723,0.325092698508071,3.05456700324324,5.30592152839953,"Uniform Sample",44
0.0940038179306282,2.85129939910405e-10,9.09816155588817,0.420223477250614,3.92719238580683,7.4381674173793,"Biased Sample",44
0.0856730589744153,1.46751503084854e-09,12.9219185103469,0.245973371833787,2.47437272903543,5.13300439280618,"Uniform Sample",45
0.0870284901009456,1.31605653317627e-09,8.80461812776534,0.229542422201436,2.50607882269286,7.2031865683273,"Biased Sample",45
0.0814727175674346,6.71324488515426e-12,5.34071317819709,0.264351624917822,2.47634735772178,32.5513893998181,"Uniform Sample",46
0.0911496614556076,7.2405271235575e-10,12.1199357375732,0.55479603278016,5.95523096875229,4.19875634314177,"Biased Sample",46
0.0847677592257867,7.65832643822724e-10,7.15078113279283,0.271316387126712,2.46113879030922,6.85078945938455,"Uniform Sample",47
0.0887839593843718,3.36937142701075e-07,19.5948997569501,0.587993581693771,5.60072262476976,11.7177952091785,"Biased Sample",47
0.0882611116257313,1.11063636313877e-12,5.15971070379471,0.240053840562081,2.18826896449113,5.78784025527746,"Uniform Sample",48
0.0908091020372578,4.13183304039633e-08,17.9123523460795,0.304452017221829,3.25727114825755,9.323169414626,"Biased Sample",48
0.0838459598901879,2.37286793455776e-10,8.65508297073914,0.489955197878248,4.28199214634003,4.08247756142858,"Uniform Sample",49
0.0957719466134736,1.01891142789494e-05,14.7421032167854,0.789742017470008,7.48178333484072,9.17964836100961,"Biased Sample",49
0.0881989177917353,9.26502604236651e-15,6.0608964239719,0.223350263172372,2.11716767132037,5.83240464177138,"Uniform Sample",50
0.0919458993320786,4.75335362655181e-08,16.7482215135813,0.416924165400792,3.87637902127938,7.72242453477466,"Biased Sample",50
0.0882592393721032,2.81540100989846e-13,7.27012832571843,0.225630293501998,2.44423722993044,5.8989451897317,"Uniform Sample",51
0.0938215106396679,1.50847438383559e-12,11.1304495839221,0.378396628481632,3.64434435828718,8.19066316963894,"Biased Sample",51
0.0850156759252396,8.14058811762757e-09,9.4005036943029,0.275199151164983,2.55657361378616,3.23807145888068,"Uniform Sample",52
0.092806504849718,4.06253095626298e-07,9.61250796911746,0.915472969878709,9.12675087497866,11.0201336266914,"Biased Sample",52
0.0874569783958458,5.74578194453785e-10,5.4817685616708,0.38391217550681,3.88321040283441,5.07944784415585,"Uniform Sample",53
0.0932410080791267,5.22661411617156e-06,12.1868463678822,0.73187424178785,6.25725087349692,42.392562025773,"Biased Sample",53
0.0852169668433508,1.35297655561177e-09,11.9830559060712,0.190800349673697,1.89037028846242,9.05764045060455,"Uniform Sample",54
0.0954985663604101,8.58569479145576e-10,9.66394981884437,0.455814710873867,4.43643610783727,3.78808807800528,"Biased Sample",54
0.0892636953796742,1.07996832124349e-09,9.76302585345678,0.267762745885737,2.87205577092841,7.10829561279101,"Uniform Sample",55
0.0924286587239763,3.93368423921942e-08,14.9833721268493,0.463469423499341,4.89261322833599,6.44733481643152,"Biased Sample",55
0.0876006303642575,1.47980715997304e-09,7.88044345049385,0.276698282684246,2.5540040374611,5.46655679511104,"Uniform Sample",56
0.0892114766925128,6.05412000532929e-05,10.0637435413566,0.838300441172216,7.87253801300565,7.50315140234302,"Biased Sample",56
0.0872684802162779,2.22816705297349e-09,9.746303216044,0.389706494205185,3.56184404873577,6.38540292369121,"Uniform Sample",57
0.0985440478817107,4.37739703856913e-11,8.48797740767723,0.311446929046824,3.14646456805579,7.45804219795027,"Biased Sample",57
0.0835616175647161,5.33621186215914e-07,9.64142489856012,0.288278171202547,2.78135731202113,5.53959969425571,"Uniform Sample",58
0.0935432052282704,4.14590916567995e-08,11.9760472781923,0.739818440464311,7.24106008209485,68.7621180340835,"Biased Sample",58
0.0842636356566385,9.0323374854842e-11,7.23806452898711,0.348007222696156,3.33171851476971,4.19144577888305,"Uniform Sample",59
0.0929598581121383,1.22402416224094e-09,11.5607344015087,0.494072273000441,4.83167569776128,5.56505229156482,"Biased Sample",59
0.0912487496522238,2.8225879330955e-08,9.44954652586832,0.19181795348963,2.03455585171158,6.39112521263159,"Uniform Sample",60
0.0889936080330622,5.32397141756454e-08,7.68596038558339,0.470079372585518,4.12942976372409,8.39195425684457,"Biased Sample",60
0.0844957250787026,4.58487834296854e-15,4.11687071062676,0.379950392456046,3.4619899734535,3.45309329638635,"Uniform Sample",61
0.0910596796618846,1.34744935966245e-09,13.8237711698781,0.328917432789782,3.67613574745745,80.1485473466761,"Biased Sample",61
0.0855962009444673,8.6952533030331e-12,10.4170780217973,0.318403811189786,2.80312119920218,3.65693608008178,"Uniform Sample",62
0.0861545960238528,2.86539592852217e-08,11.0522616625613,0.639596825089431,6.07023234459606,8.741253921418,"Biased Sample",62
0.0868808675059279,1.91313788380187e-09,4.15585079551717,0.258211509539041,2.45958712377002,5.59019399995694,"Uniform Sample",63
0.0935309065498407,1.61109281815389e-07,8.45081310934712,0.363395223391523,3.70467712125646,9.54473318146083,"Biased Sample",63
0.0839466669099282,4.51962495891257e-12,4.66432440852781,0.306893693069491,3.26350585984827,5.94495599301074,"Uniform Sample",64
0.0936810379344735,2.39262013564384e-07,15.8142269804885,0.634472911249589,5.79621864704194,8.87233642748143,"Biased Sample",64
0.0892372882361729,2.29184553046544e-08,8.93717511468525,0.28205528440667,2.60758336463238,18.3459311638566,"Uniform Sample",65
0.0954742675185092,7.1608576781113e-10,7.7226151460746,0.6319462816035,7.26483412788132,5.21794846358087,"Biased Sample",65
0.0835562692095018,4.50557361424984e-10,9.56285860704632,0.267045347461805,2.48039029712866,3.31543562152957,"Uniform Sample",66
0.0933523219785642,5.39732891220949e-06,14.1230991298059,0.377537503478816,3.61409892288273,8.26097166083217,"Biased Sample",66
0.0878782506500714,6.62219117226457e-12,11.814522346855,0.245415619360949,2.33342236905833,12.391220142088,"Uniform Sample",67
0.0920958688434991,1.22529213922646e-10,8.12667791458106,0.456237390665086,4.98347136817532,5.69742199053415,"Biased Sample",67
0.085224034298121,1.54682437894765e-11,11.8914264116455,0.489364302214692,4.1858544074497,7.83542113139149,"Uniform Sample",68
0.0898219682206771,3.71215962400312e-08,19.6682864911545,0.716805347735832,6.71692218337474,10.7855681918046,"Biased Sample",68
0.0818682089001762,1.29359050031633e-13,9.83669590834936,0.32266921693847,2.88712689957164,3.92763954313493,"Uniform Sample",69
0.0938068075728975,2.77074606768672e-08,16.6740576116636,0.456945165691857,4.60486112211613,5.95182216045894,"Biased Sample",69
0.0867157217241029,7.54224278371459e-11,5.75743758606867,0.218684673426984,2.2335238533005,2.74372323796917,"Uniform Sample",70
0.0911454353531499,0.0377969485310133,19.5349718327815,0.937207048033012,9.11021682047918,10.935586327472,"Biased Sample",70
0.0897117127654682,2.20720837658946e-09,9.05011266366528,0.375957193653689,3.66707714119435,4.56303644293397,"Uniform Sample",71
0.0889786592961113,4.35210824096644e-06,13.965992581959,0.419715037230773,4.19827047274752,4.12993162689355,"Biased Sample",71
0.0873620890020438,2.01988993042005e-12,5.27412909216616,0.276919257165699,2.86798568012305,5.13682754011598,"Uniform Sample",72
0.0925118973602716,5.75372808766412e-07,20.0060644208964,0.319902117970117,3.47146039505639,10.4138262262675,"Biased Sample",72
0.0902633631040976,1.0614182363979e-08,4.07681219840689,0.24466016153854,2.10550126680478,4.14362648987296,"Uniform Sample",73
0.0921897264512589,1.42476354670655e-09,13.7095459289089,0.624733579543117,6.71034744647417,7.5379877972217,"Biased Sample",73
0.0876181137435468,7.90472949568275e-11,6.65760023661771,0.164928151739974,1.83842791152176,5.11278062819791,"Uniform Sample",74
0.0968908151615086,9.21742061857679e-08,17.6006235011025,0.202088665263953,2.22272868049832,9.54917932355668,"Biased Sample",74
0.0889251540234878,8.65411383743539e-11,9.38335820375639,0.197250142218688,2.14410896506093,5.23220543030524,"Uniform Sample",75
0.0899533255334305,4.79071724598e-07,7.23881284148486,0.581026283117118,5.32698453377882,8.00716538435385,"Biased Sample",75
0.0871667841374457,7.3596293095814e-14,5.87818182610918,0.178978346293907,2.02903224344342,4.97603639760518,"Uniform Sample",76
0.0938715010321778,2.40092621189998e-10,12.4628001962993,0.32572776868946,3.21316598028988,6.26424879031444,"Biased Sample",76
0.0848557214545913,8.74654358439965e-12,9.80405908377886,0.172235549208683,1.87639168749873,7.15329627722191,"Uniform Sample",77
0.0894100419635377,2.93159343562068e-12,12.6215964981381,0.475061659789104,4.62704687983977,5.4553365676131,"Biased Sample",77
0.0893444780403734,1.15290996193334e-11,8.92345242902942,0.245978125381425,2.44712529355383,8.01354666236454,"Uniform Sample",78
0.094692153080012,8.98923549414418e-08,13.8576213729277,0.510581213525599,5.15766474831325,11.4099537100489,"Biased Sample",78
0.0919038684918307,1.8262653160434e-12,6.73127130795078,0.307064192043,2.98303232210724,7.09795652721262,"Uniform Sample",79
0.0950531965857985,4.14162778097908e-07,18.4082209831943,0.273705162051826,2.77389980145186,15.901250953612,"Biased Sample",79
0.0877323387428643,3.14389861639704e-12,7.54270721358917,0.252061938825603,2.52918586872268,2.79332599187729,"Uniform Sample",80
0.095008004966299,2.75862907022190e-09,15.6250219455355,0.387279306732779,3.94806110935998,3.7544011245866,"Biased Sample",80
0.0868805607966194,6.79257507648452e-16,6.5737253166116,0.269784166652932,2.53635470665611,2.94336804077536,"Uniform Sample",81
0.0947655780226662,9.3972441036113e-10,15.1702012987093,0.664823975439424,6.53358728094241,17.4688311428113,"Biased Sample",81
0.0878510980758815,1.93469775011959e-09,4.78931618094171,0.300701111192822,2.63068969766354,5.82309894286804,"Uniform Sample",82
0.0887512415777528,2.93856592375235e-07,12.3133575623456,0.585247634903538,5.69008113084735,6.70915181415309,"Biased Sample",82
0.0861470939307006,1.30343744022505e-12,4.45564153481473,0.244264581667856,2.48883433090452,4.20957291337835,"Uniform Sample",83
0.101310352760192,1.38889017608226e-08,15.8719350399712,0.323735431546819,3.1776494614831,17.5971212234797,"Biased Sample",83
0.0873844893396548,2.62688755137136e-12,6.02116209279235,0.4527895231112,4.19713142856475,4.20057839183154,"Uniform Sample",84
0.0977434414983769,1.89376882614274e-08,9.23386541490383,0.363961225816985,3.55484464463611,4.28068985548808,"Biased Sample",84
0.0879360032327837,1.05002068960625e-11,9.30553898795346,0.294048023108962,2.68816120212533,10.39822136562,"Uniform Sample",85
0.0968591979766466,2.68314421726354e-12,5.73805057761545,0.474787847416764,5.26133444769689,8.41616675602343,"Biased Sample",85
0.084721731611172,1.71180931651774e-11,8.27067169150527,0.298353082314389,2.85860080888597,7.27553526228013,"Uniform Sample",86
0.0947660275799933,9.71813289917268e-08,7.69545366527718,0.767046773750222,6.95282810553229,8.2873847122725,"Biased Sample",86
0.0911001420686543,4.56456474589405e-10,10.3272160426843,0.241124635281362,2.29640825427456,7.62732911974618,"Uniform Sample",87
0.0875703960499152,8.54584249040227e-05,20.5075946211544,1.21228139471028,11.1870067269744,17.9737259907425,"Biased Sample",87
0.0861468644444872,4.5665557362677e-13,6.15316475982362,0.470158054739827,3.12984801207072,6.06773394012975,"Uniform Sample",88
0.0937961419208841,5.62188891441753e-11,6.51595170251834,0.578290879781567,5.1124433357693,11.4590161578463,"Biased Sample",88
0.0861723255480263,1.79174431096286e-13,7.60336273471591,0.428462813189667,3.96903765162007,5.0170344072483,"Uniform Sample",89
0.0870561750006844,2.96812307958223e-07,11.1979533391636,0.815797366955667,7.1242512234368,13.4613497363057,"Biased Sample",89
0.0903895182794394,4.78772914730238e-12,8.26266844841768,0.217125377565092,2.18334402264108,5.01756420013962,"Uniform Sample",90
0.0949820751396689,2.64704997759184e-08,15.8891113378949,0.37084097240622,3.7709816389926,17.0080712390028,"Biased Sample",90
0.0870045958086468,2.3202992667903e-11,12.6787679443504,0.392317509763866,3.65180958135977,6.63210898168957,"Uniform Sample",91
0.0921035557498038,5.04709365999984e-09,6.85287083009597,0.462602573574434,4.28028476425828,5.71260820375225,"Biased Sample",91
0.0898237074668189,5.69232285429828e-11,5.81635805102753,0.217538645066594,2.2016004591035,5.84041012818734,"Uniform Sample",92
0.0939712687267794,7.40745571828081e-05,14.2811594918238,0.457343748447699,4.8266478640058,14.9036145488222,"Biased Sample",92
0.0868402786008844,8.22813360619803e-10,10.5553291816405,0.208189018233209,2.02156896471708,26.2272931715169,"Uniform Sample",93
0.0913979761213218,7.60286218336592e-07,13.8119787619132,0.477900223741188,4.71281772369292,13.4241685011008,"Biased Sample",93
0.0875074660109185,3.83160155624501e-11,12.7438927224423,0.177512471573615,2.00864851961344,10.4042891429403,"Uniform Sample",94
0.0912262436384231,7.75695450321421e-09,9.70507426910091,0.967210594462437,9.15602206905346,23.625304387822,"Biased Sample",94
0.0827046597950835,2.23945604083545e-15,2.6551731212039,0.229080143309851,2.37010667643847,3.57718536521973,"Uniform Sample",95
0.0897903030364184,1.42297019324406e-10,12.2058567809537,0.485951233147266,4.78426192960648,10.4006125528026,"Biased Sample",95
0.0853733968578666,1.52237835165026e-12,6.5611101337549,0.265397652344755,2.68411571066027,13.8092420396184,"Uniform Sample",96
0.0931049638481082,5.84621690300305e-07,10.416031955989,0.681351586399594,7.47405487613041,4.2862242924029,"Biased Sample",96
0.0900148621671319,6.53921426349348e-14,7.95529801590412,0.228498578849867,2.28821440285725,4.20792471661801,"Uniform Sample",97
0.099662480798508,8.29651518248051e-09,14.5345518322513,0.574037474060454,5.11705799280208,4.75243873840111,"Biased Sample",97
0.0838738460792913,5.16597152995813e-13,6.79583763553491,0.300625290126185,2.72063670100534,4.55314574912382,"Uniform Sample",98
0.0926824092327452,2.42965815423027e-07,12.0117787567039,0.9813092429779,9.30565383079553,6.86815418531967,"Biased Sample",98
0.0909089029670833,2.13339760826737e-10,11.1337168327935,0.247905574748368,2.57200671677099,5.86118121113462,"Uniform Sample",99
0.0944317458091516,3.78626400629002e-08,14.502726897298,0.317996416491583,3.07640520401364,8.07897914719871,"Biased Sample",99
0.0891398726269202,1.81142460915532e-08,6.48712296807496,0.199194105480398,1.94296218989798,3.71356276440673,"Uniform Sample",100
0.0948230433117804,1.18165140762388e-06,10.2133579636695,0.57769601431053,5.59442532111998,14.3750402884413,"Biased Sample",100
0.140353799497595,3.51874249630908e-12,4.25291272057796,0.194384630928568,1.97347349274226,200.892261196978,"Federov with Uniform Sample",1
0.205492235519048,9.66693778314378e-16,0.691048244560334,0.13751023834832,1.54357003440151,200.778716902077,"Federov with Biased Sample",1
0.141056087188637,4.17514660651856e-13,2.11848751001783,0.153239135472771,1.72637020728701,214.6320889297,"Federov with Uniform Sample",2
0.20305870398757,3.63707135428859e-15,1.89824621953097,0.147207214251789,1.68765779656248,216.806583441596,"Federov with Biased Sample",2
0.140421675010177,2.87635462164049e-13,2.57731076144573,0.188091846863646,1.90927793413134,168.000960962804,"Federov with Uniform Sample",3
0.201366602559841,9.63935263192951e-16,0.589479650065609,0.113348304596788,1.42226316247156,170.662109667117,"Federov with Biased Sample",3
0.142262160736564,7.3656767485777e-14,5.5622988126891,0.125175199691469,1.53966614079835,224.370207437814,"Federov with Uniform Sample",4
0.208072430385585,1.8218421593748e-14,4.75859208257238,0.121588033885182,1.43346438706499,223.523170329641,"Federov with Biased Sample",4
0.139944769084504,4.97186832891939e-16,5.70223094581723,0.106536194940826,1.34286839034229,128.802705113995,"Federov with Uniform Sample",5
0.203876836131536,1.38727137664818e-18,4.27549119378266,0.0980362509201401,1.39545183511073,128.172526013631,"Federov with Biased Sample",5
0.14169525058651,3.94448099289373e-12,3.46047468883307,0.16148598743445,1.74618863551219,132.669647236227,"Federov with Uniform Sample",6
0.203324595760307,2.87363406473835e-14,4.85545080331013,0.108399320901499,1.41111527782435,135.448402658568,"Federov with Biased Sample",6
0.14003116924539,1.23775335662646e-14,2.91290094109806,0.135562622735996,1.65912068365794,208.92280664742,"Federov with Uniform Sample",7
0.203854717562627,3.71558053839762e-14,1.30572252311782,0.153187821434026,1.65451733952088,209.685028408205,"Federov with Biased Sample",7
0.142973088470653,2.03946095510693e-16,3.16381569995295,0.171489334144882,1.62195608618835,150.246593516755,"Federov with Uniform Sample",8
0.205512724186512,1.06228098595629e-14,3.26242515836724,0.118977706717486,1.49630686290719,152.245259825665,"Federov with Biased Sample",8
0.143819374786972,7.06085839196202e-16,4.99296212921531,0.120113587543145,1.46367135166716,213.091072701515,"Federov with Uniform Sample",9
0.203449368609529,2.17210408932353e-15,7.07569014305261,0.157136434665329,1.66730668039826,216.643936458232,"Federov with Biased Sample",9
0.142390491765739,1.32310022959349e-16,6.83517537972718,0.149517724916948,1.53252791045405,203.568368163691,"Federov with Uniform Sample",10
0.201559474175042,4.29429160475573e-17,4.56620592905225,0.118930536175363,1.44333044104948,202.23546208337,"Federov with Biased Sample",10
0.137920872907697,1.83208676607963e-14,4.91011668216057,0.146702281046165,1.57119240721253,198.06083332507,"Federov with Uniform Sample",11
0.203793106814979,1.65391677741734e-14,6.44675927750724,0.113810425944863,1.46731874078132,197.317835881628,"Federov with Biased Sample",11
0.141276888490463,6.30496641551216e-14,5.50740831604545,0.142201442358106,1.65456250346208,132.360970211968,"Federov with Uniform Sample",12
0.202189935147827,3.87899331799832e-16,3.09018203359235,0.0933067213752156,1.44653886105217,136.082547703689,"Federov with Biased Sample",12
0.139234130377854,1.65068376937644e-12,4.02183748946937,0.135362950994136,1.62887642926355,200.151956808198,"Federov with Uniform Sample",13
0.20300272911139,9.14642233276785e-15,1.99017177815833,0.113168490811911,1.45022618982473,202.315977773693,"Federov with Biased Sample",13
0.141098837906756,7.9766206004977e-12,2.13588317896879,0.134748028478575,1.51936868398487,207.95723420995,"Federov with Uniform Sample",14
0.203724250366852,2.43500518290023e-13,0.719216416820879,0.138550261040351,1.62165195054824,205.676314039729,"Federov with Biased Sample",14
0.145700767432975,1.57963882338247e-15,2.55583115628722,0.180636500400684,1.73586923826317,225.779213440222,"Federov with Uniform Sample",15
0.20217919922344,1.40517965699485e-14,5.07922502387316,0.126772047711711,1.61794327171436,227.352099734023,"Federov with Biased Sample",15
0.140937424099344,1.35975049791549e-13,1.57038733783229,0.181075426296377,1.82077848879665,206.421999149924,"Federov with Uniform Sample",16
0.202725725135223,9.93627844370665e-15,2.81779390915525,0.111924804862822,1.59402008664974,211.349667030452,"Federov with Biased Sample",16
0.14057891306388,1.64990281359881e-12,4.57608400915753,0.16666748120438,1.84446562755077,233.69459983537,"Federov with Uniform Sample",17
0.205259883806061,4.12245917685283e-15,2.21638337923818,0.126108415646379,1.64897048437319,233.341884084566,"Federov with Biased Sample",17
0.141405007634663,3.91639826831608e-15,4.68671087914935,0.159023781604004,1.6780239919159,158.976969620707,"Federov with Uniform Sample",18
0.206939974669801,8.28005405654514e-16,2.95188541897217,0.102805020405022,1.35901546835687,159.175260200924,"Federov with Biased Sample",18
0.140799930234251,3.59049936397605e-13,5.40230217383535,0.150454224697203,1.52962166751863,220.481867902089,"Federov with Uniform Sample",19
0.200071635392428,2.27577949572063e-14,5.80513298226101,0.126481054596801,1.62750801346117,218.801110195271,"Federov with Biased Sample",19
0.141372250812086,1.67152416368108e-13,4.38884748470558,0.149100684253532,1.58048374878431,139.329845843135,"Federov with Uniform Sample",20
0.20460849764094,4.4788103044887e-11,7.59925141804082,0.161628380040757,1.86042803917024,140.005986617231,"Federov with Biased Sample",20
0.145115682675012,6.95428150618503e-14,3.16450337356442,0.159309745571387,1.63537290751148,205.394774437854,"Federov with Uniform Sample",21
0.205259208620325,1.98791323459383e-15,2.39464917433006,0.104916194882028,1.33828238673693,202.84701215341,"Federov with Biased Sample",21
0.142034312617004,1.50362789744961e-15,3.2746313266816,0.173691560589537,1.73249082475311,181.45007549833,"Federov with Uniform Sample",22
0.204020182766166,1.29785407126049e-16,3.27601727186066,0.102080616341918,1.37823291913251,182.672265379606,"Federov with Biased Sample",22
0.141659558181282,7.50724618652731e-17,3.03713134329431,0.146445985902943,1.74654432322297,134.376913040828,"Federov with Uniform Sample",23
0.201472416889949,8.31621649815383e-16,4.44507978782956,0.129509727670468,1.51797703951008,136.373482109861,"Federov with Biased Sample",23
0.143501138595741,8.54302852723449e-13,5.9901425157166,0.153411762663317,1.68022988621614,162.628583849487,"Federov with Uniform Sample",24
0.204557699580748,3.82427269896972e-14,5.82410077946212,0.102420568869444,1.39875975395963,165.620684472021,"Federov with Biased Sample",24
0.142033068366587,2.37831008322718e-14,6.98731939829646,0.0991769717047358,1.44738412159872,215.160634776396,"Federov with Uniform Sample",25
0.20441138595282,3.38883495720847e-16,3.90288311434867,0.100179899160916,1.28468867272895,214.559474439346,"Federov with Biased Sample",25
0.14198126709177,2.3797066009977e-16,4.20742213303458,0.132694091500304,1.56720511807466,177.255611934477,"Federov with Uniform Sample",26
0.201601454714482,1.84349763986984e-18,2.06053168835925,0.115214881135287,1.43703947661263,178.705648046807,"Federov with Biased Sample",26
0.143723125081884,3.65883005106153e-15,2.32311790360247,0.164038677983126,1.80361130646882,219.096537884411,"Federov with Uniform Sample",27
0.205185499908656,4.26277406700511e-15,2.60293863278012,0.119870848312986,1.39744328380799,220.077433842653,"Federov with Biased Sample",27
0.14172669938816,2.04972623864166e-13,4.9738935855705,0.137982284966265,1.60525565618503,197.596358441392,"Federov with Uniform Sample",28
0.203443790910607,3.24094298123371e-15,1.64346209093701,0.106814541945485,1.39889728198164,198.784031949721,"Federov with Biased Sample",28
0.143121275122459,2.24412555520014e-13,3.55335346942274,0.156949806430849,1.62718501774348,169.185857243236,"Federov with Uniform Sample",29
0.203529400825446,1.4543235594291e-15,1.6344582632648,0.0912303949273422,1.40341451136997,170.028049062176,"Federov with Biased Sample",29
0.140898279261801,4.70164520406423e-15,5.87256687824732,0.207387995490736,1.91443071078604,221.179608040818,"Federov with Uniform Sample",30
0.206169472942871,1.89984473600832e-17,2.2840761022863,0.138011635685561,1.57443606563463,222.347882091382,"Federov with Biased Sample",30
0.138885998234595,4.67309570350322e-13,8.83710656709427,0.135935763770481,1.64562510264398,239.758449533624,"Federov with Uniform Sample",31
0.201906874876221,2.02941381210329e-16,1.70836682779242,0.116260939719043,1.48069743971632,240.572798505479,"Federov with Biased Sample",31
0.1454078604004,3.13180080888625e-15,3.09316669255101,0.181593359315435,1.89016141452849,199.517088595521,"Federov with Uniform Sample",32
0.202102636292453,3.3229843909019e-16,2.05894846119693,0.1099082550791,1.44207914718873,202.460159725168,"Federov with Biased Sample",32
0.142223026462554,6.52270074403751e-18,2.07433643422225,0.127878623918279,1.51165664534586,132.317812197032,"Federov with Uniform Sample",33
0.202749811694001,7.3843428589712e-17,2.73504725768646,0.136812343323812,1.67829849786607,134.157048757367,"Federov with Biased Sample",33
0.139955994608703,2.87025983163758e-17,1.79888704189085,0.133908803709582,1.46668492006574,180.592864032722,"Federov with Uniform Sample",34
0.202964044571527,1.61263763602679e-17,2.00394842577346,0.0933558484881696,1.32383078247846,182.998443232775,"Federov with Biased Sample",34
0.141776314838384,1.19189147543901e-13,5.12106893691003,0.151716311483784,1.74382639094607,191.220845521751,"Federov with Uniform Sample",35
0.205367576587339,5.05001687458474e-15,2.63283580207729,0.12932280806826,1.47105948360492,191.692430224331,"Federov with Biased Sample",35
0.140946531729516,2.20537362473943e-17,3.1706721540177,0.139282392521989,1.6361510721713,125.466974960929,"Federov with Uniform Sample",36
0.204261509794532,8.17491057689622e-15,5.22739967570449,0.0898564006377886,1.37575582663114,125.981983509009,"Federov with Biased Sample",36
0.142559299227541,3.33399666910625e-12,3.32333290805234,0.131635883536077,1.47904669054791,222.147054228035,"Federov with Uniform Sample",37
0.203332975763764,8.11773599816865e-14,2.81073167985623,0.140859301906593,1.54976847335211,223.73664890907,"Federov with Biased Sample",37
0.142312202560166,3.29335359294519e-12,7.55043513476593,0.16209106327124,1.53807197281971,153.948747924374,"Federov with Uniform Sample",38
0.203254096606068,1.38887961989386e-13,5.13686156539847,0.109888896981002,1.48315116984674,157.492498272444,"Federov with Biased Sample",38
0.142439881020628,2.44298665836763e-12,7.55091870346442,0.145505216955889,1.65594301207096,164.688710216667,"Federov with Uniform Sample",39
0.203331814035164,4.33990907299309e-14,3.5598588235592,0.122873348944358,1.55659876644336,165.710986738412,"Federov with Biased Sample",39
0.13907841715807,6.15313546443611e-15,5.36242598820551,0.125692972845371,1.55140081910465,191.141746528422,"Federov with Uniform Sample",40
0.205327609987467,1.18464407462941e-16,2.73369484625399,0.112641381146094,1.45576483632055,193.519844551606,"Federov with Biased Sample",40
0.144395808020718,3.00569691916431e-16,3.53261647008983,0.122365940775137,1.48670776881307,249.569226345344,"Federov with Uniform Sample",41
0.204019752468292,3.05834379453619e-15,3.55996018888947,0.101703745499467,1.46397514203212,250.946649765867,"Federov with Biased Sample",41
0.142561160345745,7.31822643327191e-19,5.78844732623338,0.117710189560396,1.51377288411852,214.900476831872,"Federov with Uniform Sample",42
0.205222514585023,3.52824868233499e-19,2.89996162218697,0.104331383062495,1.48322453769397,215.844848783179,"Federov with Biased Sample",42
0.142320663958377,1.39081529914837e-12,7.26841637708139,0.125553168791031,1.37702314065838,172.913516840949,"Federov with Uniform Sample",43
0.201112492823701,1.60781902292008e-13,6.17448886682716,0.093462089283551,1.3275803041944,175.220144109165,"Federov with Biased Sample",43
0.143306962233347,4.09909525728475e-18,5.56235727254244,0.146493151706711,1.72318215386366,194.055576589899,"Federov with Uniform Sample",44
0.203654919254496,1.15831914190717e-18,4.91338328717205,0.159353557009401,1.7743997645443,194.056369111757,"Federov with Biased Sample",44
0.141582014938043,2.64304934313244e-12,5.29960650288072,0.170476754734469,1.60098916124762,203.053671540454,"Federov with Uniform Sample",45
0.205430180712073,1.34562392726516e-13,4.62745935444227,0.106414116024364,1.36000017163542,205.958080528359,"Federov with Biased Sample",45
0.13991552244897,2.22619899371599e-15,5.1974502667257,0.152099879257168,1.56623795431613,173.377488369902,"Federov with Uniform Sample",46
0.20209787291355,1.78782596625159e-15,6.2236585956526,0.111987800761631,1.50254790946131,174.543971625343,"Federov with Biased Sample",46
0.138555261918788,1.06202757937517e-16,3.38915552613751,0.145537071927256,1.72750603057208,164.339701978024,"Federov with Uniform Sample",47
0.201622861161253,2.64399269263419e-15,4.8460699810508,0.115352696701979,1.58580147966863,167.933125078039,"Federov with Biased Sample",47
0.141742318968569,3.91678625009369e-15,3.3965260236586,0.174073770931643,1.7634976177252,175.971984682917,"Federov with Uniform Sample",48
0.201413567928115,9.05763482073811e-15,3.30742969989354,0.102026876338172,1.25611379423132,177.435128713264,"Federov with Biased Sample",48
0.143353759599489,4.96056290287907e-15,5.30976598085327,0.262491762105099,1.82790101295272,225.184568980592,"Federov with Uniform Sample",49
0.206976454729325,1.11687519090913e-15,5.21546499554059,0.135740323922136,1.69566461583712,224.820038832388,"Federov with Biased Sample",49
0.141248935491885,4.30889196338246e-16,2.81819257400166,0.125168879240562,1.46601752635064,135.930680864782,"Federov with Uniform Sample",50
0.20500778466441,3.77420119384491e-16,1.45181290569671,0.109178417780889,1.4049693545167,135.548162740001,"Federov with Biased Sample",50
0.143014755619775,3.47230924476559e-14,4.10366292276538,0.135035328467374,1.5428708509508,170.853322868276,"Federov with Uniform Sample",51
0.201940451249573,2.17198323613185e-15,3.98254976532335,0.119624107888586,1.61895674615368,172.83502693169,"Federov with Biased Sample",51
0.139665068120182,2.57902246265342e-17,2.71894095834216,0.157862336212275,1.47797656748917,172.296747431863,"Federov with Uniform Sample",52
0.20721602050149,1.19097296699164e-18,2.72853003325984,0.158367915390457,1.85637139989569,174.294282675479,"Federov with Biased Sample",52
0.143673532359824,5.43890060183996e-15,5.77818273419785,0.135635980361154,1.52329618901523,123.586925794767,"Federov with Uniform Sample",53
0.204270139344776,6.44531016071449e-18,3.5656930743591,0.105885078253721,1.41813510029083,123.853247296519,"Federov with Biased Sample",53
0.138515912708037,4.59641484069196e-17,6.08698719871719,0.16532012014886,1.88755036165049,151.226579170023,"Federov with Uniform Sample",54
0.20160370052121,2.57393665310717e-17,5.89123843671148,0.156388903944286,1.66688893341406,151.066957521596,"Federov with Biased Sample",54
0.141930463802337,1.98685166941246e-13,3.9073204824265,0.109741674615459,1.36006343351838,222.482922747122,"Federov with Uniform Sample",55
0.205771514805921,3.24124303447249e-13,3.25100485036981,0.152391019957191,1.74285884104302,226.017525344967,"Federov with Biased Sample",55
0.140618511471276,1.46993869278148e-15,3.15402976894185,0.159926987815673,1.80773020505383,128.528198212707,"Federov with Uniform Sample",56
0.204392386799812,1.22978568403349e-16,2.34754177287126,0.13279958081184,1.59338268882699,129.148857508193,"Federov with Biased Sample",56
0.142634176193432,1.54042188850977e-13,1.36535221306882,0.110147756427019,1.3605518518979,183.032674148469,"Federov with Uniform Sample",57
0.203014127039364,6.17089374186337e-14,2.71257331321317,0.157990095966099,1.64077709215963,184.194988036065,"Federov with Biased Sample",57
0.14131549822394,9.87249968216662e-14,5.86847755671979,0.121218101621083,1.55080735749964,177.674582895882,"Federov with Uniform Sample",58
0.201665888363951,2.10957384890035e-15,4.1401463903644,0.112033923067905,1.46047035927606,181.539217146948,"Federov with Biased Sample",58
0.14083466011746,6.16731348714333e-10,5.78065260478142,0.155725470902343,1.58712179119802,180.96012340207,"Federov with Uniform Sample",59
0.20357165981319,3.0547473483627e-09,4.88071229870538,0.113126701120127,1.44545243149203,182.721779619778,"Federov with Biased Sample",59
0.142564643021486,5.87044825730136e-15,4.16122195909627,0.112932588968244,1.45493367193288,159.259778867102,"Federov with Uniform Sample",60
0.202766790333828,3.27568207310493e-18,1.78794830639856,0.142677079542355,1.6688828124287,161.247605383897,"Federov with Biased Sample",60
0.141387838221846,2.21210394704459e-13,2.88457300946469,0.11752176717607,1.59559228257396,200.239193979055,"Federov with Uniform Sample",61
0.208589676003792,8.44847024609926e-14,1.52983274804181,0.114583324403621,1.42678793054867,202.81287707948,"Federov with Biased Sample",61
0.142550107075634,1.545439749975e-14,1.55696751177816,0.153015904896647,1.74469281800354,216.499659337527,"Federov with Uniform Sample",62
0.20357903011765,2.3734018594359e-15,1.71001185991966,0.107791445770487,1.28687948177596,217.760313655513,"Federov with Biased Sample",62
0.142433868395242,2.40161695680501e-17,3.44005787880337,0.188632255656975,1.59736658163938,165.524212612783,"Federov with Uniform Sample",63
0.204070079775283,2.42666349675467e-20,3.30738948206839,0.107864007264397,1.39736810914113,163.886416558548,"Federov with Biased Sample",63
0.142078103944895,3.5190578267053e-14,4.96702360607005,0.123351291080595,1.48837614982659,198.902753296846,"Federov with Uniform Sample",64
0.204002726453782,3.04824676974419e-14,5.11164206362566,0.115044910500553,1.41966292592375,198.887594949737,"Federov with Biased Sample",64
0.142186695445032,1.91993825014576e-16,3.75711783179885,0.13771759298553,1.51179779274577,184.611179269982,"Federov with Uniform Sample",65
0.201895929229505,2.99155618001516e-15,3.12336939044172,0.120158809630536,1.48570301574995,185.740743900051,"Federov with Biased Sample",65
0.143912811562726,7.18982471908847e-15,2.21356710147866,0.144417854541789,1.54457013723769,255.510499350798,"Federov with Uniform Sample",66
0.203615026699917,3.02519312441648e-14,1.9688304796116,0.162553898296565,1.80310696388335,256.067307671067,"Federov with Biased Sample",66
0.140695183670535,8.16734219129417e-12,4.66908993356599,0.123831896201705,1.41557386869514,242.36292536782,"Federov with Uniform Sample",67
0.201022849431628,7.32589273450916e-14,3.32008610598006,0.127392914233745,1.56069322499911,243.267818011616,"Federov with Biased Sample",67
0.143886611313949,3.285454167541e-14,3.84018719363501,0.173783741195466,1.95874631612816,148.01690259082,"Federov with Uniform Sample",68
0.205318065043011,9.95607810382582e-15,3.86289042652456,0.0877743766211266,1.23468956976407,148.203192192369,"Federov with Biased Sample",68
0.142116106867356,7.18775057400514e-14,9.43431346561871,0.132001942832552,1.61396390316833,209.968784291766,"Federov with Uniform Sample",69
0.203305781459415,2.92734515463703e-15,5.06028488695826,0.118939667633963,1.40493313946034,212.15514691433,"Federov with Biased Sample",69
0.142655398257882,3.5768336191392e-12,4.64022814906259,0.161812711055635,1.83811747097718,229.513961689451,"Federov with Uniform Sample",70
0.203633528459164,7.7305313905706e-13,5.31410522161181,0.105441445851444,1.43877068236285,231.927306424391,"Federov with Biased Sample",70
0.140947650312229,1.29320596777209e-15,2.9786240733545,0.163272836805321,1.66853986955009,167.523611861462,"Federov with Uniform Sample",71
0.202634156183898,2.2396444600548e-17,1.72122387076744,0.139938102975801,1.64322312537194,169.298421504732,"Federov with Biased Sample",71
0.143212870674413,4.41645001944651e-13,5.08434504548163,0.14727408089173,1.82978996363607,114.734082576597,"Federov with Uniform Sample",72
0.207653270422427,1.60033348096029e-14,4.66513339339056,0.145962576886401,1.87132666902676,116.912101409077,"Federov with Biased Sample",72
0.14115090116128,2.01186643769608e-12,1.51412759262909,0.16637060680392,1.59686807072114,249.247321670472,"Federov with Uniform Sample",73
0.205272662336357,6.81883667914476e-15,0.813008743610083,0.121494799639393,1.42244040888463,249.318769941613,"Federov with Biased Sample",73
0.141839304684331,9.77537859345506e-13,3.10220904644706,0.141486733007258,1.68027783201181,186.250526961602,"Federov with Uniform Sample",74
0.20169771908213,2.11818556403989e-13,3.38141376150694,0.190827025781441,1.79796989801404,188.061796087123,"Federov with Biased Sample",74
0.142409530068812,2.97530181039663e-16,5.77910087335623,0.129879582944143,1.63820596842735,162.449721377976,"Federov with Uniform Sample",75
0.205211476445786,3.29895187373302e-17,4.96131786191233,0.11633751839033,1.51192484535612,162.652312721551,"Federov with Biased Sample",75
0.140577427184078,2.5079874977184e-12,3.73565685313374,0.159945602465611,1.88458807944703,234.562455426973,"Federov with Uniform Sample",76
0.205534045667363,1.55776056880543e-11,2.73479378449194,0.110679048442153,1.36423884335902,238.277154349284,"Federov with Biased Sample",76
0.140410102020953,1.66002849487476e-15,4.64130206504479,0.201000205672308,1.92074900637839,203.806594992001,"Federov with Uniform Sample",77
0.206431806419449,7.50939819725257e-16,4.69865184795377,0.152081212551123,1.67497549195121,204.292628498734,"Federov with Biased Sample",77
0.140920627042003,1.82028753330798e-14,6.80132017730532,0.145408683261889,1.66890866742545,214.64326552514,"Federov with Uniform Sample",78
0.203003610362686,6.86345620577872e-16,4.31408550998406,0.106217707935915,1.37093376438553,214.313395528978,"Federov with Biased Sample",78
0.14248713804102,1.84950118883696e-19,3.18171135324009,0.125833537994023,1.52015154142222,244.84094550764,"Federov with Uniform Sample",79
0.203793552976637,4.43025623554406e-18,5.18735566561286,0.126169840581246,1.57412590296002,245.661453767289,"Federov with Biased Sample",79
0.140729930370615,4.23181398089258e-12,5.94194084238272,0.123158134894035,1.47080240798983,161.067007437748,"Federov with Uniform Sample",80
0.201317444358255,9.59551456821613e-12,4.04270729086199,0.145499527772723,1.6620825561225,161.516890869737,"Federov with Biased Sample",80
0.139813588474729,3.33381720568875e-17,4.64545976407477,0.18356953391924,1.83801825521491,156.124986162836,"Federov with Uniform Sample",81
0.204175693504218,4.36949287809892e-18,5.62241704775679,0.126669296895311,1.83283209536197,158.417899481329,"Federov with Biased Sample",81
0.142523371935999,7.86932730541894e-14,2.97692393907056,0.116502016574431,1.35068875386089,234.69940378139,"Federov with Uniform Sample",82
0.201469766534306,5.59838802605095e-13,4.39230627151913,0.106559959797102,1.4240078911243,232.866275975901,"Federov with Biased Sample",82
0.139889797731628,8.61023713647393e-16,4.50809792545868,0.138677865298516,1.57390132649452,140.0185216704,"Federov with Uniform Sample",83
0.203150372373431,2.17318934130831e-17,4.35028688935888,0.108005802505306,1.41002998504929,145.292938646129,"Federov with Biased Sample",83
0.142512515937938,1.16953097959461e-15,1.7988530603778,0.124461150688528,1.55480252768566,164.894023942227,"Federov with Uniform Sample",84
0.204999078546964,1.94082605137096e-15,1.40574128449455,0.102411468892796,1.55689791617096,164.779324174612,"Federov with Biased Sample",84
0.140010992972077,2.05121304160568e-15,6.22045968046411,0.15128534531535,1.72756804603617,200.307990732499,"Federov with Uniform Sample",85
0.204002823846044,4.01571989405639e-15,6.79791921475864,0.0910549669214038,1.28091548332271,202.080076212909,"Federov with Biased Sample",85
0.139346693395207,1.06198334789406e-13,4.89054371389835,0.150570229506736,1.57298620326222,262.484961498411,"Federov with Uniform Sample",86
0.201777521335177,3.14625283513652e-14,4.09086957239405,0.144280422002492,1.70861240475071,262.17599068636,"Federov with Biased Sample",86
0.142149560314995,1.19140501285911e-15,5.66231529301981,0.125037920551473,1.59740663458314,153.339163083973,"Federov with Uniform Sample",87
0.205022103900883,2.93955152540015e-15,5.98281825502664,0.128514500733889,1.50486851761133,154.9329193626,"Federov with Biased Sample",87
0.139642245895167,9.12064529146071e-15,1.47929162100086,0.152198588679205,1.7428539601201,245.790506675352,"Federov with Uniform Sample",88
0.204578958710992,8.79701136536114e-17,1.9752469628569,0.153106288319722,1.73137548858477,247.31139192185,"Federov with Biased Sample",88
0.140363552015455,5.76665651041082e-13,2.59288213724713,0.143862382855562,1.6188482595774,158.063268344598,"Federov with Uniform Sample",89
0.203781953691117,6.53900635658652e-15,1.05562183377276,0.112251269498725,1.49720506052066,160.779311005248,"Federov with Biased Sample",89
0.141852997607565,2.82580199139288e-14,2.90252827294649,0.224793778484578,2.01681983852965,150.055471262031,"Federov with Uniform Sample",90
0.203402887322215,1.27758489223378e-15,3.05832205687645,0.128379128499665,1.54486351101327,151.967010709692,"Federov with Biased Sample",90
0.140810787115011,9.57696748173528e-16,8.9286370485729,0.176007626761644,1.85505291595574,201.864972102454,"Federov with Uniform Sample",91
0.203254803504759,3.54730695909534e-19,3.32619744029922,0.14206174854483,1.73327821485135,202.911588533984,"Federov with Biased Sample",91
0.140666343831285,1.22656515328911e-16,4.12475871593023,0.160232485335489,1.73901259687885,210.346573877797,"Federov with Uniform Sample",92
0.204271628280958,1.9305728173945e-18,4.31124561499888,0.116789758483779,1.41789571713869,212.456011722061,"Federov with Biased Sample",92
0.139588867265736,3.75124642982697e-14,5.00131338878775,0.156638160957186,1.75509743788383,168.566780545319,"Federov with Uniform Sample",93
0.201866665189296,8.27339711856735e-15,5.5264122041625,0.0845087127115004,1.20476081451106,170.931454518589,"Federov with Biased Sample",93
0.142540993341495,1.63395772681635e-15,1.6061475536965,0.174844201166473,1.66967306306248,200.435582594407,"Federov with Uniform Sample",94
0.203107816953756,7.14419299856779e-16,1.23773788035091,0.10510114625471,1.35884551165992,201.357503131791,"Federov with Biased Sample",94
0.143070939650971,1.14208559473064e-12,4.89094502924257,0.166316995326655,1.75308018879724,234.022922999256,"Federov with Uniform Sample",95
0.204378724594081,4.02288383009056e-13,1.67126438907313,0.123741395651567,1.49406689895826,233.04816796187,"Federov with Biased Sample",95
0.141846746576893,3.95143809399083e-16,2.73481149619576,0.170898944334232,1.61607010232451,154.304481254918,"Federov with Uniform Sample",96
0.204335904220711,4.15830910647192e-14,4.54299005021244,0.111797533593365,1.50106137603899,153.926234983071,"Federov with Biased Sample",96
0.14060885260015,2.9768650730393e-13,1.5936893451137,0.158991592661738,1.60706724631046,188.910415318979,"Federov with Uniform Sample",97
0.203200340035059,5.06971465743352e-15,1.65493266223571,0.139220847161762,1.58814387141716,188.271157703816,"Federov with Biased Sample",97
0.14087167825548,1.77700834733506e-17,4.13412766012799,0.119551740328739,1.56453449822137,212.877895764039,"Federov with Uniform Sample",98
0.203336349540241,9.32236802989616e-20,2.90232107433138,0.118133648462222,1.48810496941662,214.899950955453,"Federov with Biased Sample",98
0.141679233745561,5.42590840312614e-18,4.52048572343985,0.161231680810633,1.69436709733506,186.700094312659,"Federov with Uniform Sample",99
0.204512059921276,7.26602118888897e-17,6.97868715032306,0.10103045963131,1.31242993037781,187.756546717192,"Federov with Biased Sample",99
0.14104873471362,9.92875867481831e-15,5.01297332844106,0.131846765178923,1.54644599921322,324.602815756482,"Federov with Uniform Sample",100
0.202940512128916,4.85105574059881e-17,4.03526934449026,0.127714985979593,1.5021230719584,323.915530481214,"Federov with Biased Sample",100
