"X1","model","id","deff","d"
0.000244653085246682,"linear_unif",1,1,0.499636177672073
0.999517008429393,"linear_unif",1,1,0.499636177672073
0.00247941724956036,"linear_unif",2,1,0.498206727206707
0.998892871662974,"linear_unif",2,1,0.498206727206707
0.998284494038671,"linear_unif",3,1,0.498637365177274
0.00100976368412375,"linear_unif",3,1,0.498637365177274
0.000221121124923229,"linear_unif",4,1,0.499398452113382
0.999018025351688,"linear_unif",4,1,0.499398452113382
0.000688489060848951,"linear_unif",5,1,0.499270046362653
0.999228581786156,"linear_unif",5,1,0.499270046362653
0.996403127443045,"linear_unif",6,1,0.496778436820023
0.00284625380299985,"linear_unif",6,1,0.496778436820023
0.999680535402149,"linear_unif",7,1,0.499287411570549
0.00110571226105094,"linear_unif",7,1,0.499287411570549
0.999973310157657,"linear_unif",8,1,0.499090174795128
0.00179296056739986,"linear_unif",8,1,0.499090174795128
0.999297575559467,"linear_unif",9,1,0.499507697531953
0.000282180495560169,"linear_unif",9,1,0.499507697531953
0.00221358775161207,"linear_unif",10,1,0.498273362754844
0.9987603132613,"linear_unif",10,1,0.498273362754844
0.00271149910986423,"linear_unif",11,1,0.498210775665939
0.999133050441742,"linear_unif",11,1,0.498210775665939
0.998711045598611,"linear_unif",12,1,0.498927658889443
0.000855727819725871,"linear_unif",12,1,0.498927658889443
0.000244596973061562,"linear_unif",13,1,0.499771579983644
0.99978775694035,"linear_unif",13,1,0.499771579983644
0.999735384015366,"linear_unif",14,1,0.499387831659988
0.000959720695391297,"linear_unif",14,1,0.499387831659988
0.000116415088996291,"linear_unif",15,1,0.499851549509913
0.999819514108822,"linear_unif",15,1,0.499851549509913
3.06032598018646e-06,"linear_unif",16,1,0.499725027708337
0.999453115742654,"linear_unif",16,1,0.499725027708337
0.00229987991042435,"linear_unif",17,1,0.49878602323588
0.999871926382184,"linear_unif",17,1,0.49878602323588
0.000129111809656024,"linear_unif",18,1,0.499645233387127
0.999419578583911,"linear_unif",18,1,0.499645233387127
0.0013244841247797,"linear_unif",19,1,0.499031797982752
0.999388080090284,"linear_unif",19,1,0.499031797982752
0.000105582876130939,"linear_unif",20,1,0.499944914598018
0.999995412072167,"linear_unif",20,1,0.499944914598018
0.000513886800035834,"linear_unif",21,1,0.499179622740485
0.998873132281005,"linear_unif",21,1,0.499179622740485
0.00162234180606902,"linear_unif",22,1,0.498787448508665
0.999197238823399,"linear_unif",22,1,0.498787448508665
0.000113591784611344,"linear_unif",23,1,0.499661359703168
0.999436311190948,"linear_unif",23,1,0.499661359703168
0.00156729086302221,"linear_unif",24,1,0.499190809088759
0.99994890904054,"linear_unif",24,1,0.499190809088759
0.00076750828884542,"linear_unif",25,1,0.499073127284646
0.998913762858137,"linear_unif",25,1,0.499073127284646
0.998919821577147,"linear_unif",26,1,0.49911976675503
0.000680288067087531,"linear_unif",26,1,0.49911976675503
0.000544094247743487,"linear_unif",27,1,0.499627267709002
0.999798629665747,"linear_unif",27,1,0.499627267709002
0.9980784507934,"linear_unif",28,1,0.498062795260921
0.00195286027155817,"linear_unif",28,1,0.498062795260921
0.999197553377599,"linear_unif",29,1,0.497893699910492
0.00341015355661511,"linear_unif",29,1,0.497893699910492
0.000110020395368338,"linear_unif",30,1,0.499382078764029
0.998874177923426,"linear_unif",30,1,0.499382078764029
0.00381318083964288,"linear_unif",31,1,0.497224616236053
0.99826241331175,"linear_unif",31,1,0.497224616236053
0.99866035557352,"linear_unif",32,1,0.498939692275598
0.000780971022322774,"linear_unif",32,1,0.498939692275598
0.99778868467547,"linear_unif",33,1,0.497900359448977
0.00198796577751637,"linear_unif",33,1,0.497900359448977
0.999122479697689,"linear_unif",34,1,0.49895694386214
0.00120859197340906,"linear_unif",34,1,0.49895694386214
0.00187019654549658,"linear_unif",35,1,0.498941278550774
0.999752753647044,"linear_unif",35,1,0.498941278550774
0.999775955686346,"linear_unif",36,1,0.499547668616287
0.000680618453770876,"linear_unif",36,1,0.499547668616287
0.000803880393505096,"linear_unif",37,1,0.499449616647325
0.999703113688156,"linear_unif",37,1,0.499449616647325
0.999507006257772,"linear_unif",38,1,0.496407197089866
0.00669261207804084,"linear_unif",38,1,0.496407197089866
0.000214845174923539,"linear_unif",39,1,0.499460140592419
0.999135126359761,"linear_unif",39,1,0.499460140592419
0.00140221486799419,"linear_unif",40,1,0.498641985817812
0.998686186503619,"linear_unif",40,1,0.498641985817812
0.00143139739520848,"linear_unif",41,1,0.499124741298146
0.999680879991502,"linear_unif",41,1,0.499124741298146
0.000881346641108394,"linear_unif",42,1,0.499463038053364
0.999807422747836,"linear_unif",42,1,0.499463038053364
0.000398257281631231,"linear_unif",43,1,0.4992838234175
0.998965904116631,"linear_unif",43,1,0.4992838234175
0.998878262471408,"linear_unif",44,1,0.499046084820293
0.000786092830821872,"linear_unif",44,1,0.499046084820293
0.998538633808494,"linear_unif",45,1,0.498408291721716
0.00172205036506057,"linear_unif",45,1,0.498408291721716
0.999797275289893,"linear_unif",46,1,0.499615013599396
0.000567248091101646,"linear_unif",46,1,0.499615013599396
0.999744201079011,"linear_unif",47,1,0.499551023473032
0.000642154132947326,"linear_unif",47,1,0.499551023473032
0.000135730020701885,"linear_unif",48,1,0.499198450124823
0.998532630270347,"linear_unif",48,1,0.499198450124823
0.00117447460070252,"linear_unif",49,1,0.499057089793496
0.999288654187694,"linear_unif",49,1,0.499057089793496
0.000496475026011467,"linear_unif",50,1,0.49898434698116
0.998465168988332,"linear_unif",50,1,0.49898434698116
0.00604868028312922,"linear_unif",51,1,0.49656653474085
0.99918174976483,"linear_unif",51,1,0.49656653474085
0.000317564466968179,"linear_unif",52,1,0.499653016449884
0.999623597366735,"linear_unif",52,1,0.499653016449884
0.00169224245473742,"linear_unif",53,1,0.498576497775503
0.998845238005742,"linear_unif",53,1,0.498576497775503
0.999959650216624,"linear_unif",54,1,0.49958824343048
0.000783163355663419,"linear_unif",54,1,0.49958824343048
0.00191038218326867,"linear_unif",55,1,0.498906747787259
0.999723877757788,"linear_unif",55,1,0.498906747787259
0.00309595628641546,"linear_unif",56,1,0.497517550480552
0.998131057247519,"linear_unif",56,1,0.497517550480552
0.998493844410405,"linear_unif",57,1,0.49846308270935
0.00156767899170518,"linear_unif",57,1,0.49846308270935
0.000547152478247881,"linear_unif",58,1,0.498619387741201
0.997785927960649,"linear_unif",58,1,0.498619387741201
0.00352505641058087,"linear_unif",59,1,0.497729232884012
0.998983522178605,"linear_unif",59,1,0.497729232884012
0.000181167852133512,"linear_unif",60,1,0.498808213393204
0.997797594638541,"linear_unif",60,1,0.498808213393204
0.000542291440069675,"linear_unif",61,1,0.498735986999236
0.998014265438542,"linear_unif",61,1,0.498735986999236
0.999713419238105,"linear_unif",62,1,0.497979078325443
0.00375526258721948,"linear_unif",62,1,0.497979078325443
8.43005254864693e-05,"linear_unif",63,1,0.499318200163543
0.998720700852573,"linear_unif",63,1,0.499318200163543
0.00115657062269747,"linear_unif",64,1,0.49917944392655
0.999515458475798,"linear_unif",64,1,0.49917944392655
0.999279508367181,"linear_unif",65,1,0.499629608355462
2.0291656255722e-05,"linear_unif",65,1,0.499629608355462
0.999808685854077,"linear_unif",66,1,0.499389435397461
0.00102981505915523,"linear_unif",66,1,0.499389435397461
0.999750435352325,"linear_unif",67,1,0.499800247023813
0.000149941304698586,"linear_unif",67,1,0.499800247023813
0.999593282816932,"linear_unif",68,1,0.498989689978771
0.00161390285938978,"linear_unif",68,1,0.498989689978771
0.00151406624354422,"linear_unif",69,1,0.499059900874272
0.999633867992088,"linear_unif",69,1,0.499059900874272
0.999154655495659,"linear_unif",70,1,0.499485288746655
0.000184078002348542,"linear_unif",70,1,0.499485288746655
0.999174076365307,"linear_unif",71,1,0.499383089365438
0.00040789763443172,"linear_unif",71,1,0.499383089365438
0.000480522634461522,"linear_unif",72,1,0.499366856762208
0.999214236158878,"linear_unif",72,1,0.499366856762208
0.000780319096520543,"linear_unif",73,1,0.499393467791378
0.999567254679278,"linear_unif",73,1,0.499393467791378
0.00221221940591931,"linear_unif",74,1,0.498753000283614
0.999718219973147,"linear_unif",74,1,0.498753000283614
0.999063142342493,"linear_unif",75,1,0.49828044034075
0.0025022616609931,"linear_unif",75,1,0.49828044034075
0.000765403965488076,"linear_unif",76,1,0.497689636307768
0.996144676581025,"linear_unif",76,1,0.497689636307768
0.998731189640239,"linear_unif",77,1,0.497405862552114
0.00391946453601122,"linear_unif",77,1,0.497405862552114
0.999803551472723,"linear_unif",78,1,0.499155789497308
0.00149197247810662,"linear_unif",78,1,0.499155789497308
0.00085064209997654,"linear_unif",79,1,0.499032795778476
0.998916233656928,"linear_unif",79,1,0.499032795778476
0.999520551878959,"linear_unif",80,1,0.499539354932494
0.000441842013970017,"linear_unif",80,1,0.499539354932494
0.99728706618771,"linear_unif",81,1,0.498093362548388
0.00110034109093249,"linear_unif",81,1,0.498093362548388
0.99737860634923,"linear_unif",82,1,0.49808266130276
0.00121328374370933,"linear_unif",82,1,0.49808266130276
0.000281464075669646,"linear_unif",83,1,0.499189675669186
0.998660815414041,"linear_unif",83,1,0.499189675669186
0.999724003253505,"linear_unif",84,1,0.498199310852215
0.00332538154907525,"linear_unif",84,1,0.498199310852215
0.999950287863612,"linear_unif",85,1,0.499149853363633
0.00165058113634586,"linear_unif",85,1,0.499149853363633
0.000117073999717832,"linear_unif",86,1,0.499162770807743
0.998442615615204,"linear_unif",86,1,0.499162770807743
0.000382008962333202,"linear_unif",87,1,0.499304766999558
0.998991542961448,"linear_unif",87,1,0.499304766999558
0.000153723638504744,"linear_unif",88,1,0.499749753740616
0.999653231119737,"linear_unif",88,1,0.499749753740616
0.00143513968214393,"linear_unif",89,1,0.498786279466003
0.99900769861415,"linear_unif",89,1,0.498786279466003
0.000971761764958501,"linear_unif",90,1,0.498995095491409
0.998961952747777,"linear_unif",90,1,0.498995095491409
0.998167754849419,"linear_unif",91,1,0.498204572126269
0.00175861059688032,"linear_unif",91,1,0.498204572126269
0.00165737164206803,"linear_unif",92,1,0.49885297275614
0.999363317154348,"linear_unif",92,1,0.49885297275614
0.000415143091231585,"linear_unif",93,1,0.499633727478795
0.999682598048821,"linear_unif",93,1,0.499633727478795
0.00246832007542253,"linear_unif",94,1,0.498760030022822
0.999988380121067,"linear_unif",94,1,0.498760030022822
0.00412651314400136,"linear_unif",95,1,0.497619182686321
0.999364878516644,"linear_unif",95,1,0.497619182686321
1.85170210897923e-05,"linear_unif",96,1,0.49945828714408
0.998935091309249,"linear_unif",96,1,0.49945828714408
0.00178082915954292,"linear_unif",97,1,0.499103907146491
0.999988643452525,"linear_unif",97,1,0.499103907146491
0.997907208511606,"linear_unif",98,1,0.498357985634357
0.00119123724289238,"linear_unif",98,1,0.498357985634357
0.99851918569766,"linear_unif",99,1,0.499143715831451
0.000231754034757614,"linear_unif",99,1,0.499143715831451
0.99933560565114,"linear_unif",100,1,0.499168466776609
0.000998672097921371,"linear_unif",100,1,0.499168466776609
5e-04,"linear_biased",1,1,0.49975
1,"linear_biased",1,1,0.49975
0.9999,"linear_biased",2,1,0.49995
0,"linear_biased",2,1,0.49995
0,"linear_biased",3,1,0.49995
0.9999,"linear_biased",3,1,0.49995
1e-04,"linear_biased",4,1,0.49995
1,"linear_biased",4,1,0.49995
1,"linear_biased",5,1,0.5
0,"linear_biased",5,1,0.5
1,"linear_biased",6,1,0.5
0,"linear_biased",6,1,0.5
1,"linear_biased",7,1,0.5
0,"linear_biased",7,1,0.5
0,"linear_biased",8,1,0.49995
0.9999,"linear_biased",8,1,0.49995
0,"linear_biased",9,1,0.5
1,"linear_biased",9,1,0.5
0.9998,"linear_biased",10,1,0.49985
1e-04,"linear_biased",10,1,0.49985
3e-04,"linear_biased",11,1,0.4997
0.9997,"linear_biased",11,1,0.4997
0.9999,"linear_biased",12,1,0.4999
1e-04,"linear_biased",12,1,0.4999
0,"linear_biased",13,1,0.5
1,"linear_biased",13,1,0.5
5e-04,"linear_biased",14,1,0.4997
0.9999,"linear_biased",14,1,0.4997
1,"linear_biased",15,1,0.4998
4e-04,"linear_biased",15,1,0.4998
2e-04,"linear_biased",16,1,0.49975
0.9997,"linear_biased",16,1,0.49975
1,"linear_biased",17,1,0.5
0,"linear_biased",17,1,0.5
0,"linear_biased",18,1,0.5
1,"linear_biased",18,1,0.5
0,"linear_biased",19,1,0.4999
0.9998,"linear_biased",19,1,0.4999
0,"linear_biased",20,1,0.5
1,"linear_biased",20,1,0.5
0,"linear_biased",21,1,0.5
1,"linear_biased",21,1,0.5
0,"linear_biased",22,1,0.5
1,"linear_biased",22,1,0.5
0,"linear_biased",23,1,0.5
1,"linear_biased",23,1,0.5
1e-04,"linear_biased",24,1,0.49995
1,"linear_biased",24,1,0.49995
4e-04,"linear_biased",25,1,0.4998
1,"linear_biased",25,1,0.4998
2e-04,"linear_biased",26,1,0.4999
1,"linear_biased",26,1,0.4999
1,"linear_biased",27,1,0.5
0,"linear_biased",27,1,0.5
1e-04,"linear_biased",28,1,0.49995
1,"linear_biased",28,1,0.49995
0,"linear_biased",29,1,0.49995
0.9999,"linear_biased",29,1,0.49995
3e-04,"linear_biased",30,1,0.49975
0.9998,"linear_biased",30,1,0.49975
1e-04,"linear_biased",31,1,0.49995
1,"linear_biased",31,1,0.49995
0.9998,"linear_biased",32,1,0.4998
2e-04,"linear_biased",32,1,0.4998
0,"linear_biased",33,1,0.49995
0.9999,"linear_biased",33,1,0.49995
1,"linear_biased",34,1,0.5
0,"linear_biased",34,1,0.5
0.9999,"linear_biased",35,1,0.4998
3e-04,"linear_biased",35,1,0.4998
3e-04,"linear_biased",36,1,0.49985
1,"linear_biased",36,1,0.49985
0,"linear_biased",37,1,0.4999
0.9998,"linear_biased",37,1,0.4999
0.9998,"linear_biased",38,1,0.4998
2e-04,"linear_biased",38,1,0.4998
0.9997,"linear_biased",39,1,0.4998
1e-04,"linear_biased",39,1,0.4998
1,"linear_biased",40,1,0.4999
2e-04,"linear_biased",40,1,0.4999
1,"linear_biased",41,1,0.5
0,"linear_biased",41,1,0.5
0,"linear_biased",42,1,0.4999
0.9998,"linear_biased",42,1,0.4999
1e-04,"linear_biased",43,1,0.49995
1,"linear_biased",43,1,0.49995
1e-04,"linear_biased",44,1,0.49995
1,"linear_biased",44,1,0.49995
0,"linear_biased",45,1,0.49995
0.9999,"linear_biased",45,1,0.49995
0.9998,"linear_biased",46,1,0.4998
2e-04,"linear_biased",46,1,0.4998
2e-04,"linear_biased",47,1,0.49985
0.9999,"linear_biased",47,1,0.49985
0,"linear_biased",48,1,0.5
1,"linear_biased",48,1,0.5
0,"linear_biased",49,1,0.5
1,"linear_biased",49,1,0.5
0.9998,"linear_biased",50,1,0.4996
6e-04,"linear_biased",50,1,0.4996
0.9998,"linear_biased",51,1,0.4999
0,"linear_biased",51,1,0.4999
0,"linear_biased",52,1,0.49995
0.9999,"linear_biased",52,1,0.49995
0,"linear_biased",53,1,0.5
1,"linear_biased",53,1,0.5
0,"linear_biased",54,1,0.4997
0.9994,"linear_biased",54,1,0.4997
0,"linear_biased",55,1,0.5
1,"linear_biased",55,1,0.5
1,"linear_biased",56,1,0.5
0,"linear_biased",56,1,0.5
0.9996,"linear_biased",57,1,0.49975
1e-04,"linear_biased",57,1,0.49975
1,"linear_biased",58,1,0.49985
3e-04,"linear_biased",58,1,0.49985
1,"linear_biased",59,1,0.5
0,"linear_biased",59,1,0.5
1e-04,"linear_biased",60,1,0.4998
0.9997,"linear_biased",60,1,0.4998
1,"linear_biased",61,1,0.5
0,"linear_biased",61,1,0.5
1e-04,"linear_biased",62,1,0.49995
1,"linear_biased",62,1,0.49995
1e-04,"linear_biased",63,1,0.49985
0.9998,"linear_biased",63,1,0.49985
0,"linear_biased",64,1,0.49995
0.9999,"linear_biased",64,1,0.49995
1e-04,"linear_biased",65,1,0.49995
1,"linear_biased",65,1,0.49995
0,"linear_biased",66,1,0.5
1,"linear_biased",66,1,0.5
0,"linear_biased",67,1,0.5
1,"linear_biased",67,1,0.5
0,"linear_biased",68,1,0.5
1,"linear_biased",68,1,0.5
0,"linear_biased",69,1,0.4999
0.9998,"linear_biased",69,1,0.4999
1e-04,"linear_biased",70,1,0.4997
0.9995,"linear_biased",70,1,0.4997
0,"linear_biased",71,1,0.49995
0.9999,"linear_biased",71,1,0.49995
4e-04,"linear_biased",72,1,0.49965
0.9997,"linear_biased",72,1,0.49965
0.9999,"linear_biased",73,1,0.49995
0,"linear_biased",73,1,0.49995
0,"linear_biased",74,1,0.5
1,"linear_biased",74,1,0.5
1,"linear_biased",75,1,0.49995
1e-04,"linear_biased",75,1,0.49995
2e-04,"linear_biased",76,1,0.4999
1,"linear_biased",76,1,0.4999
1e-04,"linear_biased",77,1,0.49995
1,"linear_biased",77,1,0.49995
0.9999,"linear_biased",78,1,0.4999
1e-04,"linear_biased",78,1,0.4999
1,"linear_biased",79,1,0.5
0,"linear_biased",79,1,0.5
0,"linear_biased",80,1,0.5
1,"linear_biased",80,1,0.5
1,"linear_biased",81,1,0.49995
1e-04,"linear_biased",81,1,0.49995
1,"linear_biased",82,1,0.5
0,"linear_biased",82,1,0.5
4e-04,"linear_biased",83,1,0.4998
1,"linear_biased",83,1,0.4998
1,"linear_biased",84,1,0.5
0,"linear_biased",84,1,0.5
0.9999,"linear_biased",85,1,0.49995
0,"linear_biased",85,1,0.49995
0.9997,"linear_biased",86,1,0.49985
0,"linear_biased",86,1,0.49985
1e-04,"linear_biased",87,1,0.4999
0.9999,"linear_biased",87,1,0.4999
5e-04,"linear_biased",88,1,0.4997
0.9999,"linear_biased",88,1,0.4997
1,"linear_biased",89,1,0.4998
4e-04,"linear_biased",89,1,0.4998
0.9998,"linear_biased",90,1,0.49985
1e-04,"linear_biased",90,1,0.49985
1,"linear_biased",91,1,0.5
0,"linear_biased",91,1,0.5
0.9998,"linear_biased",92,1,0.4999
0,"linear_biased",92,1,0.4999
3e-04,"linear_biased",93,1,0.49985
1,"linear_biased",93,1,0.49985
0.9999,"linear_biased",94,1,0.49995
0,"linear_biased",94,1,0.49995
0,"linear_biased",95,1,0.5
1,"linear_biased",95,1,0.5
2e-04,"linear_biased",96,1,0.4999
1,"linear_biased",96,1,0.4999
0.9996,"linear_biased",97,1,0.4998
0,"linear_biased",97,1,0.4998
1,"linear_biased",98,1,0.4999
2e-04,"linear_biased",98,1,0.4999
2e-04,"linear_biased",99,1,0.49985
0.9999,"linear_biased",99,1,0.49985
1,"linear_biased",100,1,0.4999
2e-04,"linear_biased",100,1,0.4999
0.000111812492832541,"quadratic_unif",1,1,0.131926047405986
0.998760686023161,"quadratic_unif",1,1,0.131926047405986
0.498780219815671,"quadratic_unif",1,1,0.131926047405986
0.996413575019687,"quadratic_unif",2,1,0.13108076354685
0.000969711691141129,"quadratic_unif",2,1,0.13108076354685
0.498645553831011,"quadratic_unif",2,1,0.13108076354685
0.499868144281209,"quadratic_unif",3,1,0.131467349026337
0.00252033094875515,"quadratic_unif",3,1,0.131467349026337
0.999432643176988,"quadratic_unif",3,1,0.131467349026337
0.997113646473736,"quadratic_unif",4,1,0.131294059174047
0.499971298966557,"quadratic_unif",4,1,0.131294059174047
0.000858919695019722,"quadratic_unif",4,1,0.131294059174047
0.498649014392868,"quadratic_unif",5,1,0.131301994996878
0.996463799150661,"quadratic_unif",5,1,0.131301994996878
0.000180119881406426,"quadratic_unif",5,1,0.131301994996878
0.500496441498399,"quadratic_unif",6,1,0.132077267175775
0.999382128240541,"quadratic_unif",6,1,0.132077267175775
0.000160943483933806,"quadratic_unif",6,1,0.132077267175775
0.502299458486959,"quadratic_unif",7,1,0.131957453238826
0.999307136982679,"quadratic_unif",7,1,0.131957453238826
0.000532418023794889,"quadratic_unif",7,1,0.131957453238826
0.50075117032975,"quadratic_unif",8,1,0.131454121937409
0.00219340506009758,"quadratic_unif",8,1,0.131454121937409
0.999053944600746,"quadratic_unif",8,1,0.131454121937409
0.499735832912847,"quadratic_unif",9,1,0.131080661161246
0.996911937138066,"quadratic_unif",9,1,0.131080661161246
0.00146806635893881,"quadratic_unif",9,1,0.131080661161246
0.500869336770847,"quadratic_unif",10,1,0.131619254918652
0.999092368176207,"quadratic_unif",10,1,0.131619254918652
0.00160555564798415,"quadratic_unif",10,1,0.131619254918652
0.998163542710245,"quadratic_unif",11,1,0.131764081239012
0.498522524954751,"quadratic_unif",11,1,0.131764081239012
0.000127935549244285,"quadratic_unif",11,1,0.131764081239012
0.998814429156482,"quadratic_unif",12,1,0.131957936058997
4.54417895525694e-05,"quadratic_unif",12,1,0.131957936058997
0.499402023851871,"quadratic_unif",12,1,0.131957936058997
0.99872960196808,"quadratic_unif",13,1,0.131875565983774
0.000270696356892586,"quadratic_unif",13,1,0.131875565983774
0.50062546459958,"quadratic_unif",13,1,0.131875565983774
0.000656025484204292,"quadratic_unif",14,1,0.131453237358676
0.499066687189043,"quadratic_unif",14,1,0.131453237358676
0.997513189679012,"quadratic_unif",14,1,0.131453237358676
0.997683229856193,"quadratic_unif",15,1,0.131409553949516
0.499443348729983,"quadratic_unif",15,1,0.131409553949516
0.000991698354482651,"quadratic_unif",15,1,0.131409553949516
0.000803657341748476,"quadratic_unif",16,1,0.131453940256432
0.997663494199514,"quadratic_unif",16,1,0.131453940256432
0.499156563077122,"quadratic_unif",16,1,0.131453940256432
0.0001707065384835,"quadratic_unif",17,1,0.132203588576288
0.499960945453495,"quadratic_unif",17,1,0.132203588576288
0.999868917977437,"quadratic_unif",17,1,0.132203588576288
0.499940414680168,"quadratic_unif",18,1,0.1311451308935
0.00163004663772881,"quadratic_unif",18,1,0.1311451308935
0.997318574925885,"quadratic_unif",18,1,0.1311451308935
0.00131466425955296,"quadratic_unif",19,1,0.131761981631602
0.499961578752846,"quadratic_unif",19,1,0.131761981631602
0.999341980554163,"quadratic_unif",19,1,0.131761981631602
0.500432565342635,"quadratic_unif",20,1,0.131617415195842
0.00182673637755215,"quadratic_unif",20,1,0.131617415195842
0.999306239653379,"quadratic_unif",20,1,0.131617415195842
0.499173673568293,"quadratic_unif",21,1,0.131724555657836
0.000744734890758991,"quadratic_unif",21,1,0.131724555657836
0.998630473390222,"quadratic_unif",21,1,0.131724555657836
1.09612010419369e-05,"quadratic_unif",22,1,0.130719772984998
0.994083228288218,"quadratic_unif",22,1,0.130719772984998
0.497250623768196,"quadratic_unif",22,1,0.130719772984998
0.00159298023208976,"quadratic_unif",23,1,0.131833694944453
0.50182004715316,"quadratic_unif",23,1,0.131833694944453
0.999893224099651,"quadratic_unif",23,1,0.131833694944453
0.999690624885261,"quadratic_unif",24,1,0.132149297442804
0.500837852712721,"quadratic_unif",24,1,0.132149297442804
0.000196642009541392,"quadratic_unif",24,1,0.132149297442804
0.000829902477562428,"quadratic_unif",25,1,0.131859957397288
0.999230172950774,"quadratic_unif",25,1,0.131859957397288
0.501297559589148,"quadratic_unif",25,1,0.131859957397288
0.00041045737452805,"quadratic_unif",26,1,0.131000201679284
0.995548567967489,"quadratic_unif",26,1,0.131000201679284
0.498361614067107,"quadratic_unif",26,1,0.131000201679284
0.00133918621577322,"quadratic_unif",27,1,0.131468072344695
0.499485733453184,"quadratic_unif",27,1,0.131468072344695
0.998252726625651,"quadratic_unif",27,1,0.131468072344695
0.000414355657994747,"quadratic_unif",28,1,0.131918244174435
0.499125697882846,"quadratic_unif",28,1,0.131918244174435
0.999033597763628,"quadratic_unif",28,1,0.131918244174435
0.999472302151844,"quadratic_unif",29,1,0.132127262646318
0.501053261337802,"quadratic_unif",29,1,0.132127262646318
6.05087261646986e-05,"quadratic_unif",29,1,0.132127262646318
0.999275187263265,"quadratic_unif",30,1,0.132036674817266
0.498627469176427,"quadratic_unif",30,1,0.132036674817266
0.000206610187888145,"quadratic_unif",30,1,0.132036674817266
0.999713391531259,"quadratic_unif",31,1,0.131896008058723
0.00117871141992509,"quadratic_unif",31,1,0.131896008058723
0.500196790089831,"quadratic_unif",31,1,0.131896008058723
0.9994953176938,"quadratic_unif",32,1,0.132032578164225
0.500189242418855,"quadratic_unif",32,1,0.132032578164225
0.000443829689174891,"quadratic_unif",32,1,0.132032578164225
0.500602699583396,"quadratic_unif",33,1,0.131884124646927
0.000873540760949254,"quadratic_unif",33,1,0.131884124646927
0.999363467562944,"quadratic_unif",33,1,0.131884124646927
0.500035969540477,"quadratic_unif",34,1,0.132059162337925
0.00071131088770926,"quadratic_unif",34,1,0.132059162337925
0.999863391043618,"quadratic_unif",34,1,0.132059162337925
0.499737398000434,"quadratic_unif",35,1,0.13207715476835
0.999423153931275,"quadratic_unif",35,1,0.13207715476835
0.00020308792591095,"quadratic_unif",35,1,0.13207715476835
0.000143119832500815,"quadratic_unif",36,1,0.132150980165168
0.500120653305203,"quadratic_unif",36,1,0.132150980165168
0.999642468756065,"quadratic_unif",36,1,0.132150980165168
0.499125072732568,"quadratic_unif",37,1,0.132023559941426
0.999288915423676,"quadratic_unif",37,1,0.132023559941426
0.000271039083600044,"quadratic_unif",37,1,0.132023559941426
0.497623735805973,"quadratic_unif",38,1,0.130460080837862
0.994331597350538,"quadratic_unif",38,1,0.130460080837862
0.00124726793728769,"quadratic_unif",38,1,0.130460080837862
0.00284101185388863,"quadratic_unif",39,1,0.131319850517882
0.999193213880062,"quadratic_unif",39,1,0.131319850517882
0.500184902921319,"quadratic_unif",39,1,0.131319850517882
0.00047422363422811,"quadratic_unif",40,1,0.132100592133065
0.500455057946965,"quadratic_unif",40,1,0.132100592133065
0.999783077044412,"quadratic_unif",40,1,0.132100592133065
0.998475498752668,"quadratic_unif",41,1,0.131719640428293
0.000608670758083463,"quadratic_unif",41,1,0.131719640428293
0.49975461489521,"quadratic_unif",41,1,0.131719640428293
0.50123547646217,"quadratic_unif",42,1,0.131528839347225
0.00219843885861337,"quadratic_unif",42,1,0.131528839347225
0.999342509079725,"quadratic_unif",42,1,0.131528839347225
0.999083364149556,"quadratic_unif",43,1,0.131997732471026
0.000161515083163977,"quadratic_unif",43,1,0.131997732471026
0.500925867585465,"quadratic_unif",43,1,0.131997732471026
0.000121911056339741,"quadratic_unif",44,1,0.131914091008706
0.499434619443491,"quadratic_unif",44,1,0.131914091008706
0.998724955599755,"quadratic_unif",44,1,0.131914091008706
0.998318781843409,"quadratic_unif",45,1,0.130718690090254
0.00424879766069353,"quadratic_unif",45,1,0.130718690090254
0.50247089122422,"quadratic_unif",45,1,0.130718690090254
0.00230165896937251,"quadratic_unif",46,1,0.13157727719328
0.49900691001676,"quadratic_unif",46,1,0.13157727719328
0.999634172301739,"quadratic_unif",46,1,0.13157727719328
0.999794567236677,"quadratic_unif",47,1,0.131879761763677
0.00131964357569814,"quadratic_unif",47,1,0.131879761763677
0.499387847725302,"quadratic_unif",47,1,0.131879761763677
6.74547627568245e-05,"quadratic_unif",48,1,0.131876594880366
0.998528745258227,"quadratic_unif",48,1,0.131876594880366
0.499666210962459,"quadratic_unif",48,1,0.131876594880366
0.00098430085927248,"quadratic_unif",49,1,0.131985076165156
0.501327638281509,"quadratic_unif",49,1,0.131985076165156
0.999857089482248,"quadratic_unif",49,1,0.131985076165156
0.999102506553754,"quadratic_unif",50,1,0.131828803312388
0.499305716948584,"quadratic_unif",50,1,0.131828803312388
0.000821757130324841,"quadratic_unif",50,1,0.131828803312388
0.00056272791698575,"quadratic_unif",51,1,0.132086744057836
0.999820817960426,"quadratic_unif",51,1,0.132086744057836
0.501339870970696,"quadratic_unif",51,1,0.132086744057836
0.999971722951159,"quadratic_unif",52,1,0.132192540259344
0.000315037555992603,"quadratic_unif",52,1,0.132192540259344
0.500578114762902,"quadratic_unif",52,1,0.132192540259344
0.501123148715124,"quadratic_unif",53,1,0.13109277481796
0.00276784924790263,"quadratic_unif",53,1,0.13109277481796
0.998257815139368,"quadratic_unif",53,1,0.13109277481796
0.49736284581013,"quadratic_unif",54,1,0.131785056572799
0.000193857587873936,"quadratic_unif",54,1,0.131785056572799
0.998313155723736,"quadratic_unif",54,1,0.131785056572799
0.499531171051785,"quadratic_unif",55,1,0.132085759959229
0.999402794754133,"quadratic_unif",55,1,0.132085759959229
0.000150105683133006,"quadratic_unif",55,1,0.132085759959229
0.999656927306205,"quadratic_unif",56,1,0.132047068924082
0.00054990965873003,"quadratic_unif",56,1,0.132047068924082
0.499342886032537,"quadratic_unif",56,1,0.132047068924082
0.499507806496695,"quadratic_unif",57,1,0.132066014505045
0.000137632712721825,"quadratic_unif",57,1,0.132066014505045
0.999315613647923,"quadratic_unif",57,1,0.132066014505045
0.000184767646715045,"quadratic_unif",58,1,0.13218587644062
0.999816188588738,"quadratic_unif",58,1,0.13218587644062
0.500372151611373,"quadratic_unif",58,1,0.13218587644062
0.000669735949486494,"quadratic_unif",59,1,0.132081399151154
0.500414156820625,"quadratic_unif",59,1,0.132081399151154
0.999905870761722,"quadratic_unif",59,1,0.132081399151154
0.999680750304833,"quadratic_unif",60,1,0.132045382416542
0.000580673338845372,"quadratic_unif",60,1,0.132045382416542
0.499732573051006,"quadratic_unif",60,1,0.132045382416542
0.50046473252587,"quadratic_unif",61,1,0.131876337081424
0.999517304124311,"quadratic_unif",61,1,0.131876337081424
0.00105712842196226,"quadratic_unif",61,1,0.131876337081424
0.000735444715246558,"quadratic_unif",62,1,0.131997715700439
0.499418370891362,"quadratic_unif",62,1,0.131997715700439
0.999655768973753,"quadratic_unif",62,1,0.131997715700439
0.499736855039373,"quadratic_unif",63,1,0.132119356542552
0.999555459013209,"quadratic_unif",63,1,0.132119356542552
0.000175754074007273,"quadratic_unif",63,1,0.132119356542552
0.000690970104187727,"quadratic_unif",64,1,0.131943607021071
0.500792782055214,"quadratic_unif",64,1,0.131943607021071
0.999406466959044,"quadratic_unif",64,1,0.131943607021071
0.499511708505452,"quadratic_unif",65,1,0.132111842527342
0.000330310082063079,"quadratic_unif",65,1,0.132111842527342
0.999681899789721,"quadratic_unif",65,1,0.132111842527342
0.500569591298699,"quadratic_unif",66,1,0.13210006749775
0.999414198566228,"quadratic_unif",66,1,0.13210006749775
0.000106598017737269,"quadratic_unif",66,1,0.13210006749775
0.999145562760532,"quadratic_unif",67,1,0.131863081815666
0.00073537789285183,"quadratic_unif",67,1,0.131863081815666
0.500356859294698,"quadratic_unif",67,1,0.131863081815666
0.998127989005297,"quadratic_unif",68,1,0.131009402241588
0.00295388582162559,"quadratic_unif",68,1,0.131009402241588
0.501504122745246,"quadratic_unif",68,1,0.131009402241588
0.000209927093237638,"quadratic_unif",69,1,0.131288261182343
0.996443462558091,"quadratic_unif",69,1,0.131288261182343
0.497072605416179,"quadratic_unif",69,1,0.131288261182343
0.000386112136766315,"quadratic_unif",70,1,0.132130288239368
0.500030853087083,"quadratic_unif",70,1,0.132130288239368
0.999807144748047,"quadratic_unif",70,1,0.132130288239368
0.999593881424516,"quadratic_unif",71,1,0.131974551469117
0.502015259116888,"quadratic_unif",71,1,0.131974551469117
0.000757500063627958,"quadratic_unif",71,1,0.131974551469117
0.000277543906122446,"quadratic_unif",72,1,0.131817334861985
0.499251364264637,"quadratic_unif",72,1,0.131817334861985
0.998514322098345,"quadratic_unif",72,1,0.131817334861985
0.999088485492393,"quadratic_unif",73,1,0.131438269867036
0.500363833503798,"quadratic_unif",73,1,0.131438269867036
0.00228793453425169,"quadratic_unif",73,1,0.131438269867036
0.998912197072059,"quadratic_unif",74,1,0.131855489234913
0.000529989134520292,"quadratic_unif",74,1,0.131855489234913
0.500585935078561,"quadratic_unif",74,1,0.131855489234913
0.00110892276279628,"quadratic_unif",75,1,0.131590352516314
0.99848591000773,"quadratic_unif",75,1,0.131590352516314
0.500013137934729,"quadratic_unif",75,1,0.131590352516314
0.000984243582934141,"quadratic_unif",76,1,0.130979741385583
0.498751516221091,"quadratic_unif",76,1,0.130979741385583
0.996044517960399,"quadratic_unif",76,1,0.130979741385583
0.500999763375148,"quadratic_unif",77,1,0.131977771884628
0.000729267951101065,"quadratic_unif",77,1,0.131977771884628
0.999574278481305,"quadratic_unif",77,1,0.131977771884628
0.500828909222037,"quadratic_unif",78,1,0.131254404762385
0.99883284047246,"quadratic_unif",78,1,0.131254404762385
0.00272986851632595,"quadratic_unif",78,1,0.131254404762385
0.501715704565868,"quadratic_unif",79,1,0.131832396397638
0.999851730186492,"quadratic_unif",79,1,0.131832396397638
0.001556585310027,"quadratic_unif",79,1,0.131832396397638
0.999765205662698,"quadratic_unif",80,1,0.132081598064933
0.00052812322974205,"quadratic_unif",80,1,0.132081598064933
0.500549470772967,"quadratic_unif",80,1,0.132081598064933
0.00195494387298822,"quadratic_unif",81,1,0.131289017588457
0.499251006403938,"quadratic_unif",81,1,0.131289017588457
0.998190147569403,"quadratic_unif",81,1,0.131289017588457
0.999997532460839,"quadratic_unif",82,1,0.132176756862498
0.501206170069054,"quadratic_unif",82,1,0.132176756862498
0.000399424461647868,"quadratic_unif",82,1,0.132176756862498
0.500356634613127,"quadratic_unif",83,1,0.131815676540976
0.00173163879662752,"quadratic_unif",83,1,0.131815676540976
0.999962431145832,"quadratic_unif",83,1,0.131815676540976
0.498927294975147,"quadratic_unif",84,1,0.13163935583567
2.61974055320024e-05,"quadratic_unif",84,1,0.13163935583567
0.997588832397014,"quadratic_unif",84,1,0.13163935583567
0.50125029636547,"quadratic_unif",85,1,0.131962535668858
0.9999180638697,"quadratic_unif",85,1,0.131962535668858
0.00113096763379872,"quadratic_unif",85,1,0.131962535668858
0.999505201587453,"quadratic_unif",86,1,0.131852772359937
0.499110673787072,"quadratic_unif",86,1,0.131852772359937
0.00113232922740281,"quadratic_unif",86,1,0.131852772359937
9.70615074038506e-05,"quadratic_unif",87,1,0.132165611836097
0.999651718419045,"quadratic_unif",87,1,0.132165611836097
0.499687033472583,"quadratic_unif",87,1,0.132165611836097
0.996594803640619,"quadratic_unif",88,1,0.131217687315429
0.499806120991707,"quadratic_unif",88,1,0.131217687315429
0.000629261834546924,"quadratic_unif",88,1,0.131217687315429
0.000391907058656216,"quadratic_unif",89,1,0.132165937906577
0.999948527896777,"quadratic_unif",89,1,0.132165937906577
0.500933788483962,"quadratic_unif",89,1,0.132165937906577
0.000290663447231054,"quadratic_unif",90,1,0.132082029035317
0.499214611016214,"quadratic_unif",90,1,0.132082029035317
0.99952980526723,"quadratic_unif",90,1,0.132082029035317
0.497893491061404,"quadratic_unif",91,1,0.132107745703192
0.999458997277543,"quadratic_unif",91,1,0.132107745703192
0.000118436524644494,"quadratic_unif",91,1,0.132107745703192
4.33973036706448e-06,"quadratic_unif",92,1,0.132221581281925
0.999770673923194,"quadratic_unif",92,1,0.132221581281925
0.49961232021451,"quadratic_unif",92,1,0.132221581281925
0.00199132924899459,"quadratic_unif",93,1,0.131499487937701
0.500956133939326,"quadratic_unif",93,1,0.131499487937701
0.99902411387302,"quadratic_unif",93,1,0.131499487937701
0.00037012156099081,"quadratic_unif",94,1,0.132178548181846
0.500347461551428,"quadratic_unif",94,1,0.132178548181846
0.999973689671606,"quadratic_unif",94,1,0.132178548181846
0.500528972363099,"quadratic_unif",95,1,0.131805718104025
0.998931047972292,"quadratic_unif",95,1,0.131805718104025
0.000737640308216214,"quadratic_unif",95,1,0.131805718104025
0.997463004896417,"quadratic_unif",96,1,0.131424354350499
0.000715282512828708,"quadratic_unif",96,1,0.131424354350499
0.49933331576176,"quadratic_unif",96,1,0.131424354350499
0.500112863956019,"quadratic_unif",97,1,0.131458413508093
0.998150014784187,"quadratic_unif",97,1,0.131458413508093
0.00127300946041942,"quadratic_unif",97,1,0.131458413508093
0.4992367583327,"quadratic_unif",98,1,0.131911776659853
0.000949670560657978,"quadratic_unif",98,1,0.131911776659853
0.999545319005847,"quadratic_unif",98,1,0.131911776659853
0.9987547097262,"quadratic_unif",99,1,0.131899887061562
0.499544487800449,"quadratic_unif",99,1,0.131899887061562
0.000205423915758729,"quadratic_unif",99,1,0.131899887061562
0.99959523929283,"quadratic_unif",100,1,0.131976780493538
0.000751772429794073,"quadratic_unif",100,1,0.131976780493538
0.501713989302516,"quadratic_unif",100,1,0.131976780493538
0.723677401198074,"cubic_unif",1,1,0.0333519391783861
0.999244141159579,"cubic_unif",1,1,0.0333519391783861
0.275645221583545,"cubic_unif",1,1,0.0333519391783861
9.14889387786388e-05,"cubic_unif",1,1,0.0333519391783861
0.723113860702142,"cubic_unif",2,1,0.0333383878082923
0.276367178885266,"cubic_unif",2,1,0.0333383878082923
0.000199425499886274,"cubic_unif",2,1,0.0333383878082923
0.999215244548395,"cubic_unif",2,1,0.0333383878082923
0.998188702389598,"cubic_unif",3,1,0.0332204280189154
0.722809312399477,"cubic_unif",3,1,0.0332204280189154
0.274933506269008,"cubic_unif",3,1,0.0332204280189154
0.000349370995536447,"cubic_unif",3,1,0.0332204280189154
0.000184526666998863,"cubic_unif",4,1,0.0331221218648654
0.721329945372418,"cubic_unif",4,1,0.0331221218648654
0.277302130358294,"cubic_unif",4,1,0.0331221218648654
0.997039995389059,"cubic_unif",4,1,0.0331221218648654
0.276110008824617,"cubic_unif",5,1,0.0333059330124735
0.998719412600622,"cubic_unif",5,1,0.0333059330124735
2.54728365689516e-05,"cubic_unif",5,1,0.0333059330124735
0.723899765405804,"cubic_unif",5,1,0.0333059330124735
0.27489185729064,"cubic_unif",6,1,0.0332106323001631
9.56177245825529e-05,"cubic_unif",6,1,0.0332106323001631
0.997835196787491,"cubic_unif",6,1,0.0332106323001631
0.72171689174138,"cubic_unif",6,1,0.0332106323001631
0.00189005210995674,"cubic_unif",7,1,0.0331958357563529
0.723584647988901,"cubic_unif",7,1,0.0331958357563529
0.999482289189473,"cubic_unif",7,1,0.0331958357563529
0.2763998049777,"cubic_unif",7,1,0.0331958357563529
0.721106176963076,"cubic_unif",8,1,0.0330756283072624
0.00019310531206429,"cubic_unif",8,1,0.0330756283072624
0.996577460551634,"cubic_unif",8,1,0.0330756283072624
0.27576776733622,"cubic_unif",8,1,0.0330756283072624
0.27692544576712,"cubic_unif",9,1,0.03285684506625
0.721139684552327,"cubic_unif",9,1,0.03285684506625
0.996530094183981,"cubic_unif",9,1,0.03285684506625
0.00234700366854668,"cubic_unif",9,1,0.03285684506625
0.00130650098435581,"cubic_unif",10,1,0.0328501015719336
0.995422314153984,"cubic_unif",10,1,0.0328501015719336
0.276519065024331,"cubic_unif",10,1,0.0328501015719336
0.719990737270564,"cubic_unif",10,1,0.0328501015719336
0.000470636645331979,"cubic_unif",11,1,0.0331610230545746
0.997712644049898,"cubic_unif",11,1,0.0331610230545746
0.721874646376818,"cubic_unif",11,1,0.0331610230545746
0.276787450304255,"cubic_unif",11,1,0.0331610230545746
0.00035312632098794,"cubic_unif",12,1,0.0333708549525738
0.276372076710686,"cubic_unif",12,1,0.0333708549525738
0.999695272184908,"cubic_unif",12,1,0.0333708549525738
0.722319490974769,"cubic_unif",12,1,0.0333708549525738
0.999969427939504,"cubic_unif",13,1,0.0334199737661554
0.275715428870171,"cubic_unif",13,1,0.0334199737661554
0.721310421125963,"cubic_unif",13,1,0.0334199737661554
0.000130970031023026,"cubic_unif",13,1,0.0334199737661554
0.276993864681572,"cubic_unif",14,1,0.0333311671305911
0.723525394918397,"cubic_unif",14,1,0.0333311671305911
0.000589519971981645,"cubic_unif",14,1,0.0333311671305911
0.999533349648118,"cubic_unif",14,1,0.0333311671305911
0.722052682423964,"cubic_unif",15,1,0.0330677934646768
0.997520546196029,"cubic_unif",15,1,0.0330677934646768
0.00121470680460334,"cubic_unif",15,1,0.0330677934646768
0.276930365245789,"cubic_unif",15,1,0.0330677934646768
0.276011972688138,"cubic_unif",16,1,0.0333400250891816
0.00022315070964396,"cubic_unif",16,1,0.0333400250891816
0.999256671173498,"cubic_unif",16,1,0.0333400250891816
0.722207112703472,"cubic_unif",16,1,0.0333400250891816
0.276179068954661,"cubic_unif",17,1,0.0334091695198578
0.999904887750745,"cubic_unif",17,1,0.0334091695198578
0.723346868995577,"cubic_unif",17,1,0.0334091695198578
0.000182355288416147,"cubic_unif",17,1,0.0334091695198578
0.000354807823896408,"cubic_unif",18,1,0.0333056816192488
0.722331852652133,"cubic_unif",18,1,0.0333056816192488
0.99904461344704,"cubic_unif",18,1,0.0333056816192488
0.276406583609059,"cubic_unif",18,1,0.0333056816192488
0.723998478846624,"cubic_unif",19,1,0.0332829056544479
0.999057079898193,"cubic_unif",19,1,0.0332829056544479
0.000592257594689727,"cubic_unif",19,1,0.0332829056544479
0.277940339874476,"cubic_unif",19,1,0.0332829056544479
0.000219821697100997,"cubic_unif",20,1,0.0333818040813747
0.999669132055715,"cubic_unif",20,1,0.0333818040813747
0.72350151790306,"cubic_unif",20,1,0.0333818040813747
0.276533024385571,"cubic_unif",20,1,0.0333818040813747
0.277073308825493,"cubic_unif",21,1,0.0333407545728825
0.000562151661142707,"cubic_unif",21,1,0.0333407545728825
0.723674477078021,"cubic_unif",21,1,0.0333407545728825
0.9996018554084,"cubic_unif",21,1,0.0333407545728825
0.999869131715968,"cubic_unif",22,1,0.033372742896742
0.276149605633691,"cubic_unif",22,1,0.033372742896742
0.000507987337186933,"cubic_unif",22,1,0.033372742896742
0.722477857256308,"cubic_unif",22,1,0.033372742896742
0.723563333740458,"cubic_unif",23,1,0.0330380902390978
0.277123033534735,"cubic_unif",23,1,0.0330380902390978
0.998801764566451,"cubic_unif",23,1,0.0330380902390978
0.00279297633096576,"cubic_unif",23,1,0.0330380902390978
0.275070378556848,"cubic_unif",24,1,0.0331313689507112
0.997480878373608,"cubic_unif",24,1,0.0331313689507112
0.721555665135384,"cubic_unif",24,1,0.0331313689507112
0.000535556115210056,"cubic_unif",24,1,0.0331313689507112
0.000525896437466145,"cubic_unif",25,1,0.0333516727306097
0.99967822432518,"cubic_unif",25,1,0.0333516727306097
0.277660439256579,"cubic_unif",25,1,0.0333516727306097
0.724947159644216,"cubic_unif",25,1,0.0333516727306097
0.998911894625053,"cubic_unif",26,1,0.0333035885166232
0.000242747366428375,"cubic_unif",26,1,0.0333035885166232
0.27677244041115,"cubic_unif",26,1,0.0333035885166232
0.723637546179816,"cubic_unif",26,1,0.0333035885166232
0.999775129370391,"cubic_unif",27,1,0.0333400373771068
0.00074239750392735,"cubic_unif",27,1,0.0333400373771068
0.27645101561211,"cubic_unif",27,1,0.0333400373771068
0.72322822525166,"cubic_unif",27,1,0.0333400373771068
0.721099310554564,"cubic_unif",28,1,0.0331986604516371
7.11826141923666e-05,"cubic_unif",28,1,0.0331986604516371
0.275319720618427,"cubic_unif",28,1,0.0331986604516371
0.997690627817065,"cubic_unif",28,1,0.0331986604516371
0.00133870751596987,"cubic_unif",29,1,0.0332466184109247
0.722879939945415,"cubic_unif",29,1,0.0332466184109247
0.999441452790052,"cubic_unif",29,1,0.0332466184109247
0.275553300976753,"cubic_unif",29,1,0.0332466184109247
0.00143543072044849,"cubic_unif",30,1,0.0330011669652536
0.997073780279607,"cubic_unif",30,1,0.0330011669652536
0.721771270269528,"cubic_unif",30,1,0.0330011669652536
0.27777064172551,"cubic_unif",30,1,0.0330011669652536
0.277346383780241,"cubic_unif",31,1,0.033288648887156
0.722639319486916,"cubic_unif",31,1,0.033288648887156
0.000996620859950781,"cubic_unif",31,1,0.033288648887156
0.999517192365602,"cubic_unif",31,1,0.033288648887156
0.999963213456795,"cubic_unif",32,1,0.0334162689900479
0.723293259041384,"cubic_unif",32,1,0.0334162689900479
0.277080138912424,"cubic_unif",32,1,0.0334162689900479
0.000169179635122418,"cubic_unif",32,1,0.0334162689900479
0.723597257398069,"cubic_unif",33,1,0.0333512920399694
0.00048341415822506,"cubic_unif",33,1,0.0333512920399694
0.999628138495609,"cubic_unif",33,1,0.0333512920399694
0.276617806404829,"cubic_unif",33,1,0.0333512920399694
0.000457215588539839,"cubic_unif",34,1,0.0333852908254645
0.999951491365209,"cubic_unif",34,1,0.0333852908254645
0.724915096070617,"cubic_unif",34,1,0.0333852908254645
0.279191327979788,"cubic_unif",34,1,0.0333852908254645
0.999996592989191,"cubic_unif",35,1,0.033271340272464
0.00164774735458195,"cubic_unif",35,1,0.033271340272464
0.725469030672684,"cubic_unif",35,1,0.033271340272464
0.278154409257695,"cubic_unif",35,1,0.033271340272464
0.00101331667974591,"cubic_unif",36,1,0.0332665230324731
0.723642307799309,"cubic_unif",36,1,0.0332665230324731
0.276433400344104,"cubic_unif",36,1,0.0332665230324731
0.9993114201352,"cubic_unif",36,1,0.0332665230324731
0.72331542475149,"cubic_unif",37,1,0.0333607034532316
0.999893879750744,"cubic_unif",37,1,0.0333607034532316
0.000654015224426985,"cubic_unif",37,1,0.0333607034532316
0.275983614614233,"cubic_unif",37,1,0.0333607034532316
0.277602476999164,"cubic_unif",38,1,0.0330813608648302
0.00161710823886096,"cubic_unif",38,1,0.0330813608648302
0.722856159787625,"cubic_unif",38,1,0.0330813608648302
0.998059472534806,"cubic_unif",38,1,0.0330813608648302
0.000253431731835008,"cubic_unif",39,1,0.033322707020588
0.999112935038283,"cubic_unif",39,1,0.033322707020588
0.276799147715792,"cubic_unif",39,1,0.033322707020588
0.723160148132592,"cubic_unif",39,1,0.033322707020588
0.723007108084857,"cubic_unif",40,1,0.0330511340560559
0.00213607377372682,"cubic_unif",40,1,0.0330511340560559
0.998274493031204,"cubic_unif",40,1,0.0330511340560559
0.277173032285646,"cubic_unif",40,1,0.0330511340560559
0.72301537450403,"cubic_unif",41,1,0.0333419029193183
0.000123770441859961,"cubic_unif",41,1,0.0333419029193183
0.999174698488787,"cubic_unif",41,1,0.0333419029193183
0.276275240117684,"cubic_unif",41,1,0.0333419029193183
0.277166574727744,"cubic_unif",42,1,0.0332650955383517
0.998980767093599,"cubic_unif",42,1,0.0332650955383517
0.723213652148843,"cubic_unif",42,1,0.0332650955383517
0.000697104493156075,"cubic_unif",42,1,0.0332650955383517
0.277193117886782,"cubic_unif",43,1,0.0332477487231478
0.00172748975455761,"cubic_unif",43,1,0.0332477487231478
0.723570083500817,"cubic_unif",43,1,0.0332477487231478
0.999837524723262,"cubic_unif",43,1,0.0332477487231478
0.27600762876682,"cubic_unif",44,1,0.0332767409780218
0.998610213864595,"cubic_unif",44,1,0.0332767409780218
0.000210505444556475,"cubic_unif",44,1,0.0332767409780218
0.722571867750958,"cubic_unif",44,1,0.0332767409780218
0.999607199104503,"cubic_unif",45,1,0.0333857990537291
0.000115381320938468,"cubic_unif",45,1,0.0333857990537291
0.722253850661218,"cubic_unif",45,1,0.0333857990537291
0.275417857104912,"cubic_unif",45,1,0.0333857990537291
0.276593738468364,"cubic_unif",46,1,0.0333932777936822
0.723206094233319,"cubic_unif",46,1,0.0333932777936822
0.000263961497694254,"cubic_unif",46,1,0.0333932777936822
0.99982797820121,"cubic_unif",46,1,0.0333932777936822
0.00464479392394423,"cubic_unif",47,1,0.0328811646847899
0.999074922641739,"cubic_unif",47,1,0.0328811646847899
0.725103427190334,"cubic_unif",47,1,0.0328811646847899
0.280554299708456,"cubic_unif",47,1,0.0328811646847899
0.276550047332421,"cubic_unif",48,1,0.0332898600224488
0.00079139182344079,"cubic_unif",48,1,0.0332898600224488
0.722831701627001,"cubic_unif",48,1,0.0332898600224488
0.999322659568861,"cubic_unif",48,1,0.0332898600224488
0.000200649024918675,"cubic_unif",49,1,0.0331192197316419
0.27572813234292,"cubic_unif",49,1,0.0331192197316419
0.997022554278374,"cubic_unif",49,1,0.0331192197316419
0.721271120011806,"cubic_unif",49,1,0.0331192197316419
0.000702596502378583,"cubic_unif",50,1,0.033284924617432
0.999184440355748,"cubic_unif",50,1,0.033284924617432
0.722819054732099,"cubic_unif",50,1,0.033284924617432
0.276335170725361,"cubic_unif",50,1,0.033284924617432
2.01202929019928e-05,"cubic_unif",51,1,0.0334124289619906
0.999776492360979,"cubic_unif",51,1,0.0334124289619906
0.72246150393039,"cubic_unif",51,1,0.0334124289619906
0.276156957726926,"cubic_unif",51,1,0.0334124289619906
0.723308436339721,"cubic_unif",52,1,0.0333338042260464
0.999571267748252,"cubic_unif",52,1,0.0333338042260464
0.275509105296806,"cubic_unif",52,1,0.0333338042260464
0.000598950311541557,"cubic_unif",52,1,0.0333338042260464
0.000614409567788243,"cubic_unif",53,1,0.0332302372880219
0.721345026511699,"cubic_unif",53,1,0.0332302372880219
0.276196038816124,"cubic_unif",53,1,0.0332302372880219
0.998551788041368,"cubic_unif",53,1,0.0332302372880219
0.274868539068848,"cubic_unif",54,1,0.032968070195275
0.995786936022341,"cubic_unif",54,1,0.032968070195275
0.000483070500195026,"cubic_unif",54,1,0.032968070195275
0.72059171134606,"cubic_unif",54,1,0.032968070195275
0.000318121863529086,"cubic_unif",55,1,0.0332935595601796
0.99888936849311,"cubic_unif",55,1,0.0332935595601796
0.724360546795651,"cubic_unif",55,1,0.0332935595601796
0.276791631942615,"cubic_unif",55,1,0.0332935595601796
0.000934677431359887,"cubic_unif",56,1,0.0333175690694449
0.277354490477592,"cubic_unif",56,1,0.0333175690694449
0.999743704218417,"cubic_unif",56,1,0.0333175690694449
0.724545101635158,"cubic_unif",56,1,0.0333175690694449
0.722616625251248,"cubic_unif",57,1,0.0330851298584992
0.000574407866224647,"cubic_unif",57,1,0.0330851298584992
0.276033272733912,"cubic_unif",57,1,0.0330851298584992
0.997055671643466,"cubic_unif",57,1,0.0330851298584992
0.00198644562624395,"cubic_unif",58,1,0.0330089037750218
0.276304869214073,"cubic_unif",58,1,0.0330089037750218
0.997701581800357,"cubic_unif",58,1,0.0330089037750218
0.722482401877642,"cubic_unif",58,1,0.0330089037750218
0.276639100397006,"cubic_unif",59,1,0.0333436677542225
0.999558572890237,"cubic_unif",59,1,0.0333436677542225
0.000485828146338463,"cubic_unif",59,1,0.0333436677542225
0.725009525660425,"cubic_unif",59,1,0.0333436677542225
0.724698991980404,"cubic_unif",60,1,0.0333789639562281
0.999779995530844,"cubic_unif",60,1,0.0333789639562281
0.276692528976128,"cubic_unif",60,1,0.0333789639562281
0.000356905162334442,"cubic_unif",60,1,0.0333789639562281
0.000988619169220328,"cubic_unif",61,1,0.0333290313994685
0.723812889074907,"cubic_unif",61,1,0.0333290313994685
0.27731447131373,"cubic_unif",61,1,0.0333290313994685
0.99991105729714,"cubic_unif",61,1,0.0333290313994685
0.998604974709451,"cubic_unif",62,1,0.0331060520244436
0.00191527488641441,"cubic_unif",62,1,0.0331060520244436
0.277426580665633,"cubic_unif",62,1,0.0331060520244436
0.723043790087104,"cubic_unif",62,1,0.0331060520244436
0.276051334803924,"cubic_unif",63,1,0.0334178739300652
8.55631660670042e-05,"cubic_unif",63,1,0.0334178739300652
0.99989533633925,"cubic_unif",63,1,0.0334178739300652
0.723956723231822,"cubic_unif",63,1,0.0334178739300652
0.00066742766648531,"cubic_unif",64,1,0.0332660116527182
0.998960086377338,"cubic_unif",64,1,0.0332660116527182
0.723462894093245,"cubic_unif",64,1,0.0332660116527182
0.276816852390766,"cubic_unif",64,1,0.0332660116527182
0.000108258333057165,"cubic_unif",65,1,0.0334096151893728
0.723703791154549,"cubic_unif",65,1,0.0334096151893728
0.276643807301298,"cubic_unif",65,1,0.0334096151893728
0.999835135880858,"cubic_unif",65,1,0.0334096151893728
0.275818171910942,"cubic_unif",66,1,0.0332753825903669
0.99844103329815,"cubic_unif",66,1,0.0332753825903669
0.722705828258768,"cubic_unif",66,1,0.0332753825903669
5.47873787581921e-05,"cubic_unif",66,1,0.0332753825903669
0.275856536114588,"cubic_unif",67,1,0.0333760776542932
0.999438982224092,"cubic_unif",67,1,0.0333760776542932
0.723012436181307,"cubic_unif",67,1,0.0333760776542932
4.65523917227983e-05,"cubic_unif",67,1,0.0333760776542932
0.000178756890818477,"cubic_unif",68,1,0.0331939757209979
0.275345870759338,"cubic_unif",68,1,0.0331939757209979
0.722307867370546,"cubic_unif",68,1,0.0331939757209979
0.997750778216869,"cubic_unif",68,1,0.0331939757209979
0.276462270412594,"cubic_unif",69,1,0.033323276233747
0.722582989139482,"cubic_unif",69,1,0.033323276233747
0.999116553226486,"cubic_unif",69,1,0.033323276233747
0.000251282239332795,"cubic_unif",69,1,0.033323276233747
0.725213968195021,"cubic_unif",70,1,0.0332844109880797
0.999391446588561,"cubic_unif",70,1,0.0332844109880797
0.000908315181732178,"cubic_unif",70,1,0.0332844109880797
0.278342116391286,"cubic_unif",70,1,0.0332844109880797
0.276536348741502,"cubic_unif",71,1,0.033273305455834
0.00023538270033896,"cubic_unif",71,1,0.033273305455834
0.998600917169824,"cubic_unif",71,1,0.033273305455834
0.722627915674821,"cubic_unif",71,1,0.033273305455834
0.275769797852263,"cubic_unif",72,1,0.0332973448094741
0.000129773980006576,"cubic_unif",72,1,0.0332973448094741
0.722929511219263,"cubic_unif",72,1,0.0332973448094741
0.99873581295833,"cubic_unif",72,1,0.0332973448094741
0.277897310443223,"cubic_unif",73,1,0.0331624483773639
0.00132577028125525,"cubic_unif",73,1,0.0331624483773639
0.72323634615168,"cubic_unif",73,1,0.0331624483773639
0.998582466505468,"cubic_unif",73,1,0.0331624483773639
0.999141714535654,"cubic_unif",74,1,0.033257293359386
0.000936416676267982,"cubic_unif",74,1,0.033257293359386
0.276533130789176,"cubic_unif",74,1,0.033257293359386
0.723054175265133,"cubic_unif",74,1,0.033257293359386
0.7233283566311,"cubic_unif",75,1,0.0332910314777377
0.99936892115511,"cubic_unif",75,1,0.0332910314777377
0.277099849423394,"cubic_unif",75,1,0.0332910314777377
0.000826205359771848,"cubic_unif",75,1,0.0332910314777377
0.277109137736261,"cubic_unif",76,1,0.0330842026239384
0.0012022377923131,"cubic_unif",76,1,0.0330842026239384
0.99767331359908,"cubic_unif",76,1,0.0330842026239384
0.722822210052982,"cubic_unif",76,1,0.0330842026239384
0.723734186729416,"cubic_unif",77,1,0.0333097499720365
0.000923763029277325,"cubic_unif",77,1,0.0333097499720365
0.277039970038459,"cubic_unif",77,1,0.0333097499720365
0.999653470236808,"cubic_unif",77,1,0.0333097499720365
6.41620717942715e-05,"cubic_unif",78,1,0.0333497659693024
0.723247808171436,"cubic_unif",78,1,0.0333497659693024
0.999193735653535,"cubic_unif",78,1,0.0333497659693024
0.276092320680618,"cubic_unif",78,1,0.0333497659693024
0.000300246756523848,"cubic_unif",79,1,0.0333946746411339
0.999878207920119,"cubic_unif",79,1,0.0333946746411339
0.276560720754787,"cubic_unif",79,1,0.0333946746411339
0.723970756866038,"cubic_unif",79,1,0.0333946746411339
0.723352233646438,"cubic_unif",80,1,0.0332718943251729
0.000103175174444914,"cubic_unif",80,1,0.0332718943251729
0.998455940047279,"cubic_unif",80,1,0.0332718943251729
0.275712663773447,"cubic_unif",80,1,0.0332718943251729
0.277008286910132,"cubic_unif",81,1,0.0332041346877015
0.000971186673268676,"cubic_unif",81,1,0.0332041346877015
0.998644368257374,"cubic_unif",81,1,0.0332041346877015
0.723135051084682,"cubic_unif",81,1,0.0332041346877015
0.277380740502849,"cubic_unif",82,1,0.0334009492159501
0.000268665142357349,"cubic_unif",82,1,0.0334009492159501
0.999911492457613,"cubic_unif",82,1,0.0334009492159501
0.724754468537867,"cubic_unif",82,1,0.0334009492159501
0.999335057800636,"cubic_unif",83,1,0.0333623181047825
0.276668401900679,"cubic_unif",83,1,0.0333623181047825
8.00092238932848e-05,"cubic_unif",83,1,0.0333623181047825
0.7233154787682,"cubic_unif",83,1,0.0333623181047825
0.999161477200687,"cubic_unif",84,1,0.0331567587920975
0.00196214811876416,"cubic_unif",84,1,0.0331567587920975
0.724350260570645,"cubic_unif",84,1,0.0331567587920975
0.27766873780638,"cubic_unif",84,1,0.0331567587920975
2.01924704015255e-05,"cubic_unif",85,1,0.0333896752927898
0.276010514702648,"cubic_unif",85,1,0.0333896752927898
0.723803189583123,"cubic_unif",85,1,0.0333896752927898
0.999548725783825,"cubic_unif",85,1,0.0333896752927898
0.276174057275057,"cubic_unif",86,1,0.0333599387701912
0.723089407430962,"cubic_unif",86,1,0.0333599387701912
0.999377143802121,"cubic_unif",86,1,0.0333599387701912
0.00014606537297368,"cubic_unif",86,1,0.0333599387701912
0.722882637055591,"cubic_unif",87,1,0.0333667996741785
0.276333768852055,"cubic_unif",87,1,0.0333667996741785
0.000242001377046108,"cubic_unif",87,1,0.0333667996741785
0.999541862402111,"cubic_unif",87,1,0.0333667996741785
0.00538670993410051,"cubic_unif",88,1,0.0328974175876349
0.999980055494234,"cubic_unif",88,1,0.0328974175876349
0.724855285836384,"cubic_unif",88,1,0.0328974175876349
0.279220090247691,"cubic_unif",88,1,0.0328974175876349
0.000414822017773986,"cubic_unif",89,1,0.0333158014342714
0.723241346189752,"cubic_unif",89,1,0.0333158014342714
0.276591804344207,"cubic_unif",89,1,0.0333158014342714
0.999205008381978,"cubic_unif",89,1,0.0333158014342714
0.998631092486903,"cubic_unif",90,1,0.0330936312675624
0.723738074768335,"cubic_unif",90,1,0.0330936312675624
0.00206528534181416,"cubic_unif",90,1,0.0330936312675624
0.278076791204512,"cubic_unif",90,1,0.0330936312675624
0.99977007554844,"cubic_unif",91,1,0.0331514558509773
0.00262418016791344,"cubic_unif",91,1,0.0331514558509773
0.724800892872736,"cubic_unif",91,1,0.0331514558509773
0.278681567171589,"cubic_unif",91,1,0.0331514558509773
0.999550731386989,"cubic_unif",92,1,0.0331119813558433
0.277874130522832,"cubic_unif",92,1,0.0331119813558433
0.00279986206442118,"cubic_unif",92,1,0.0331119813558433
0.723031871486455,"cubic_unif",92,1,0.0331119813558433
0.999579723691568,"cubic_unif",93,1,0.0332116916395286
0.723742988659069,"cubic_unif",93,1,0.0332116916395286
0.00183035572990775,"cubic_unif",93,1,0.0332116916395286
0.27822099532932,"cubic_unif",93,1,0.0332116916395286
0.724150028545409,"cubic_unif",94,1,0.0334062821412226
0.276537298690528,"cubic_unif",94,1,0.0334062821412226
0.000236236955970526,"cubic_unif",94,1,0.0334062821412226
0.999930234160274,"cubic_unif",94,1,0.0334062821412226
0.00024085259065032,"cubic_unif",95,1,0.0333600814700772
0.277064892463386,"cubic_unif",95,1,0.0333600814700772
0.723473047837615,"cubic_unif",95,1,0.0333600814700772
0.99947395757772,"cubic_unif",95,1,0.0333600814700772
0.000859767198562622,"cubic_unif",96,1,0.0329365618123687
0.995846143225208,"cubic_unif",96,1,0.0329365618123687
0.721385036827996,"cubic_unif",96,1,0.0329365618123687
0.276119651971385,"cubic_unif",96,1,0.0329365618123687
0.00206006970256567,"cubic_unif",97,1,0.0331607016373985
0.277336018392816,"cubic_unif",97,1,0.0331607016373985
0.999299799324945,"cubic_unif",97,1,0.0331607016373985
0.72256448562257,"cubic_unif",97,1,0.0331607016373985
0.275001263711601,"cubic_unif",98,1,0.0332439589878957
0.998186013894156,"cubic_unif",98,1,0.0332439589878957
0.722179377451539,"cubic_unif",98,1,0.0332439589878957
0.000112808775156736,"cubic_unif",98,1,0.0332439589878957
0.723367145517841,"cubic_unif",99,1,0.0330836839869727
0.277876802254468,"cubic_unif",99,1,0.0330836839869727
0.00258501409552991,"cubic_unif",99,1,0.0330836839869727
0.999050294514745,"cubic_unif",99,1,0.0330836839869727
0.277189445914701,"cubic_unif",100,1,0.0330242692409776
0.00247750175185502,"cubic_unif",100,1,0.0330242692409776
0.998348564142361,"cubic_unif",100,1,0.0330242692409776
0.721784457098693,"cubic_unif",100,1,0.0330242692409776
0.9996,"quadratic_biased",1,1,0.1321776154259
0,"quadratic_biased",1,1,0.1321776154259
0.4998,"quadratic_biased",1,1,0.1321776154259
1,"quadratic_biased",2,1,0.13228342099735
0.5,"quadratic_biased",2,1,0.13228342099735
0,"quadratic_biased",2,1,0.13228342099735
0.0013,"quadratic_biased",3,1,0.131886867490166
0.5006,"quadratic_biased",3,1,0.131886867490166
0.9998,"quadratic_biased",3,1,0.131886867490166
0.5002,"quadratic_biased",4,1,0.132283406887118
0,"quadratic_biased",4,1,0.132283406887118
1,"quadratic_biased",4,1,0.132283406887118
4e-04,"quadratic_biased",5,1,0.1321776154259
1,"quadratic_biased",5,1,0.1321776154259
0.5002,"quadratic_biased",5,1,0.1321776154259
0.9995,"quadratic_biased",6,1,0.132124728514185
0.4998,"quadratic_biased",6,1,0.132124728514185
1e-04,"quadratic_biased",6,1,0.132124728514185
0.4989,"quadratic_biased",7,1,0.132045268949763
0,"quadratic_biased",7,1,0.132045268949763
0.9991,"quadratic_biased",7,1,0.132045268949763
0.9998,"quadratic_biased",8,1,0.13220406196837
1e-04,"quadratic_biased",8,1,0.13220406196837
0.4999,"quadratic_biased",8,1,0.13220406196837
3e-04,"quadratic_biased",9,1,0.132151169765318
0.9998,"quadratic_biased",9,1,0.132151169765318
0.5001,"quadratic_biased",9,1,0.132151169765318
0.9997,"quadratic_biased",10,1,0.132204040803022
0,"quadratic_biased",10,1,0.132204040803022
0.4996,"quadratic_biased",10,1,0.132204040803022
0.9992,"quadratic_biased",11,1,0.132071848657586
0,"quadratic_biased",11,1,0.132071848657586
0.4997,"quadratic_biased",11,1,0.132071848657586
1,"quadratic_biased",12,1,0.13223050939273
0.5002,"quadratic_biased",12,1,0.13223050939273
2e-04,"quadratic_biased",12,1,0.13223050939273
3e-04,"quadratic_biased",13,1,0.132177615425899
0.5001,"quadratic_biased",13,1,0.132177615425899
0.9999,"quadratic_biased",13,1,0.132177615425899
0.9998,"quadratic_biased",14,1,0.132230512920288
0.4999,"quadratic_biased",14,1,0.132230512920288
0,"quadratic_biased",14,1,0.132230512920288
3e-04,"quadratic_biased",15,1,0.132124724986627
0.9997,"quadratic_biased",15,1,0.132124724986627
0.4999,"quadratic_biased",15,1,0.132124724986627
0.4998,"quadratic_biased",16,1,0.132177615425899
0.9996,"quadratic_biased",16,1,0.132177615425899
0,"quadratic_biased",16,1,0.132177615425899
0.5001,"quadratic_biased",17,1,0.132256964754095
1e-04,"quadratic_biased",17,1,0.132256964754095
1,"quadratic_biased",17,1,0.132256964754095
1,"quadratic_biased",18,1,0.132256957698979
0.5002,"quadratic_biased",18,1,0.132256957698979
1e-04,"quadratic_biased",18,1,0.132256957698979
1e-04,"quadratic_biased",19,1,0.132204054913254
0.9998,"quadratic_biased",19,1,0.132204054913254
0.5001,"quadratic_biased",19,1,0.132204054913254
0.9999,"quadratic_biased",20,1,0.132256957698979
0.4998,"quadratic_biased",20,1,0.132256957698979
0,"quadratic_biased",20,1,0.132256957698979
6e-04,"quadratic_biased",21,1,0.132098281089825
0.5001,"quadratic_biased",21,1,0.132098281089825
0.9999,"quadratic_biased",21,1,0.132098281089825
0.5002,"quadratic_biased",22,1,0.1321776154259
1,"quadratic_biased",22,1,0.1321776154259
4e-04,"quadratic_biased",22,1,0.1321776154259
0.4999,"quadratic_biased",23,1,0.132124714403953
0.9994,"quadratic_biased",23,1,0.132124714403953
0,"quadratic_biased",23,1,0.132124714403953
0.4999,"quadratic_biased",24,1,0.132283417469792
0,"quadratic_biased",24,1,0.132283417469792
1,"quadratic_biased",24,1,0.132283417469792
1,"quadratic_biased",25,1,0.132283417469792
0.5001,"quadratic_biased",25,1,0.132283417469792
0,"quadratic_biased",25,1,0.132283417469792
0,"quadratic_biased",26,1,0.13228342099735
1,"quadratic_biased",26,1,0.13228342099735
0.5,"quadratic_biased",26,1,0.13228342099735
0.5006,"quadratic_biased",27,1,0.132203991417202
3e-04,"quadratic_biased",27,1,0.132203991417202
1,"quadratic_biased",27,1,0.132203991417202
0.4999,"quadratic_biased",28,1,0.132204054913254
0.9999,"quadratic_biased",28,1,0.132204054913254
2e-04,"quadratic_biased",28,1,0.132204054913254
3e-04,"quadratic_biased",29,1,0.132151169765318
0.9998,"quadratic_biased",29,1,0.132151169765318
0.5001,"quadratic_biased",29,1,0.132151169765318
0.4998,"quadratic_biased",30,1,0.132098288144941
2e-04,"quadratic_biased",30,1,0.132098288144941
0.9995,"quadratic_biased",30,1,0.132098288144941
0.9996,"quadratic_biased",31,1,0.132124728514185
0.4999,"quadratic_biased",31,1,0.132124728514185
2e-04,"quadratic_biased",31,1,0.132124728514185
0.9999,"quadratic_biased",32,1,0.13220406196837
0.5,"quadratic_biased",32,1,0.13220406196837
2e-04,"quadratic_biased",32,1,0.13220406196837
0,"quadratic_biased",33,1,0.132230512920288
0.9998,"quadratic_biased",33,1,0.132230512920288
0.4999,"quadratic_biased",33,1,0.132230512920288
0.4998,"quadratic_biased",34,1,0.13220406196837
0.9997,"quadratic_biased",34,1,0.13220406196837
0,"quadratic_biased",34,1,0.13220406196837
0.9999,"quadratic_biased",35,1,0.132124728514185
5e-04,"quadratic_biased",35,1,0.132124728514185
0.5002,"quadratic_biased",35,1,0.132124728514185
0.9999,"quadratic_biased",36,1,0.132256957698979
0.4998,"quadratic_biased",36,1,0.132256957698979
0,"quadratic_biased",36,1,0.132256957698979
0,"quadratic_biased",37,1,0.132151099214151
0.9995,"quadratic_biased",37,1,0.132151099214151
0.5002,"quadratic_biased",37,1,0.132151099214151
1,"quadratic_biased",38,1,0.132230512920288
0.5001,"quadratic_biased",38,1,0.132230512920288
2e-04,"quadratic_biased",38,1,0.132230512920288
0.5001,"quadratic_biased",39,1,0.132177611898342
4e-04,"quadratic_biased",39,1,0.132177611898342
1,"quadratic_biased",39,1,0.132177611898342
0,"quadratic_biased",40,1,0.132283406887118
1,"quadratic_biased",40,1,0.132283406887118
0.4998,"quadratic_biased",40,1,0.132283406887118
0.5001,"quadratic_biased",41,1,0.132283417469792
1,"quadratic_biased",41,1,0.132283417469792
0,"quadratic_biased",41,1,0.132283417469792
0.5002,"quadratic_biased",42,1,0.132256957698979
1e-04,"quadratic_biased",42,1,0.132256957698979
1,"quadratic_biased",42,1,0.132256957698979
3e-04,"quadratic_biased",43,1,0.132098245814242
0.9996,"quadratic_biased",43,1,0.132098245814242
0.4996,"quadratic_biased",43,1,0.132098245814242
0.5004,"quadratic_biased",44,1,0.13215114859997
0.9999,"quadratic_biased",44,1,0.13215114859997
4e-04,"quadratic_biased",44,1,0.13215114859997
0.9998,"quadratic_biased",45,1,0.131781213603705
0.0017,"quadratic_biased",45,1,0.131781213603705
0.5006,"quadratic_biased",45,1,0.131781213603705
0.5002,"quadratic_biased",46,1,0.132071763996182
1e-04,"quadratic_biased",46,1,0.132071763996182
0.9993,"quadratic_biased",46,1,0.132071763996182
0.5001,"quadratic_biased",47,1,0.13199254959709
0.9997,"quadratic_biased",47,1,0.13199254959709
8e-04,"quadratic_biased",47,1,0.13199254959709
1e-04,"quadratic_biased",48,1,0.13223050939273
0.4999,"quadratic_biased",48,1,0.13223050939273
0.9999,"quadratic_biased",48,1,0.13223050939273
0.9995,"quadratic_biased",49,1,0.131913286694063
0.5002,"quadratic_biased",49,1,0.131913286694063
9e-04,"quadratic_biased",49,1,0.131913286694063
1e-04,"quadratic_biased",50,1,0.132151169765318
0.4999,"quadratic_biased",50,1,0.132151169765318
0.9996,"quadratic_biased",50,1,0.132151169765318
0.9991,"quadratic_biased",51,1,0.13199254959709
2e-04,"quadratic_biased",51,1,0.13199254959709
0.4995,"quadratic_biased",51,1,0.13199254959709
0.5,"quadratic_biased",52,1,0.13228342099735
0,"quadratic_biased",52,1,0.13228342099735
1,"quadratic_biased",52,1,0.13228342099735
1e-04,"quadratic_biased",53,1,0.132098281089825
0.4999,"quadratic_biased",53,1,0.132098281089825
0.9994,"quadratic_biased",53,1,0.132098281089825
0,"quadratic_biased",54,1,0.13223050939273
0.9998,"quadratic_biased",54,1,0.13223050939273
0.5,"quadratic_biased",54,1,0.13223050939273
1e-04,"quadratic_biased",55,1,0.132256964754095
1,"quadratic_biased",55,1,0.132256964754095
0.5,"quadratic_biased",55,1,0.132256964754095
0,"quadratic_biased",56,1,0.132283417469792
0.5001,"quadratic_biased",56,1,0.132283417469792
1,"quadratic_biased",56,1,0.132283417469792
0.9998,"quadratic_biased",57,1,0.132177601315668
0.4998,"quadratic_biased",57,1,0.132177601315668
2e-04,"quadratic_biased",57,1,0.132177601315668
0,"quadratic_biased",58,1,0.13223050939273
0.5,"quadratic_biased",58,1,0.13223050939273
0.9998,"quadratic_biased",58,1,0.13223050939273
3e-04,"quadratic_biased",59,1,0.132204040803022
1,"quadratic_biased",59,1,0.132204040803022
0.5004,"quadratic_biased",59,1,0.132204040803022
0.9999,"quadratic_biased",60,1,0.132256943588747
0.4997,"quadratic_biased",60,1,0.132256943588747
0,"quadratic_biased",60,1,0.132256943588747
1,"quadratic_biased",61,1,0.132283417469792
0.5001,"quadratic_biased",61,1,0.132283417469792
0,"quadratic_biased",61,1,0.132283417469792
1e-04,"quadratic_biased",62,1,0.132230498810056
0.4998,"quadratic_biased",62,1,0.132230498810056
0.9999,"quadratic_biased",62,1,0.132230498810056
0,"quadratic_biased",63,1,0.132256922423397
0.5003,"quadratic_biased",63,1,0.132256922423397
0.9999,"quadratic_biased",63,1,0.132256922423397
0.4996,"quadratic_biased",64,1,0.132230424731326
2e-04,"quadratic_biased",64,1,0.132230424731326
1,"quadratic_biased",64,1,0.132230424731326
0,"quadratic_biased",65,1,0.132177615425899
0.9996,"quadratic_biased",65,1,0.132177615425899
0.4998,"quadratic_biased",65,1,0.132177615425899
3e-04,"quadratic_biased",66,1,0.13220406196837
1,"quadratic_biased",66,1,0.13220406196837
0.5002,"quadratic_biased",66,1,0.13220406196837
0,"quadratic_biased",67,1,0.132283417469792
1,"quadratic_biased",67,1,0.132283417469792
0.5001,"quadratic_biased",67,1,0.132283417469792
0,"quadratic_biased",68,1,0.132283406887118
0.5002,"quadratic_biased",68,1,0.132283406887118
1,"quadratic_biased",68,1,0.132283406887118
0.9998,"quadratic_biased",69,1,0.132230512920288
0.4999,"quadratic_biased",69,1,0.132230512920288
0,"quadratic_biased",69,1,0.132230512920288
0.9998,"quadratic_biased",70,1,0.13223050939273
0,"quadratic_biased",70,1,0.13223050939273
0.5,"quadratic_biased",70,1,0.13223050939273
0.5001,"quadratic_biased",71,1,0.132071820437121
0.9994,"quadratic_biased",71,1,0.132071820437121
2e-04,"quadratic_biased",71,1,0.132071820437121
0.4998,"quadratic_biased",72,1,0.132098288144941
0.9994,"quadratic_biased",72,1,0.132098288144941
1e-04,"quadratic_biased",72,1,0.132098288144941
0,"quadratic_biased",73,1,0.132018986438776
0.4995,"quadratic_biased",73,1,0.132018986438776
0.999,"quadratic_biased",73,1,0.132018986438776
4e-04,"quadratic_biased",74,1,0.132151162710203
0.9999,"quadratic_biased",74,1,0.132151162710203
0.5,"quadratic_biased",74,1,0.132151162710203
9e-04,"quadratic_biased",75,1,0.13204541005212
1,"quadratic_biased",75,1,0.13204541005212
0.5006,"quadratic_biased",75,1,0.13204541005212
0,"quadratic_biased",76,1,0.13223050939273
0.5,"quadratic_biased",76,1,0.13223050939273
0.9998,"quadratic_biased",76,1,0.13223050939273
1,"quadratic_biased",77,1,0.132283406887118
0.4998,"quadratic_biased",77,1,0.132283406887118
0,"quadratic_biased",77,1,0.132283406887118
0,"quadratic_biased",78,1,0.13228342099735
1,"quadratic_biased",78,1,0.13228342099735
0.5,"quadratic_biased",78,1,0.13228342099735
2e-04,"quadratic_biased",79,1,0.132230287156486
1,"quadratic_biased",79,1,0.132230287156486
0.5009,"quadratic_biased",79,1,0.132230287156486
0.9997,"quadratic_biased",80,1,0.132204019637672
0,"quadratic_biased",80,1,0.132204019637672
0.5002,"quadratic_biased",80,1,0.132204019637672
1,"quadratic_biased",81,1,0.132256964754095
1e-04,"quadratic_biased",81,1,0.132256964754095
0.5,"quadratic_biased",81,1,0.132256964754095
0,"quadratic_biased",82,1,0.132283417469792
0.5001,"quadratic_biased",82,1,0.132283417469792
1,"quadratic_biased",82,1,0.132283417469792
0.9998,"quadratic_biased",83,1,0.13204541005212
7e-04,"quadratic_biased",83,1,0.13204541005212
0.5004,"quadratic_biased",83,1,0.13204541005212
3e-04,"quadratic_biased",84,1,0.132177611898342
0.9999,"quadratic_biased",84,1,0.132177611898342
0.5,"quadratic_biased",84,1,0.132177611898342
0.9999,"quadratic_biased",85,1,0.131966127747525
0.5004,"quadratic_biased",85,1,0.131966127747525
0.0011,"quadratic_biased",85,1,0.131966127747525
0,"quadratic_biased",86,1,0.132071838074912
0.4998,"quadratic_biased",86,1,0.132071838074912
0.9992,"quadratic_biased",86,1,0.132071838074912
1,"quadratic_biased",87,1,0.132177611898342
4e-04,"quadratic_biased",87,1,0.132177611898342
0.5003,"quadratic_biased",87,1,0.132177611898342
0.9999,"quadratic_biased",88,1,0.13220406196837
0.5001,"quadratic_biased",88,1,0.13220406196837
2e-04,"quadratic_biased",88,1,0.13220406196837
1e-04,"quadratic_biased",89,1,0.132256964754095
0.5001,"quadratic_biased",89,1,0.132256964754095
1,"quadratic_biased",89,1,0.132256964754095
1,"quadratic_biased",90,1,0.132256964754095
0.5001,"quadratic_biased",90,1,0.132256964754095
1e-04,"quadratic_biased",90,1,0.132256964754095
0,"quadratic_biased",91,1,0.132283417469792
0.5001,"quadratic_biased",91,1,0.132283417469792
1,"quadratic_biased",91,1,0.132283417469792
1,"quadratic_biased",92,1,0.13223050939273
0.5002,"quadratic_biased",92,1,0.13223050939273
2e-04,"quadratic_biased",92,1,0.13223050939273
0,"quadratic_biased",93,1,0.132256957698979
0.5001,"quadratic_biased",93,1,0.132256957698979
0.9999,"quadratic_biased",93,1,0.132256957698979
1e-04,"quadratic_biased",94,1,0.132177601315668
0.5001,"quadratic_biased",94,1,0.132177601315668
0.9997,"quadratic_biased",94,1,0.132177601315668
0.4999,"quadratic_biased",95,1,0.132018982911218
5e-04,"quadratic_biased",95,1,0.132018982911218
0.9995,"quadratic_biased",95,1,0.132018982911218
1,"quadratic_biased",96,1,0.13228342099735
0,"quadratic_biased",96,1,0.13228342099735
0.5,"quadratic_biased",96,1,0.13228342099735
1,"quadratic_biased",97,1,0.13223050939273
0.5002,"quadratic_biased",97,1,0.13223050939273
2e-04,"quadratic_biased",97,1,0.13223050939273
1e-04,"quadratic_biased",98,1,0.132256922423397
0.4997,"quadratic_biased",98,1,0.132256922423397
1,"quadratic_biased",98,1,0.132256922423397
0.9999,"quadratic_biased",99,1,0.132230512920288
1e-04,"quadratic_biased",99,1,0.132230512920288
0.5,"quadratic_biased",99,1,0.132230512920288
1e-04,"quadratic_biased",100,1,0.132256964754095
1,"quadratic_biased",100,1,0.132256964754095
0.5,"quadratic_biased",100,1,0.132256964754095
0.7218,"cubic_biased",1,1,0.033386234898576
0.9998,"cubic_biased",1,1,0.033386234898576
0.2751,"cubic_biased",1,1,0.033386234898576
3e-04,"cubic_biased",1,1,0.033386234898576
0.7234,"cubic_biased",2,1,0.0333367476728092
0.9991,"cubic_biased",2,1,0.0333367476728092
0.2759,"cubic_biased",2,1,0.0333367476728092
1e-04,"cubic_biased",2,1,0.0333367476728092
0.7247,"cubic_biased",3,1,0.0333562282968254
0.9993,"cubic_biased",3,1,0.0333562282968254
1e-04,"cubic_biased",3,1,0.0333562282968254
0.2778,"cubic_biased",3,1,0.0333562282968254
0.9996,"cubic_biased",4,1,0.0333857286676702
0.2771,"cubic_biased",4,1,0.0333857286676702
1e-04,"cubic_biased",4,1,0.0333857286676702
0.721,"cubic_biased",4,1,0.0333857286676702
0.9998,"cubic_biased",5,1,0.0334168922607032
0.2765,"cubic_biased",5,1,0.0334168922607032
0,"cubic_biased",5,1,0.0334168922607032
0.7229,"cubic_biased",5,1,0.0334168922607032
1e-04,"cubic_biased",6,1,0.0333959041385383
0.7214,"cubic_biased",6,1,0.0333959041385383
0.9997,"cubic_biased",6,1,0.0333959041385383
0.2744,"cubic_biased",6,1,0.0333959041385383
8e-04,"cubic_biased",7,1,0.0333561866673467
1,"cubic_biased",7,1,0.0333561866673467
0.7255,"cubic_biased",7,1,0.0333561866673467
0.2785,"cubic_biased",7,1,0.0333561866673467
1e-04,"cubic_biased",8,0.999,0.0334108169864095
0.2754,"cubic_biased",8,0.999,0.0334108169864095
0.7173,"cubic_biased",8,0.999,0.0334108169864095
0.9999,"cubic_biased",8,0.999,0.0334108169864095
0.2725,"cubic_biased",9,1,0.0334145055147672
0.9999,"cubic_biased",9,1,0.0334145055147672
0.7228,"cubic_biased",9,1,0.0334145055147672
1e-04,"cubic_biased",9,1,0.0334145055147672
3e-04,"cubic_biased",10,1,0.0334068795478889
1,"cubic_biased",10,1,0.0334068795478889
0.7232,"cubic_biased",10,1,0.0334068795478889
0.2762,"cubic_biased",10,1,0.0334068795478889
0,"cubic_biased",11,1,0.0334267814323845
0.9999,"cubic_biased",11,1,0.0334267814323845
0.2762,"cubic_biased",11,1,0.0334267814323845
0.7224,"cubic_biased",11,1,0.0334267814323845
0.2794,"cubic_biased",12,1,0.0333547748225979
5e-04,"cubic_biased",12,1,0.0333547748225979
0.7219,"cubic_biased",12,1,0.0333547748225979
0.9997,"cubic_biased",12,1,0.0333547748225979
2e-04,"cubic_biased",13,1,0.0333966229360136
0.2774,"cubic_biased",13,1,0.0333966229360136
0.9998,"cubic_biased",13,1,0.0333966229360136
0.7247,"cubic_biased",13,1,0.0333966229360136
0.2762,"cubic_biased",14,1,0.0334068762845641
0.9997,"cubic_biased",14,1,0.0334068762845641
0,"cubic_biased",14,1,0.0334068762845641
0.7228,"cubic_biased",14,1,0.0334068762845641
1e-04,"cubic_biased",15,1,0.0334068320764141
0.2763,"cubic_biased",15,1,0.0334068320764141
0.7227,"cubic_biased",15,1,0.0334068320764141
0.9998,"cubic_biased",15,1,0.0334068320764141
0.7244,"cubic_biased",16,1,0.0333366431097825
1,"cubic_biased",16,1,0.0333366431097825
0.001,"cubic_biased",16,1,0.0333366431097825
0.2764,"cubic_biased",16,1,0.0333366431097825
0.9994,"cubic_biased",17,1,0.0332956405568165
8e-04,"cubic_biased",17,1,0.0332956405568165
0.2742,"cubic_biased",17,1,0.0332956405568165
0.7221,"cubic_biased",17,1,0.0332956405568165
0,"cubic_biased",18,1,0.0333753887664463
0.9994,"cubic_biased",18,1,0.0333753887664463
0.2793,"cubic_biased",18,1,0.0333753887664463
0.7238,"cubic_biased",18,1,0.0333753887664463
0.7239,"cubic_biased",19,1,0.0333262370831002
0.2751,"cubic_biased",19,1,0.0333262370831002
7e-04,"cubic_biased",19,1,0.0333262370831002
0.9996,"cubic_biased",19,1,0.0333262370831002
0.9976,"cubic_biased",20,1,0.0331168509436707
0.721,"cubic_biased",20,1,0.0331168509436707
0.2758,"cubic_biased",20,1,0.0331168509436707
8e-04,"cubic_biased",20,1,0.0331168509436707
0.7234,"cubic_biased",21,1,0.0334169464194845
0.9999,"cubic_biased",21,1,0.0334169464194845
0.2762,"cubic_biased",21,1,0.0334169464194845
1e-04,"cubic_biased",21,1,0.0334169464194845
3e-04,"cubic_biased",22,1,0.0333968022493369
0.7228,"cubic_biased",22,1,0.0333968022493369
0.9999,"cubic_biased",22,1,0.0333968022493369
0.2764,"cubic_biased",22,1,0.0333968022493369
2e-04,"cubic_biased",23,1,0.0334069296765105
0.7235,"cubic_biased",23,1,0.0334069296765105
0.2765,"cubic_biased",23,1,0.0334069296765105
0.9999,"cubic_biased",23,1,0.0334069296765105
0.9996,"cubic_biased",24,1,0.0333666443815186
0.2765,"cubic_biased",24,1,0.0333666443815186
3e-04,"cubic_biased",24,1,0.0333666443815186
0.7245,"cubic_biased",24,1,0.0333666443815186
0.9996,"cubic_biased",25,1,0.0333951960124895
0.7222,"cubic_biased",25,1,0.0333951960124895
0,"cubic_biased",25,1,0.0333951960124895
0.273,"cubic_biased",25,1,0.0333951960124895
0.2757,"cubic_biased",26,1,0.0334066173807476
0.722,"cubic_biased",26,1,0.0334066173807476
0,"cubic_biased",26,1,0.0334066173807476
0.9997,"cubic_biased",26,1,0.0334066173807476
1,"cubic_biased",27,1,0.0334366319960685
0.2774,"cubic_biased",27,1,0.0334366319960685
0,"cubic_biased",27,1,0.0334366319960685
0.7227,"cubic_biased",27,1,0.0334366319960685
0,"cubic_biased",28,1,0.0333665061402792
0.2763,"cubic_biased",28,1,0.0333665061402792
0.7217,"cubic_biased",28,1,0.0333665061402792
0.9993,"cubic_biased",28,1,0.0333665061402792
0.724,"cubic_biased",29,1,0.0334164701182726
0,"cubic_biased",29,1,0.0334164701182726
0.9998,"cubic_biased",29,1,0.0334164701182726
0.2781,"cubic_biased",29,1,0.0334164701182726
0.9997,"cubic_biased",30,0.999,0.0334014007040628
0.2766,"cubic_biased",30,0.999,0.0334014007040628
0.7177,"cubic_biased",30,0.999,0.0334014007040628
0,"cubic_biased",30,0.999,0.0334014007040628
1,"cubic_biased",31,1,0.033396480577904
0.2766,"cubic_biased",31,1,0.033396480577904
4e-04,"cubic_biased",31,1,0.033396480577904
0.7221,"cubic_biased",31,1,0.033396480577904
0.7235,"cubic_biased",32,1,0.0333258920257903
1,"cubic_biased",32,1,0.0333258920257903
0.0011,"cubic_biased",32,1,0.0333258920257903
0.2748,"cubic_biased",32,1,0.0333258920257903
0.9995,"cubic_biased",33,1,0.0333865840227314
0,"cubic_biased",33,1,0.0333865840227314
0.277,"cubic_biased",33,1,0.0333865840227314
0.7223,"cubic_biased",33,1,0.0333865840227314
1,"cubic_biased",34,1,0.0334169491025644
0.2764,"cubic_biased",34,1,0.0334169491025644
0.7238,"cubic_biased",34,1,0.0334169491025644
2e-04,"cubic_biased",34,1,0.0334169491025644
5e-04,"cubic_biased",35,1,0.0333666267663943
0.2774,"cubic_biased",35,1,0.0333666267663943
0.9998,"cubic_biased",35,1,0.0333666267663943
0.7247,"cubic_biased",35,1,0.0333666267663943
0.7239,"cubic_biased",36,1,0.033376745576454
5e-04,"cubic_biased",36,1,0.033376745576454
0.9999,"cubic_biased",36,1,0.033376745576454
0.2776,"cubic_biased",36,1,0.033376745576454
0.9998,"cubic_biased",37,1,0.0334162238994778
0.2779,"cubic_biased",37,1,0.0334162238994778
0.7253,"cubic_biased",37,1,0.0334162238994778
0,"cubic_biased",37,1,0.0334162238994778
0.9999,"cubic_biased",38,1,0.0333959310482701
3e-04,"cubic_biased",38,1,0.0333959310482701
0.277,"cubic_biased",38,1,0.0333959310482701
0.7261,"cubic_biased",38,1,0.0333959310482701
0.7211,"cubic_biased",39,0.999,0.033402291250662
0.9998,"cubic_biased",39,0.999,0.033402291250662
0.2711,"cubic_biased",39,0.999,0.033402291250662
1e-04,"cubic_biased",39,0.999,0.033402291250662
0.9999,"cubic_biased",40,1,0.0334268439845426
0,"cubic_biased",40,1,0.0334268439845426
0.2756,"cubic_biased",40,1,0.0334268439845426
0.7228,"cubic_biased",40,1,0.0334268439845426
0.7223,"cubic_biased",41,1,0.0333867068428759
0.2763,"cubic_biased",41,1,0.0333867068428759
0.9996,"cubic_biased",41,1,0.0333867068428759
1e-04,"cubic_biased",41,1,0.0333867068428759
0.2786,"cubic_biased",42,1,0.0334251476691168
0.7266,"cubic_biased",42,1,0.0334251476691168
0.9999,"cubic_biased",42,1,0.0334251476691168
0,"cubic_biased",42,1,0.0334251476691168
0.9992,"cubic_biased",43,1,0.0333563673580701
0,"cubic_biased",43,1,0.0333563673580701
0.2774,"cubic_biased",43,1,0.0333563673580701
0.7245,"cubic_biased",43,1,0.0333563673580701
8e-04,"cubic_biased",44,1,0.0333267315897391
0.9997,"cubic_biased",44,1,0.0333267315897391
0.723,"cubic_biased",44,1,0.0333267315897391
0.2769,"cubic_biased",44,1,0.0333267315897391
1e-04,"cubic_biased",45,1,0.0334264939482911
0.2747,"cubic_biased",45,1,0.0334264939482911
1,"cubic_biased",45,1,0.0334264939482911
0.7231,"cubic_biased",45,1,0.0334264939482911
5e-04,"cubic_biased",46,1,0.0333360324681828
0.9995,"cubic_biased",46,1,0.0333360324681828
0.7228,"cubic_biased",46,1,0.0333360324681828
0.2744,"cubic_biased",46,1,0.0333360324681828
1,"cubic_biased",47,1,0.0334065019128507
3e-04,"cubic_biased",47,1,0.0334065019128507
0.2752,"cubic_biased",47,1,0.0334065019128507
0.7225,"cubic_biased",47,1,0.0334065019128507
0.2768,"cubic_biased",48,1,0.033416932884435
1e-04,"cubic_biased",48,1,0.033416932884435
0.9999,"cubic_biased",48,1,0.033416932884435
0.7238,"cubic_biased",48,1,0.033416932884435
1e-04,"cubic_biased",49,1,0.0334260554093357
0.7212,"cubic_biased",49,1,0.0334260554093357
1,"cubic_biased",49,1,0.0334260554093357
0.2757,"cubic_biased",49,1,0.0334260554093357
0.2757,"cubic_biased",50,1,0.0334165077731805
0.9999,"cubic_biased",50,1,0.0334165077731805
0.7219,"cubic_biased",50,1,0.0334165077731805
1e-04,"cubic_biased",50,1,0.0334165077731805
0.7236,"cubic_biased",51,1,0.0334369060552459
0.2772,"cubic_biased",51,1,0.0334369060552459
1,"cubic_biased",51,1,0.0334369060552459
0,"cubic_biased",51,1,0.0334369060552459
0.9999,"cubic_biased",52,1,0.0334269846517062
0.7235,"cubic_biased",52,1,0.0334269846517062
0,"cubic_biased",52,1,0.0334269846517062
0.2764,"cubic_biased",52,1,0.0334269846517062
1e-04,"cubic_biased",53,1,0.0333662034894185
0.9994,"cubic_biased",53,1,0.0333662034894185
0.7224,"cubic_biased",53,1,0.0333662034894185
0.2743,"cubic_biased",53,1,0.0333662034894185
1e-04,"cubic_biased",54,1,0.0334058999482389
0.721,"cubic_biased",54,1,0.0334058999482389
0.9998,"cubic_biased",54,1,0.0334058999482389
0.2764,"cubic_biased",54,1,0.0334058999482389
0.7224,"cubic_biased",55,1,0.0334265354541519
0.9999,"cubic_biased",55,1,0.0334265354541519
0,"cubic_biased",55,1,0.0334265354541519
0.2773,"cubic_biased",55,1,0.0334265354541519
0.7242,"cubic_biased",56,1,0.0333466929070754
5e-04,"cubic_biased",56,1,0.0333466929070754
0.2773,"cubic_biased",56,1,0.0333466929070754
0.9996,"cubic_biased",56,1,0.0333466929070754
0.2771,"cubic_biased",57,1,0.0333267358427108
0.9993,"cubic_biased",57,1,0.0333267358427108
0.7234,"cubic_biased",57,1,0.0333267358427108
4e-04,"cubic_biased",57,1,0.0333267358427108
0.7237,"cubic_biased",58,1,0.0333864855234738
5e-04,"cubic_biased",58,1,0.0333864855234738
0.2752,"cubic_biased",58,1,0.0333864855234738
1,"cubic_biased",58,1,0.0333864855234738
0.7237,"cubic_biased",59,1,0.033356333779075
0.275,"cubic_biased",59,1,0.033356333779075
0.9997,"cubic_biased",59,1,0.033356333779075
5e-04,"cubic_biased",59,1,0.033356333779075
0.2785,"cubic_biased",60,1,0.033346333585206
0.7239,"cubic_biased",60,1,0.033346333585206
0.9997,"cubic_biased",60,1,0.033346333585206
6e-04,"cubic_biased",60,1,0.033346333585206
0.7248,"cubic_biased",61,1,0.0333765123199358
0.9998,"cubic_biased",61,1,0.0333765123199358
0.2761,"cubic_biased",61,1,0.0333765123199358
4e-04,"cubic_biased",61,1,0.0333765123199358
0.2765,"cubic_biased",62,1,0.0333866211180018
2e-04,"cubic_biased",62,1,0.0333866211180018
0.9997,"cubic_biased",62,1,0.0333866211180018
0.7222,"cubic_biased",62,1,0.0333866211180018
0.9998,"cubic_biased",63,1,0.0333561839174672
0.2768,"cubic_biased",63,1,0.0333561839174672
0.7256,"cubic_biased",63,1,0.0333561839174672
6e-04,"cubic_biased",63,1,0.0333561839174672
0.2764,"cubic_biased",64,1,0.0333568284239116
0.9995,"cubic_biased",64,1,0.0333568284239116
0.7234,"cubic_biased",64,1,0.0333568284239116
3e-04,"cubic_biased",64,1,0.0333568284239116
0.7236,"cubic_biased",65,1,0.0331268836496485
0.0014,"cubic_biased",65,1,0.0331268836496485
0.9983,"cubic_biased",65,1,0.0331268836496485
0.2775,"cubic_biased",65,1,0.0331268836496485
0.722,"cubic_biased",66,1,0.0334165678653742
0,"cubic_biased",66,1,0.0334165678653742
0.9998,"cubic_biased",66,1,0.0334165678653742
0.2754,"cubic_biased",66,1,0.0334165678653742
1,"cubic_biased",67,1,0.0333768497736241
0.7237,"cubic_biased",67,1,0.0333768497736241
6e-04,"cubic_biased",67,1,0.0333768497736241
0.2771,"cubic_biased",67,1,0.0333768497736241
0.9995,"cubic_biased",68,1,0.0333765066055108
0.723,"cubic_biased",68,1,0.0333765066055108
1e-04,"cubic_biased",68,1,0.0333765066055108
0.2777,"cubic_biased",68,1,0.0333765066055108
0.2766,"cubic_biased",69,1,0.033416946165219
0,"cubic_biased",69,1,0.033416946165219
0.9998,"cubic_biased",69,1,0.033416946165219
0.7235,"cubic_biased",69,1,0.033416946165219
0.2769,"cubic_biased",70,1,0.0333467951022381
0.9999,"cubic_biased",70,1,0.0333467951022381
8e-04,"cubic_biased",70,1,0.0333467951022381
0.7241,"cubic_biased",70,1,0.0333467951022381
0.2764,"cubic_biased",71,1,0.0331752334814695
0.0011,"cubic_biased",71,1,0.0331752334814695
0.7196,"cubic_biased",71,1,0.0331752334814695
0.9985,"cubic_biased",71,1,0.0331752334814695
0.9998,"cubic_biased",72,1,0.0334166245111438
0.2765,"cubic_biased",72,1,0.0334166245111438
0.7221,"cubic_biased",72,1,0.0334166245111438
0,"cubic_biased",72,1,0.0334166245111438
0.9998,"cubic_biased",73,1,0.0334067130837214
1e-04,"cubic_biased",73,1,0.0334067130837214
0.7224,"cubic_biased",73,1,0.0334067130837214
0.2757,"cubic_biased",73,1,0.0334067130837214
0.7227,"cubic_biased",74,1,0.033416771379072
0,"cubic_biased",74,1,0.033416771379072
0.2769,"cubic_biased",74,1,0.033416771379072
0.9998,"cubic_biased",74,1,0.033416771379072
0.9999,"cubic_biased",75,1,0.0334062821684035
0.2773,"cubic_biased",75,1,0.0334062821684035
0.7256,"cubic_biased",75,1,0.0334062821684035
2e-04,"cubic_biased",75,1,0.0334062821684035
0.7249,"cubic_biased",76,1,0.0334166673611615
0.9999,"cubic_biased",76,1,0.0334166673611615
1e-04,"cubic_biased",76,1,0.0334166673611615
0.277,"cubic_biased",76,1,0.0334166673611615
0,"cubic_biased",77,1,0.0334369996474813
0.2762,"cubic_biased",77,1,0.0334369996474813
0.7238,"cubic_biased",77,1,0.0334369996474813
1,"cubic_biased",77,1,0.0334369996474813
0.7214,"cubic_biased",78,1,0.0333859008070365
0.9996,"cubic_biased",78,1,0.0333859008070365
0.2774,"cubic_biased",78,1,0.0333859008070365
1e-04,"cubic_biased",78,1,0.0333859008070365
0.9986,"cubic_biased",79,1,0.0332860809029675
1e-04,"cubic_biased",79,1,0.0332860809029675
0.2769,"cubic_biased",79,1,0.0332860809029675
0.7247,"cubic_biased",79,1,0.0332860809029675
4e-04,"cubic_biased",80,1,0.0333667522953519
0.9997,"cubic_biased",80,1,0.0333667522953519
0.2773,"cubic_biased",80,1,0.0333667522953519
0.724,"cubic_biased",80,1,0.0333667522953519
0.9998,"cubic_biased",81,1,0.0332565517814412
0.2773,"cubic_biased",81,1,0.0332565517814412
0.0016,"cubic_biased",81,1,0.0332565517814412
0.7227,"cubic_biased",81,1,0.0332565517814412
0.9994,"cubic_biased",82,1,0.0333355710446007
4e-04,"cubic_biased",82,1,0.0333355710446007
0.2748,"cubic_biased",82,1,0.0333355710446007
0.7207,"cubic_biased",82,1,0.0333355710446007
0.9998,"cubic_biased",83,1,0.0333666572369694
5e-04,"cubic_biased",83,1,0.0333666572369694
0.7225,"cubic_biased",83,1,0.0333666572369694
0.2764,"cubic_biased",83,1,0.0333666572369694
0.9995,"cubic_biased",84,1,0.0333664947593228
2e-04,"cubic_biased",84,1,0.0333664947593228
0.7237,"cubic_biased",84,1,0.0333664947593228
0.2779,"cubic_biased",84,1,0.0333664947593228
0.2762,"cubic_biased",85,1,0.0333667864851589
0.9993,"cubic_biased",85,1,0.0333667864851589
0,"cubic_biased",85,1,0.0333667864851589
0.7225,"cubic_biased",85,1,0.0333667864851589
0.7249,"cubic_biased",86,1,0.0333059760698556
1e-04,"cubic_biased",86,1,0.0333059760698556
0.2774,"cubic_biased",86,1,0.0333059760698556
0.9988,"cubic_biased",86,1,0.0333059760698556
0.274,"cubic_biased",87,1,0.033355688165202
0.9996,"cubic_biased",87,1,0.033355688165202
0.722,"cubic_biased",87,1,0.033355688165202
4e-04,"cubic_biased",87,1,0.033355688165202
0.9999,"cubic_biased",88,1,0.0334148651278986
0.7199,"cubic_biased",88,1,0.0334148651278986
1e-04,"cubic_biased",88,1,0.0334148651278986
0.2756,"cubic_biased",88,1,0.0334148651278986
1,"cubic_biased",89,1,0.0334068312225599
0.2763,"cubic_biased",89,1,0.0334068312225599
3e-04,"cubic_biased",89,1,0.0334068312225599
0.7229,"cubic_biased",89,1,0.0334068312225599
0.7239,"cubic_biased",90,1,0.0334168625079002
0.9999,"cubic_biased",90,1,0.0334168625079002
0.2772,"cubic_biased",90,1,0.0334168625079002
1e-04,"cubic_biased",90,1,0.0334168625079002
4e-04,"cubic_biased",91,1,0.0333763816396215
0.7224,"cubic_biased",91,1,0.0333763816396215
0.2776,"cubic_biased",91,1,0.0333763816396215
0.9998,"cubic_biased",91,1,0.0333763816396215
0.7229,"cubic_biased",92,1,0.0333567485144156
0.9995,"cubic_biased",92,1,0.0333567485144156
3e-04,"cubic_biased",92,1,0.0333567485144156
0.2758,"cubic_biased",92,1,0.0333567485144156
0.2752,"cubic_biased",93,1,0.033246449083605
0.7218,"cubic_biased",93,1,0.033246449083605
6e-04,"cubic_biased",93,1,0.033246449083605
0.9987,"cubic_biased",93,1,0.033246449083605
0.7196,"cubic_biased",94,1,0.0334141350175994
2e-04,"cubic_biased",94,1,0.0334141350175994
1,"cubic_biased",94,1,0.0334141350175994
0.2743,"cubic_biased",94,1,0.0334141350175994
6e-04,"cubic_biased",95,1,0.033376801746245
1,"cubic_biased",95,1,0.033376801746245
0.7233,"cubic_biased",95,1,0.033376801746245
0.2763,"cubic_biased",95,1,0.033376801746245
0.7247,"cubic_biased",96,1,0.0333866653080851
0.9999,"cubic_biased",96,1,0.0333866653080851
4e-04,"cubic_biased",96,1,0.0333866653080851
0.2764,"cubic_biased",96,1,0.0333866653080851
0.9998,"cubic_biased",97,1,0.0333566434665293
0.2777,"cubic_biased",97,1,0.0333566434665293
6e-04,"cubic_biased",97,1,0.0333566434665293
0.7233,"cubic_biased",97,1,0.0333566434665293
0.2755,"cubic_biased",98,1,0.033436884420012
0,"cubic_biased",98,1,0.033436884420012
0.7232,"cubic_biased",98,1,0.033436884420012
1,"cubic_biased",98,1,0.033436884420012
0.7236,"cubic_biased",99,1,0.0333467012399213
5e-04,"cubic_biased",99,1,0.0333467012399213
0.2775,"cubic_biased",99,1,0.0333467012399213
0.9996,"cubic_biased",99,1,0.0333467012399213
0,"cubic_biased",100,1,0.0333066387477886
0.2758,"cubic_biased",100,1,0.0333066387477886
0.9987,"cubic_biased",100,1,0.0333066387477886
0.7235,"cubic_biased",100,1,0.0333066387477886
