"D","real_coefficients_prf_sum","noise_coefficients_prf_sum","coefficient_distance","coefficient_refit_distance","linear_fit_distance","linear_refit_distance","names","id"
0.0794558311904887,2.58094195434497e-07,36.709697597833,2.98589408770797,23.8013106203702,35.4391510044902,19.5879478465548,"Uniform Sample",1
0.0987486567997791,0.0509932257611603,57.2229538760654,4.10117559940756,26.4690559858318,47.7166879013705,15.863232265437,"Biased Sample",1
0.0793862819820976,0.000545213644412438,54.533420249022,3.44868334576556,25.6329212239575,42.0771190643599,14.1443075430106,"Uniform Sample",2
0.096772727936173,0.0247578594520264,55.9292822749562,4.35776741165319,27.8352642977152,54.0390127433378,22.5251179209647,"Biased Sample",2
0.0802142529674724,0.00194898385207212,45.6911392650612,3.76264736855868,28.4720685116873,44.5771005986917,24.6630423572385,"Uniform Sample",3
0.0963266420251113,0.297569799743911,68.8957483907532,3.5233134853158,29.8505053377725,41.7576482106724,45.2531400506005,"Biased Sample",3
0.0785088670522214,0.601997074284532,54.4735163936971,3.14185878791114,13.0977279093364,35.1382382454172,14.5668296286221,"Uniform Sample",4
0.0967947375200034,0.0129396355780511,50.8000114807517,5.20172755078337,15.3319434285332,67.7098936895301,31.4400334485108,"Biased Sample",4
0.0779566856827043,0.000314451374874653,57.3454395387296,2.4380788218366,22.9165401958488,27.3281663319383,13.586433002589,"Uniform Sample",5
0.0975890750576447,0.00958557309529293,54.8912649803572,3.52685425584241,21.955161767266,44.645886552058,20.0624111916832,"Biased Sample",5
0.0796943865780026,0.0126789673662191,24.5225186727716,4.62919041105613,23.7432715678603,58.6316012264863,26.0174289494166,"Uniform Sample",6
0.096773109943978,0.0654023042282346,31.7956572948896,6.02876791862525,23.6458028588955,76.4897391552763,15.2577577709881,"Biased Sample",6
0.0809542401212493,0.00083108267636326,47.947478551293,2.51506492136645,19.4485839603045,28.7600937878943,36.1317738614354,"Uniform Sample",7
0.0992075094536428,1.75848189687437,30.1995703564391,7.36100071283874,22.6958186850979,90.269041023448,14.7833171621468,"Biased Sample",7
0.0757372841950974,0.00363009033289613,55.949063655564,2.79100644131317,27.1538322136994,30.3343273188566,21.6416112172867,"Uniform Sample",8
0.0948397231014428,0.735124905399514,49.0212220264286,5.02207903071933,23.0641218758337,58.1186666453742,18.9621692713196,"Biased Sample",8
0.0782743415903548,0.00432392401576927,58.3505918232593,3.02802219300981,24.6523608228346,35.707967072784,18.2862499974853,"Uniform Sample",9
0.0990650540656869,0.815466105061467,62.7519506340321,5.05009344166978,19.5925531728015,65.2199060090244,16.4543875670024,"Biased Sample",9
0.0772177279645504,0.000509486092377648,47.0198923553645,2.60313584300346,27.4237691227664,31.5863932744907,19.002296176509,"Uniform Sample",10
0.0989584420381871,0.000607001622900679,31.8982428672631,6.4328966952946,28.8412274836121,83.1741900420413,22.4048606941506,"Biased Sample",10
0.0787167400630941,0.0113211460877019,62.43590578548,3.37240974881754,26.7018387857831,37.3551149891127,37.5209510423987,"Uniform Sample",11
0.0982701320749823,0.507116693057889,63.2416815871456,5.34056947651756,25.2515447311086,67.288726149602,50.9881398407408,"Biased Sample",11
0.076932959214922,0.000111949820379725,53.653074146629,2.50874072950606,25.8511196504443,27.3701808783734,13.7963329918134,"Uniform Sample",12
0.0985934314051969,0.0158117783666383,46.5699645549623,4.60723338464897,25.6314893719289,56.3041674822842,16.8166995218129,"Biased Sample",12
0.0782697155185591,0.0390999348047091,50.2802898864869,3.03499453343804,30.6832230238244,33.4507611447961,55.4008802477787,"Uniform Sample",13
0.0977345863266954,0.0381050681265052,48.6088024020183,5.59208911075939,28.732347827674,68.8453989694215,135.484191133173,"Biased Sample",13
0.0775919384039594,0.582147846333409,38.4279981714049,4.64916402170284,29.2138587116638,53.9649712470858,21.0457315026477,"Uniform Sample",14
0.099449676135372,0.382604520127177,55.6340180036572,4.55854173819889,23.4089794858397,55.93310642714,25.7260651696946,"Biased Sample",14
0.0774944630587956,3.0467705864324e-05,34.2027873488408,3.99666613813995,21.0847636442269,42.3659855530209,16.3955096169891,"Uniform Sample",15
0.0994260454931174,0.771079937637084,34.7676874942363,6.01585542135913,21.1259970808476,71.0581153184027,17.8530806038485,"Biased Sample",15
0.0775051518505659,0.0254557191918832,59.1485138960082,3.20343108175826,22.531931957325,35.6146655562935,17.5397833261909,"Uniform Sample",16
0.0956063152141608,0.00360819272808885,37.0117696219257,3.79904701831085,19.5015611362941,46.6100220819058,29.3622035075693,"Biased Sample",16
0.0799411199998117,0.000669249584440303,53.5899317204116,3.0381978798507,27.1372696151329,34.374784501946,12.9232997245594,"Uniform Sample",17
0.0991643454615038,0.0416058379787068,67.8237773819237,3.29213240029015,26.4499155468754,42.8159218953253,15.7498222512222,"Biased Sample",17
0.0770895122999979,0.00088585738154471,41.5136308349927,3.07736918655797,23.2581035762627,34.2150086785305,19.1936003900023,"Uniform Sample",18
0.0990320156302437,0.0302352893461372,42.2857509465109,4.22732006206276,27.8316947200416,52.1090372989219,23.4185613303728,"Biased Sample",18
0.0794517486317755,0.00464564944273069,38.0389950560508,4.50594672770401,31.7997847084142,52.3477956027968,69.9994762274863,"Uniform Sample",19
0.0962087621751226,0.0516501527845398,56.4803084597364,4.24945255989845,27.1007225338066,51.7803055273701,19.2099595719085,"Biased Sample",19
0.0767802866765966,0.0164725738661096,37.9345522130538,5.17179431419696,29.5062727062355,57.4054334119129,35.903912992103,"Uniform Sample",20
0.0964133372759083,0.14830683780805,31.3149419541426,5.52419869130122,29.965371998802,70.8598007587857,27.4832887215047,"Biased Sample",20
0.0784389081430766,1.26061914522199e-05,36.5693240734007,2.68574743777116,23.5992898728473,31.7561124482445,19.8017606906575,"Uniform Sample",21
0.0999961979044631,0.117028897335295,70.1822945190307,2.42811022785568,31.4247597939666,33.2280862820955,127.726818454256,"Biased Sample",21
0.0779843421870094,0.0332995597736435,36.6943880725807,3.40987527520587,20.8871248005272,38.5338113829198,16.195537833915,"Uniform Sample",22
0.0972958273004557,0.814653948952187,45.5817046346498,6.6781809144929,22.4181821292193,79.7125692859263,12.3046622098714,"Biased Sample",22
0.0777079618486205,0.000727722550935799,64.8400509911465,2.90749899511538,25.1575433180531,34.7695234579841,18.3040213681874,"Uniform Sample",23
0.0948326433552267,0.0749223513103898,61.3459776500725,4.81668016991367,25.2813691018309,60.8419242042463,25.5411188017982,"Biased Sample",23
0.0818312444498692,0.00145408596468477,58.95530856686,2.3430828569287,29.0388275399382,28.9992350009515,20.41401557476,"Uniform Sample",24
0.0940835636561853,0.00471688978997175,33.5387453827052,6.71923320652396,31.2345978143673,84.681752743043,32.996652447084,"Biased Sample",24
0.080021280408641,0.004159301445728,39.7319536998792,3.29440049106112,29.8240884628285,34.7816753418998,24.4003799046542,"Uniform Sample",25
0.0978081750919388,0.0797057071696177,41.9404496340923,6.65338202713947,29.3620048702044,88.6954989317866,25.358489155279,"Biased Sample",25
0.0780013960906168,0.00137242006566821,67.8723239358947,2.32130118061183,24.1178474574581,26.5787337468559,15.9400397821666,"Uniform Sample",26
0.100131522046357,0.167096994343923,58.6089478631112,5.35444072708079,21.3528859589056,69.1784367537013,16.0736073957302,"Biased Sample",26
0.0789151175081026,0.000171849037527432,29.3492117728602,4.53811940289324,23.5465128159145,52.3540219590004,21.748019573622,"Uniform Sample",27
0.0967962321394395,0.064872261963382,49.0006897931847,5.64887667687929,30.6786981906501,67.7989968882792,18.9815788666607,"Biased Sample",27
0.0754480197523803,0.0135367171601188,49.702095409805,3.73488810420212,29.8471667124451,44.5266584141429,17.9634201233765,"Uniform Sample",28
0.0944161510644036,0.452202455360305,34.2842884779786,7.9383157821589,26.1494729391652,103.613926589441,47.3460405105421,"Biased Sample",28
0.0789174130222415,0.0187693761955319,49.978507751682,3.2760075158451,24.8609286803718,32.6606583172646,14.3917874257845,"Uniform Sample",29
0.0965083264351046,1.22589727857427,41.9259553448795,5.28932472583298,22.9738190284929,66.090676103119,35.5532664730918,"Biased Sample",29
0.0790347145492421,0.0181446584703266,81.3310681946405,1.71905402980086,20.376540261279,21.3723580629331,7.26578249796193,"Uniform Sample",30
0.096135828927331,0.114148106996464,59.3856090940729,3.47229682363584,19.2325686462275,42.017347499758,10.6747776912679,"Biased Sample",30
0.0775980290682697,0.00128189451509852,51.0334762073213,2.34536516683527,29.7710142304593,28.162773175647,18.1223072404545,"Uniform Sample",31
0.0947678323138949,0.443621122047264,63.2685927209574,4.4271067501471,31.8369702949938,52.912713936496,92.6617574262357,"Biased Sample",31
0.0771938232920109,0.000291130276720588,31.8412426004797,4.72102260405557,21.8614343564085,50.4570652075334,23.7775672732826,"Uniform Sample",32
0.0962210021478943,0.00116729246576566,46.5891796929246,3.82975194158321,23.0829428220752,46.4373646078565,30.5146624038655,"Biased Sample",32
0.0760539183367243,2.12124365746985e-06,44.4825654344772,2.65297918834667,22.6406165365992,28.5751406694282,14.7882856675551,"Uniform Sample",33
0.0942380278188352,0.00594040599350774,59.1542475363307,5.30054888961271,27.6101035281124,61.7625484376169,99.8281828847898,"Biased Sample",33
0.0773608642998424,0.00259630017462163,50.5648721852799,2.76492152098747,25.2286433982467,32.7812535670557,55.7072316459951,"Uniform Sample",34
0.0920086267578826,0.0541053006009364,41.3489351134493,6.15162098558753,25.2908845805268,74.4330701524622,22.0337136398571,"Biased Sample",34
0.0773766609050917,1.77491852272952e-05,45.712442731013,2.88180966106487,19.5289258173754,31.4751832206187,26.7500669666891,"Uniform Sample",35
0.0952152896365936,0.179463779581201,45.2275698574129,5.98633644450483,25.9936870134288,72.3604592144332,20.8012092801022,"Biased Sample",35
0.0769241901792751,0.000128950686966279,35.1364144118706,4.10651408496115,18.709728430577,47.3148345529816,20.0591404043476,"Uniform Sample",36
0.0973088732839388,0.529790053228725,34.6400138301666,7.15866561597868,18.0046665707155,90.4124880837175,17.1292153714627,"Biased Sample",36
0.0787638078308374,0.00243478824778889,46.7889404392215,3.72650677645407,16.8997628466797,45.2312252151343,15.1499692398872,"Uniform Sample",37
0.0994127026601209,0.228326875091258,62.1711384000625,2.69440019500565,17.3309038097384,34.4455517306336,13.3330927391942,"Biased Sample",37
0.0783632381992915,0.0220120570169284,63.7610540511337,2.98307987362334,32.308277062747,30.4976515210757,87.6237640940316,"Uniform Sample",38
0.0966437912563935,0.0796288039797378,41.6301659693853,3.56401887778162,26.0657947149733,46.3234348131981,46.6005072257984,"Biased Sample",38
0.077474802069119,0.000116890813278652,62.4153023893099,2.28218434188082,29.3767085193114,25.234612457538,12.5702629035053,"Uniform Sample",39
0.0982786411816056,0.394847637045522,38.897386565995,6.3024317867589,24.0540457778306,72.5853742270677,18.7149729920205,"Biased Sample",39
0.077566796141025,0.000364705062937253,66.5465644162407,2.81990260766337,23.8202261235815,32.4931552238955,10.7466864345282,"Uniform Sample",40
0.0988355670737194,0.0392613960844047,62.0446275030997,3.96359641221443,19.1058631938615,50.6532248675157,18.0849152076588,"Biased Sample",40
0.0761665103301754,0.00151505333235986,54.769208540546,2.5895659081798,20.7487226921593,30.5568627482183,28.8419699139917,"Uniform Sample",41
0.0968968033300607,0.205303479417071,49.7457803642241,4.93787849005297,25.0477704611716,61.2441867326081,14.0469636097394,"Biased Sample",41
0.0776533731617212,0.169556303585739,57.0977877804688,4.53326836824619,26.4395820514906,50.1080283857092,35.4600809156609,"Uniform Sample",42
0.0950135327578196,0.014129226592238,35.5802470568165,5.33485726325185,21.1014543896397,66.1386118944997,21.1540722797224,"Biased Sample",42
0.0773005198006162,0.022014622591684,66.7829528232687,1.82415956210219,29.027659896749,24.9181661538253,13.7711755692609,"Uniform Sample",43
0.0941158508456894,0.166647288025852,53.6592124590042,5.47108611122002,28.7150562459531,69.442233913975,28.9621602091688,"Biased Sample",43
0.0799265117274108,0.00183136271029036,61.4733715440875,2.23858722544456,22.1928023232581,24.0755968198905,18.997307657279,"Uniform Sample",44
0.100586076946876,0.319025855373111,34.6851172791621,5.06740609618117,21.6675770396932,60.3319923647101,33.397984419499,"Biased Sample",44
0.0772434346743132,0.17925022537136,63.7765742450504,3.05851363869891,22.4665167922543,36.3033076849797,40.7193904076945,"Uniform Sample",45
0.0961159581422939,0.811510578142596,54.9168467599937,5.14126104861145,23.401114298617,61.7491983099521,13.4281908561123,"Biased Sample",45
0.0777989811171495,0.000441758992759163,73.5024843147158,1.91236498061473,23.4318425406924,22.5534629116892,75.9787053511562,"Uniform Sample",46
0.0994593407557792,0.0643804293280575,44.9195991175988,6.03473690265583,23.6513631141214,68.6550761953157,23.5944482534883,"Biased Sample",46
0.0761285805812723,0.00591612231739789,73.5649968696242,2.12519093007388,24.065794136194,23.3750017398204,13.6785390801401,"Uniform Sample",47
0.0947242155917812,0.000645599059375978,40.4792641421028,4.97504037163995,29.4392551060746,59.7283467057964,11.1615683841078,"Biased Sample",47
0.0779426405616358,0.227109965053312,69.9576971273774,2.71747887528232,23.2438530924677,32.2575513873802,18.5398384016122,"Uniform Sample",48
0.0978066945869457,0.725123505015752,45.7747195879666,4.87001758359389,21.4357065024235,54.8648158602131,53.6180388573302,"Biased Sample",48
0.078000318162784,0.0017493399115301,66.1731744807686,1.41451833573187,22.6837626046385,17.3169911728642,16.7232621938693,"Uniform Sample",49
0.0960961784423918,0.635278319632061,61.4112312896815,4.66806397064657,24.575248671456,50.6083369110134,25.0399436167856,"Biased Sample",49
0.0762032595187169,0.00537323445567764,38.2202007246091,4.00484797368023,21.2166418800126,44.5371628339153,20.4241696899515,"Uniform Sample",50
0.0993457093533533,0.209163920920608,61.4023118203565,3.553926043293,23.119275256839,43.1321937335784,18.4849287312093,"Biased Sample",50
0.0780315577448902,0.0530892376322631,67.5468568069274,2.3164645019982,25.484185822212,30.3623440419016,58.48311332064,"Uniform Sample",51
0.0984984329241725,0.0590993458870345,54.6868668364649,4.30178712188689,28.2976517017177,54.7805478620194,58.573664013617,"Biased Sample",51
0.0789567392992181,0.230158738336103,50.5216282656811,3.42839925505737,22.3588495886301,39.9293812801597,18.961696469969,"Uniform Sample",52
0.0972073182655861,0.0149181783923569,64.2279528262448,3.94098202199323,22.9554817848672,47.1483758320762,23.2010814210898,"Biased Sample",52
0.080653833356602,1.12595941651876e-07,67.076738387215,2.39876085021588,14.8762523141375,25.0461887363254,13.2533413449849,"Uniform Sample",53
0.0965606573759159,7.5018981623028e-05,64.3663465326334,3.56524764686207,22.90569392279,41.6312345687607,14.5655282635161,"Biased Sample",53
0.0772146650696988,0.0325446674555881,59.3465163830941,2.48064205884707,35.1863459385412,30.2192429033417,41.1478541494334,"Uniform Sample",54
0.0989720148147517,0.512703288593884,53.1874948528292,4.03403992627905,31.4683900829295,52.0986098450812,50.6483156174055,"Biased Sample",54
0.0758738945380874,0.000240535136280643,42.0168250297022,4.0732013055655,29.8600850899289,44.015349887937,17.4967578351799,"Uniform Sample",55
0.101500057650831,0.000536831702305176,49.8280048974069,3.17185382672561,26.2293565442616,41.9175266487858,43.5080347639452,"Biased Sample",55
0.0795620119810564,0.00269998180458359,55.821045556863,2.3922088520134,22.9905021029562,26.8203001594558,13.4154789897882,"Uniform Sample",56
0.0946485544656121,0.219968939529369,54.5860430011131,5.12633744494547,30.8165707641824,65.1388966773562,12.0219081540672,"Biased Sample",56
0.0802343882171442,0.00640580828693056,24.1594731201964,4.64695255870913,28.5715395404639,56.7929576281368,17.1183809666702,"Uniform Sample",57
0.101453165171184,0.0050866812189668,50.5129375618463,3.05434979222847,28.1838901055605,43.7336552380527,102.896700457253,"Biased Sample",57
0.0806104779144688,0.18443777633244,56.3437053614987,3.47808926434768,31.3987976217402,40.1152505780769,45.0407903481356,"Uniform Sample",58
0.0971864098063366,0.0644421014488738,39.8857010862154,6.84683182837888,30.2981375273634,81.3321328993783,24.4469328495145,"Biased Sample",58
0.0781722695450582,0.0419218573523816,40.8016266295508,2.52686335376302,22.7506169790238,25.8481720051603,29.6619798865183,"Uniform Sample",59
0.0972201646912259,0.00380312289341893,29.5151285102457,9.62338787470837,32.3553822797211,121.078591140299,14.6591375666199,"Biased Sample",59
0.0779435637396918,0.0012318449088091,34.1589625929974,3.25175040579218,24.1796622090291,38.6236919025548,18.048241330738,"Uniform Sample",60
0.0965445879301354,0.0287806091774082,71.0885693393593,2.23967113774054,21.4555448407969,27.7129142690783,27.8345244406852,"Biased Sample",60
0.0787910561220599,0.00043589885070685,54.3286065441618,1.70227347589729,29.0579000711756,20.0132159932792,16.8822997461462,"Uniform Sample",61
0.0979682218457977,0.0106633993516872,50.1724874211912,3.79489554656107,37.8331785964254,49.4623484414969,42.7773289516597,"Biased Sample",61
0.0765923896666637,0.435575076241927,50.1020106826179,3.39487554758604,31.6571066176862,39.9049575959554,34.0978445633729,"Uniform Sample",62
0.0956661332838332,0.12321213623091,60.2607398864532,4.50507411818444,30.2681300953886,53.1480826351016,15.1141633860882,"Biased Sample",62
0.0812851208540165,0.012627919223435,56.6845665031299,2.3606564622395,20.7614315826215,27.5249800742651,15.8735387555966,"Uniform Sample",63
0.0962563442561195,0.00481298876724809,60.3181859288763,2.60752661384229,21.8359632760184,35.8915398328768,20.0782116991812,"Biased Sample",63
0.079644580248688,0.122084078686419,49.1128817351752,3.53283244179926,26.8714700982368,47.6800752614089,29.9753749927306,"Uniform Sample",64
0.0960375352975956,0.311085992059325,49.641765812901,6.17552309178034,20.1527626955475,75.8236635112175,134.839979794957,"Biased Sample",64
0.078319914823313,0.0596172494392696,34.8263129450386,3.96333404584644,30.8831422919143,49.4613155989357,22.6461534977163,"Uniform Sample",65
0.0930279238322075,0.0063067844676438,35.4985928727751,6.13204769772555,29.4390154249072,80.2084832658164,39.9199891069701,"Biased Sample",65
0.07949509737549,0.0062444472206791,61.3876061360677,3.14535874294725,20.5465766013495,34.6444101537302,16.6416883710854,"Uniform Sample",66
0.0992618703314922,0.00187298041991262,48.9651204648128,4.42526640366254,22.042060732699,56.6296467181036,21.7139017327101,"Biased Sample",66
0.0778686005483226,0.000277700955656202,41.2443369287834,2.5113697642854,22.5337442674686,31.1124894273631,30.736221279209,"Uniform Sample",67
0.100553157601495,0.865304360232562,55.9225567549861,4.34127601376676,27.951161366198,55.7183986674832,34.8674907286473,"Biased Sample",67
0.0783148417543418,0.000491709913447869,53.3738032353304,2.60245883371274,27.0852222522848,28.7351213081884,14.2475021821565,"Uniform Sample",68
0.0962752598357273,0.0380785339989647,29.9647189725201,7.89773767733452,32.9358187491454,99.1578847037217,19.3085716335986,"Biased Sample",68
0.0774764971105714,0.0223114573860946,51.6641292591413,2.38281669510955,21.6747290498869,29.907297694719,15.1152732108145,"Uniform Sample",69
0.101123044076647,0.0073093452297547,60.3376814107282,3.1886190072988,20.534121723401,40.7007831441012,71.3260097027252,"Biased Sample",69
0.0760482740525358,0.00217794254663361,32.7741028612481,4.58978709600946,28.572044971863,52.4082024122991,17.4437751545589,"Uniform Sample",70
0.097764737306731,0.253418264915886,47.9193280516963,4.75686247953994,27.7929022058619,62.2943934303393,103.290525728446,"Biased Sample",70
0.0796093682866331,0.00205703193576603,18.9218243103637,5.03587386434458,7.28019100430003,52.5180196398318,48.7705100325635,"Uniform Sample",71
0.100843403600195,0.0257817524791591,57.9035398821976,2.67212002225232,26.4244334894526,33.4479503630431,24.9079602469791,"Biased Sample",71
0.0768106339151562,0.0497384312586727,30.1079314205435,4.54419183633424,22.8387089360959,50.7960946959118,17.9652463613222,"Uniform Sample",72
0.096315177484482,0.41846734099662,68.1689627345836,3.80390393179806,22.2397659626839,44.2699984643842,18.4107628992964,"Biased Sample",72
0.0783713841243171,0.000437068709765559,60.0211388856625,2.44552411061169,19.7684477590115,29.276434674023,21.2717095662373,"Uniform Sample",73
0.0982763734802358,0.00334802261224025,49.0069972582727,5.13271176576311,22.7725328050354,61.2217487217046,12.4802632092144,"Biased Sample",73
0.0785469173469335,0.00176452082857945,39.2346604082012,4.13374830680838,20.7521479125995,44.1629729396965,27.8924682957762,"Uniform Sample",74
0.0973437837734773,0.058270108100233,63.0500591598171,3.74949630149945,23.8372176442224,43.3356497085528,19.4841638390999,"Biased Sample",74
0.0798388194763599,1.81546534681644e-05,50.8255662586492,2.65753426785131,21.476068494383,31.9521414036457,27.9273017577448,"Uniform Sample",75
0.0976532230837898,0.00380552984241212,55.8764201197032,4.14470637633216,21.5382226030188,48.3281596288154,18.2410717097845,"Biased Sample",75
0.0774079613937861,0.0312146775232738,47.3145796398309,3.64216190391034,21.3201475548037,40.9938412353141,15.9161398171402,"Uniform Sample",76
0.0970459905908724,0.106507424560692,81.7665584640135,2.31710136248318,22.647501795774,27.9453711654584,55.908319969525,"Biased Sample",76
0.0775321288247321,0.140740017678413,51.9947515536474,3.80654131173616,23.3616262825319,44.0074461032597,39.8288837485333,"Uniform Sample",77
0.0994214880870688,0.0206570754196913,39.9907302584605,5.78897632095798,20.1859239401774,77.138067441751,38.3251322225906,"Biased Sample",77
0.0769587739598664,0.0932995301047937,46.0272467259123,2.6082783883653,26.6750753316191,29.8507290047859,22.2121612022125,"Uniform Sample",78
0.0965433738972416,0.769510310056996,46.2212423201026,8.40581870791478,28.6769433587466,99.5034534520905,115.682713201427,"Biased Sample",78
0.0803343421788686,0.000295181392617066,48.0956999691217,2.75750812613315,19.9242575070548,30.4576507388064,17.1445551416475,"Uniform Sample",79
0.0975504362428691,0.0850166026821847,68.4397293190895,3.41811046625987,18.5422837720122,44.6349260742019,16.9297471582296,"Biased Sample",79
0.0763319620900525,0.0241646113831269,63.2815750680213,2.57945157488438,28.5242385011907,28.9575775663617,10.3931364748135,"Uniform Sample",80
0.0946906394721212,0.0099586518594995,46.8074455769774,4.88090510280641,17.9335247343825,55.6193871322532,13.2118517708272,"Biased Sample",80
0.079029570377734,6.20720410149299e-05,61.8378561990022,2.95936826976526,24.1800290514509,31.4643718408674,15.3828795932755,"Uniform Sample",81
0.0981891714900374,0.141074738752646,36.77556731731,9.01237903055644,25.8887009815241,115.074194263064,62.5630613294547,"Biased Sample",81
0.0800372165977855,0.000161059727181283,37.69655452841,4.56019074804325,24.083372486237,54.549433964999,17.1609836772446,"Uniform Sample",82
0.100662210655561,0.00854843164292013,34.4129348294054,8.0653487486579,18.4142266428362,101.288253996795,38.3871584333282,"Biased Sample",82
0.0779490963809418,0.00564724286208161,30.2454446131511,4.56545390998619,24.6224989251702,48.6515596870338,61.4912922158209,"Uniform Sample",83
0.0969840665205091,0.553894367780406,50.1107343515789,5.30995348441897,24.3740840817486,65.8237608719177,134.339734120321,"Biased Sample",83
0.0757064408837944,0.0109956028576289,42.0427082891032,2.95405318738553,27.1928775255142,36.1198652619697,22.8662089073917,"Uniform Sample",84
0.0963316250304652,0.401191961516243,44.5144366063849,4.9624542883134,28.2248436619691,60.6027369144453,48.5382770187084,"Biased Sample",84
0.0805613412896617,4.40507224749313e-06,46.9014954625511,2.49115843576562,25.9362813831619,29.1083458219342,53.2408948766479,"Uniform Sample",85
0.0972775145760025,0.0429930086725066,38.4345547600649,8.001190570235,11.6746591393674,100.423662245154,35.5198396875712,"Biased Sample",85
0.0792393762376696,0.00368067776613493,60.2225541213766,2.53352102102638,20.5345323000774,25.3554514456401,17.6485257836245,"Uniform Sample",86
0.0959629417764417,0.00203246960575677,45.8140531575875,3.79631841174755,27.1543266492461,51.7922392144307,24.9409457045286,"Biased Sample",86
0.0751358455983288,0.00186722615410214,43.1010570595734,3.48569343230103,29.0922857492324,40.7512286853756,18.3272362892951,"Uniform Sample",87
0.0978214599228219,0.378850685558854,57.3639587437496,3.66032618899123,26.015020565632,44.5883829669651,59.082886553512,"Biased Sample",87
0.0776554957360574,0.0339586169580586,53.0796635717974,2.39050941281332,28.7661324167482,28.0499480088293,15.8076880468393,"Uniform Sample",88
0.0996491250593691,0.135739770649616,48.4662546852005,4.12327424600068,27.8735335369051,49.8341481262645,17.8166092571211,"Biased Sample",88
0.0763114729246991,0.00107683370813794,61.4587835514259,1.94221315720466,26.2724774722124,22.6113284413013,21.0978365669502,"Uniform Sample",89
0.0966544838763908,0.0198919268999553,43.8724794957461,4.45488155799917,27.799719001039,56.2171771763721,45.6016378345366,"Biased Sample",89
0.0774704717141646,0.0004336673142805,37.5506389893625,3.59744287540893,26.7159965446652,40.7024962301285,18.084771592366,"Uniform Sample",90
0.0953088759011751,0.181219345890463,62.7287454654444,3.38052512051789,15.4692383022255,41.1465541050676,23.4869491248745,"Biased Sample",90
0.0757363895230706,0.00685530348878687,58.7836645130417,2.66204853248044,18.0531138820321,32.3709053203898,17.1163334507098,"Uniform Sample",91
0.0935310925847588,0.438724674466971,61.1167748408728,4.36959916753372,16.8841446450827,56.0040073026884,10.3800763808665,"Biased Sample",91
0.077980233491256,0.00723799594662963,55.0733589837892,2.70943657150199,19.6581421174142,33.5575782922587,15.9926672590315,"Uniform Sample",92
0.0983922800858531,0.0318572863651172,57.6866338480028,3.63008257388986,20.4942479348024,44.1646195527403,22.4065753496692,"Biased Sample",92
0.0780449266508658,1.53455263005037e-05,48.2450651679058,3.16749338850013,26.5009320408973,36.6628251688577,26.5858508003723,"Uniform Sample",93
0.0936669887358123,0.031775492274854,60.6620950364128,3.41963578819743,31.0207892261443,40.7293103005315,173.088708434215,"Biased Sample",93
0.0800029201062627,0.00401191839396707,56.6629648942064,2.49215808710632,25.5129478490036,29.3972579184438,19.7303177951171,"Uniform Sample",94
0.0980777621195161,0.57819061331438,69.1795501052437,4.35967712942323,24.618057464593,57.5506012672073,16.21333116574,"Biased Sample",94
0.079802262816108,0.0199023812134464,54.3027260254574,2.51868143233038,26.8965267308669,26.7733474088715,59.117318672518,"Uniform Sample",95
0.0991050075030059,0.0508594754904869,56.2218415829009,3.82481988307464,23.3805948202258,45.7347250947728,183.136789459403,"Biased Sample",95
0.0777612871406851,0.00614990516488288,70.4416943089234,1.95063506410445,22.577258936176,23.8208111538987,12.9871437551586,"Uniform Sample",96
0.0971085101581616,0.227897295759065,46.3831346642235,5.39815873147252,24.3085334200601,65.2737887043288,11.0073787259798,"Biased Sample",96
0.0766871456798095,0.0032302366959878,45.7395076930302,4.19645189912201,21.4622736499893,44.5372951274441,47.8810223592878,"Uniform Sample",97
0.0964239392710716,0.208145601602495,40.9595263351788,6.92067896433526,13.4509988899431,83.939996565308,21.0709025511972,"Biased Sample",97
0.0797787535569743,0.00333415910307189,59.2274372254748,2.08669101276932,24.8588235884888,24.0090218456359,16.4079683833173,"Uniform Sample",98
0.0961453451478902,1.11542501220554,35.7027592141474,8.34219270448455,27.188055569391,109.079297872623,76.9982731847089,"Biased Sample",98
0.0777497161303127,3.06352225701038e-06,31.4825941393095,3.13633828803467,18.1959958436059,35.3037050252436,12.7194631310507,"Uniform Sample",99
0.0985752962436222,0.0145667659677587,60.5514437222964,4.83755153966565,23.0259962473272,58.6299349851174,8.83936114207856,"Biased Sample",99
0.079135357764632,0.088078225025862,54.4286453092269,3.54962375596434,24.4131783614718,40.3174690800621,43.8245315174801,"Uniform Sample",100
0.0989502122331188,0.415712956198047,71.5270913246163,3.17841478906796,22.2464042618317,39.8230297344463,11.8969688645857,"Biased Sample",100
0.1104949137858,1.78562458450929e-06,51.0128947318301,1.14353425277305,26.0889252136168,13.5307251412052,11.4131679634754,"Federov with Uniform Sample",1
0.164283199744746,1.71622016617652e-05,65.7851998837616,1.31297005126137,28.1992790133411,14.7505168015532,10.8464127844938,"Federov with Biased Sample",1
0.108289007726029,7.70347559711657e-07,44.2084720024243,1.56461607476959,28.7627690144972,20.2660621318022,14.8240388515709,"Federov with Uniform Sample",2
0.165994923726841,1.06116842848993e-06,55.7863841882808,1.01335117273203,29.5590372283541,12.0453904518607,10.0085099647381,"Federov with Biased Sample",2
0.108473113463082,6.50574491355288e-06,57.8641909787252,1.48924205626213,24.2245009990741,19.2514171201821,12.3254210966595,"Federov with Uniform Sample",3
0.164900611285132,8.0340954483704e-07,58.8827151857588,1.2431830813991,23.0289192316693,15.8971359225541,8.99903758517357,"Federov with Biased Sample",3
0.108449623047169,2.15208990322439e-07,50.2047330410759,1.23423766140422,37.3491555451917,14.9730566844965,70.4948705223763,"Federov with Uniform Sample",4
0.163654392924614,4.82223129322159e-07,53.8158748952142,1.43247943319518,33.1274797821198,15.8919022044465,14.1348905678221,"Federov with Biased Sample",4
0.108214406375738,0.00219624996432302,53.5043657417885,1.46083773496504,27.2053819687331,17.5346618349507,26.9178503499885,"Federov with Uniform Sample",5
0.163603050830298,6.15539900594515e-05,49.7365808994668,1.24122275491366,27.5192113081048,13.9791281731056,36.1604237754827,"Federov with Biased Sample",5
0.109436287617489,1.74893977153031e-09,44.5237490864007,1.42182935084903,24.85526619618,15.7128066229124,12.8985401104267,"Federov with Uniform Sample",6
0.166484040826281,3.64934425625708e-10,44.0308433053482,1.01581712583233,22.0554571752068,12.0708231155957,10.2659899483558,"Federov with Biased Sample",6
0.108413617045262,3.2416163108482e-06,39.8774874627048,1.41120472049924,21.8392609552077,16.4000262137343,16.0925118732003,"Federov with Uniform Sample",7
0.164577641157841,2.17755599281403e-05,62.1253352564247,0.959747584606326,27.845936553712,11.9988072751698,11.1779762416281,"Federov with Biased Sample",7
0.107173056726588,5.65594978668239e-08,51.3050739248542,1.31485782664378,26.3156133575646,14.1452333535444,10.9991180859447,"Federov with Uniform Sample",8
0.164308776552402,1.22487928593359e-09,53.301454000387,1.03918279071196,26.9308991308499,11.7424489957373,7.95068355144512,"Federov with Biased Sample",8
0.108908555976977,8.53528673907282e-08,56.9121767183986,1.53606441364008,25.0906155917506,16.615073873379,9.82142066468928,"Federov with Uniform Sample",9
0.164878871811919,1.35980638087573e-07,39.6211513667087,1.7296437577745,22.9723969176293,20.0171297351594,13.0219974274179,"Federov with Biased Sample",9
0.108915264160551,0.00010398551347743,65.8085093401701,1.28667179422206,24.2869905799293,15.2102188304056,41.3205266712181,"Federov with Uniform Sample",10
0.166340340222081,2.74974946022559e-07,42.1382281906173,1.65829547548387,24.0569031372143,17.7663116981912,26.1408532605042,"Federov with Biased Sample",10
0.107522920260319,9.1003514403712e-07,63.9250176990358,1.43350796901719,26.01216401041,17.364460047871,11.9312821795105,"Federov with Uniform Sample",11
0.164519430387672,5.75787611798782e-08,55.4466110605695,1.39586680385132,27.4900185732805,16.7029999330047,10.9522736819488,"Federov with Biased Sample",11
0.109299414452838,7.57045711900486e-05,52.6887429143746,1.21900691094495,20.5384956323778,14.1939007319239,13.0520079299389,"Federov with Uniform Sample",12
0.164821608424993,2.12191322208118e-06,46.1106463793652,1.09655056867914,21.4189948034395,14.6430013918409,10.6581306545354,"Federov with Biased Sample",12
0.107725855611278,4.05698715636714e-05,39.4519714042259,1.29827208731928,29.5413772291247,15.384305328601,14.1147472066958,"Federov with Uniform Sample",13
0.163506250321809,6.23108984933985e-06,46.8797654224852,1.26171355415054,28.2287814537931,15.369257981732,44.4859459701181,"Federov with Biased Sample",13
0.108932168299749,0.000279036562288001,62.2667253188352,1.41857114894519,23.8465819990464,15.9589624329014,40.9731432672232,"Federov with Uniform Sample",14
0.165215092258618,0.00154702778635917,70.6644691693146,1.2171087869781,21.6532037031134,16.3743559957592,10.245658353378,"Federov with Biased Sample",14
0.108738952098198,7.84050385279053e-05,44.0250919889308,1.75615236524261,25.8035115790576,20.8280319402863,18.3759856016287,"Federov with Uniform Sample",15
0.163898253854621,8.72491578463163e-05,62.8739173815764,1.04867585957604,29.0099711830794,12.1450079394374,10.7170139476114,"Federov with Biased Sample",15
0.109394644437884,0.000106131423215705,52.6524539419536,1.95000894203665,26.6593767012358,18.4156950059929,22.4825324912232,"Federov with Uniform Sample",16
0.165825644386694,1.13897075016541e-05,45.6934905490315,1.34947969210682,24.3949889831333,15.5477889685194,52.177988737903,"Federov with Biased Sample",16
0.107743422854411,1.34121252798588e-06,36.290963449112,1.47731025018752,28.3533769973891,17.528787391439,15.1565623427473,"Federov with Uniform Sample",17
0.165336852467085,0.000477002554656893,61.0144404419231,1.30567254192326,27.4787042155007,16.0818413475245,13.6347849721822,"Federov with Biased Sample",17
0.109439301101738,3.23101838014577e-06,53.4009781567383,1.55627644073525,23.7362629171502,19.1303783232375,13.9659305218162,"Federov with Uniform Sample",18
0.164192445038871,3.18836736889367e-08,48.0609629318568,1.67436224068861,22.7776917200835,19.6627654420349,14.0241122165903,"Federov with Biased Sample",18
0.108775830866772,4.86514870875511e-05,47.4849211607451,1.7129176660628,33.4839469104253,19.6642939249848,17.9580101863345,"Federov with Uniform Sample",19
0.166744517285511,4.59031575110438e-06,47.9421578360233,1.20234307517233,31.9335021492845,13.8770796872281,25.1061311937672,"Federov with Biased Sample",19
0.108847401397472,9.33509830823555e-07,53.747887896885,1.68728693416285,25.3114532945292,15.6450334986334,10.9620998736666,"Federov with Uniform Sample",20
0.163118124604662,2.82163956991156e-06,59.9315300220668,1.19989320789008,31.8245575968796,15.0612162834963,11.0439161425709,"Federov with Biased Sample",20
0.109392130565627,6.50226048137733e-06,57.6392273855697,1.30495226701285,21.5823652764163,14.8348398373376,14.4228987318549,"Federov with Uniform Sample",21
0.164336074268715,4.52639025311604e-08,47.079707322121,1.26997505500403,26.040065481519,14.8605018028959,14.3020249146175,"Federov with Biased Sample",21
0.108953829828911,8.40783414130834e-08,37.5401335402617,1.67055751413964,30.9986740833721,18.1685447599,15.0595422887682,"Federov with Uniform Sample",22
0.164010067317252,1.62569121993257e-07,54.192990424119,1.11024637292005,30.475289976653,13.5989432721726,11.9848604147705,"Federov with Biased Sample",22
0.108639117343298,1.10752177335513e-08,41.1386874135374,1.70837526585246,25.5242509508503,19.2312460818793,15.5680787926136,"Federov with Uniform Sample",23
0.165593605655703,6.17677573385855e-08,51.551099565975,1.161871821575,30.9355390609169,13.2987907264221,12.4417080288955,"Federov with Biased Sample",23
0.10884508810757,0.0697584748484349,48.4572497786975,1.77342827677246,21.3224892142521,19.8807452762803,16.8175731149971,"Federov with Uniform Sample",24
0.165793748829415,0.0285257205909505,61.5944291909824,1.14975683270249,22.3912898343902,13.817958692983,10.621618170968,"Federov with Biased Sample",24
0.108072083783442,0.000387077211660573,53.6988197245714,1.50331323155507,31.2197563033839,17.4928677022178,42.8611340527713,"Federov with Uniform Sample",25
0.166607268196181,0.000102646682562386,56.1567315823087,1.10225513021635,33.4459622072605,12.7415995547591,11.2061240259939,"Federov with Biased Sample",25
0.109755321092272,3.45957874142222e-06,40.5313138430288,1.66592208458896,24.7480059042589,18.607704789968,15.3526990967492,"Federov with Uniform Sample",26
0.163843236126341,5.03640824092278e-06,52.1632272920303,1.22875349080699,23.6255362054723,16.3207340916105,13.2132320529876,"Federov with Biased Sample",26
0.108424366813047,1.71684624492706e-07,40.8348447178845,1.63727052365192,21.866788989864,19.1682513249393,15.9689243091784,"Federov with Uniform Sample",27
0.164402555332215,1.45560315640411e-07,56.3544480779268,1.05481029754434,23.96252810719,12.6233123276849,12.7692152326712,"Federov with Biased Sample",27
0.109116377234706,0.00146659823961323,67.9311438982713,1.23264451165795,29.3480599578043,14.3262035409922,13.9675007313603,"Federov with Uniform Sample",28
0.1637411623959,9.21194701693519e-05,61.1086083107344,1.04816807930905,29.2214828533203,12.5787232873234,11.2287718426939,"Federov with Biased Sample",28
0.108810286788262,3.02940409355745e-06,47.1450354315542,1.49771759774537,21.7148961097884,16.8629751024913,23.2701826815826,"Federov with Uniform Sample",29
0.163873209093708,6.32123072923105e-05,72.1440894231978,0.961135828518403,22.4984488930088,11.606485200472,22.7205619238427,"Federov with Biased Sample",29
0.107053567136697,9.72786645319953e-06,55.9127086550117,1.56046287370332,21.9279457667936,17.7644856516122,39.3512235761348,"Federov with Uniform Sample",30
0.165250236281415,3.2541436461159e-07,51.9496444686999,1.37756677171233,22.7668525857177,17.0493334263431,38.9841521058183,"Federov with Biased Sample",30
0.109471428800194,1.90549876483799e-06,46.6050234902114,1.59016681509196,28.5393907625974,19.3403760576505,16.5981354125636,"Federov with Uniform Sample",31
0.165368705668675,1.24489245021399e-06,55.3813397584897,1.32545918627454,28.6973010025489,15.226099820127,10.7460405474586,"Federov with Biased Sample",31
0.107325676308112,1.05828344375181e-05,49.4707982312636,1.88669031974759,28.4685219746799,17.0122539949773,24.9753311720669,"Federov with Uniform Sample",32
0.16563914142577,5.72511420627967e-06,55.8727612415016,1.03211433169793,32.2138600200267,12.4850833599581,9.72514063941354,"Federov with Biased Sample",32
0.108152261358081,9.96689341369924e-06,38.747587737065,1.61472901360004,22.5395713812339,18.4601793458746,17.8245232246927,"Federov with Uniform Sample",33
0.166701081077586,3.25106228379076e-05,59.6272531189764,1.03176074314618,26.3059086102798,12.3285266782279,9.73769075473487,"Federov with Biased Sample",33
0.109865024926326,2.11757663736582e-08,52.9289902108092,1.65045748784421,22.3212062318515,19.6025716364722,12.5192104214009,"Federov with Uniform Sample",34
0.164834274432867,1.33820808154848e-06,73.4893797328739,1.02831693690805,20.7046061742514,13.2282465806542,7.62885240437307,"Federov with Biased Sample",34
0.108501327282731,4.18505595827248e-05,55.7870768499564,1.4115847005027,22.1069339233384,15.8746039811941,32.7548228279312,"Federov with Uniform Sample",35
0.164380773116165,3.7306188702664e-06,53.9897764710006,1.70238108966064,22.2000285504403,18.2092149264324,12.5740820878156,"Federov with Biased Sample",35
0.109686791247889,2.46502562569498e-06,56.9702700520283,1.18533625594833,26.2979163284915,13.3705698873795,10.5674746879487,"Federov with Uniform Sample",36
0.164373113853225,1.4834259994031e-07,51.803510465932,1.13327679729508,26.2959224426664,13.3858673665981,9.91916202888625,"Federov with Biased Sample",36
0.108976452037696,6.45164311111185e-05,45.9629731872239,1.50736324792024,30.6645297665882,17.3414148842297,35.7514360428028,"Federov with Uniform Sample",37
0.164477227464656,4.06716774334663e-06,45.02303582167,1.02571697458516,29.9639507623664,12.9392052901586,26.9639206983413,"Federov with Biased Sample",37
0.108356634170999,3.53046359627634e-07,50.7066647711722,1.65400589671229,25.0645550793942,19.8889513769935,13.5044561919763,"Federov with Uniform Sample",38
0.164472345126821,2.71794929285611e-07,66.6565696196289,1.1037243511041,22.9408830699036,13.1466127073018,9.22708063086402,"Federov with Biased Sample",38
0.107869254731878,5.79610380500931e-05,48.4280880337979,1.67395496556901,22.4385812094719,17.7614570376365,11.737198670729,"Federov with Uniform Sample",39
0.16349027589685,6.2069612134506e-08,41.9989981983785,1.06459041476329,24.4407062607928,11.9128804397866,11.5927560539051,"Federov with Biased Sample",39
0.109057169557241,4.81668899535558e-08,45.7510909543688,1.98707759389908,21.5154847130985,20.0065715466474,14.0636689632271,"Federov with Uniform Sample",40
0.163464055444397,5.60987436994028e-09,44.2396326690292,1.32105062511718,16.9831316473934,14.2763416618709,13.3955003447473,"Federov with Biased Sample",40
0.108792823489146,6.59111774322287e-06,44.8356608523882,1.62946467606846,33.2734344773088,16.5563772837051,16.0583415889751,"Federov with Uniform Sample",41
0.162794143879849,4.98943719186513e-06,54.9454868334695,1.11315566768927,31.0965375302382,13.4916167650304,11.1654066257755,"Federov with Biased Sample",41
0.107794533990781,6.56412228406741e-05,44.2542936402712,1.78105676463011,26.649424611675,20.0366117155487,24.7085231537477,"Federov with Uniform Sample",42
0.166315235799884,0.00104493838861502,58.6497228762013,1.24753830169122,23.8483206847994,15.6254403020823,22.2425156211265,"Federov with Biased Sample",42
0.108705230835302,1.6565449979183e-06,53.4952726315236,1.39964963240678,25.3833646012695,17.6308951358344,12.7969480755564,"Federov with Uniform Sample",43
0.165504374294592,5.25376553465071e-07,45.0344780577004,1.27735018631999,25.141589157237,15.7377497016348,12.573755025785,"Federov with Biased Sample",43
0.109225924241842,4.24102611130426e-07,41.9817348035332,1.52309738123241,33.1871951251343,17.0004591523178,37.4558447065653,"Federov with Uniform Sample",44
0.166125962356524,9.8663965840071e-06,51.2586685327179,1.50001272743061,32.8030538128273,17.4683962126709,14.8963907447036,"Federov with Biased Sample",44
0.10796166065827,6.12291342801527e-05,60.9354526227224,1.23983919476915,27.8400639689112,14.2429054151914,11.4804834596854,"Federov with Uniform Sample",45
0.164684243544658,1.14291040130071e-07,43.7908959037063,1.69948359297343,27.4694987424571,19.1698067008262,15.786996579738,"Federov with Biased Sample",45
0.107983396367708,2.60704392650932e-05,55.4511020400629,1.11551153267304,22.3354601808317,13.9612096615404,11.4118709142992,"Federov with Uniform Sample",46
0.165486503020495,4.28234661526274e-07,41.4845418365247,1.04548663761082,22.3274300379392,12.2156635165979,11.0942666040365,"Federov with Biased Sample",46
0.108254340020313,5.53006156502559e-05,61.7736082073694,1.45638841299679,24.1895158676067,16.0428663646703,13.2425232005962,"Federov with Uniform Sample",47
0.164712717855446,1.31529201051325e-05,56.7444125815946,1.23117051943244,19.676268698374,14.3253480529134,12.7292475333393,"Federov with Biased Sample",47
0.108750749596249,0.000484628335442006,65.6090395802801,1.41046112969401,27.0089647251798,17.5149420246491,13.4860719431276,"Federov with Uniform Sample",48
0.165741332174522,6.04493629647406e-06,51.8487540238494,1.20762119816486,24.9023741188721,14.0310795359794,10.9278932873953,"Federov with Biased Sample",48
0.10977573279842,2.40820162696147e-05,63.7085787440517,1.59920455758168,24.5950976722445,18.4161356892847,36.2588624794219,"Federov with Uniform Sample",49
0.165585205837,2.75653550331822e-08,46.3962197821627,1.18490178805681,23.5619403131304,14.5110594625135,12.0885395083884,"Federov with Biased Sample",49
0.107303118506979,7.86696246726636e-07,39.3543748556543,1.50978614297353,27.5365875628815,16.6950943962882,46.0701171455574,"Federov with Uniform Sample",50
0.163572140448368,1.32689411030222e-05,52.8936610884226,1.29506022491093,31.5017402429473,15.0380299990409,74.1748452424019,"Federov with Biased Sample",50
0.10967793726331,4.53250955353405e-05,43.9836567538333,1.66092342650774,24.0634633558168,20.789382297194,15.1291976161646,"Federov with Uniform Sample",51
0.164367583602679,2.64549296650044e-07,41.3142973782005,1.44986819393851,19.3249180135674,17.6033923086014,12.4046701828512,"Federov with Biased Sample",51
0.10847632950246,5.19829318645942e-06,52.0422340773711,2.17034975722173,26.8326957424587,22.2525455052885,13.799407415211,"Federov with Uniform Sample",52
0.163039721846591,2.88868744348333e-08,49.0265071942379,1.28128287753535,25.4904933945395,15.1819994239514,10.5320682617306,"Federov with Biased Sample",52
0.109208305732462,0.0197389490637782,49.2465608044547,1.62357534770283,28.2709055525223,19.6149593790783,13.7553086082233,"Federov with Uniform Sample",53
0.16512596823164,0.00373765564882811,52.0458117816481,1.37790987035017,28.2591677961945,16.5047313526237,11.5599506982125,"Federov with Biased Sample",53
0.108656904656593,7.29312207847855e-08,38.1007919828792,2.10018414677562,21.8004079722216,21.5193127569657,10.8984050847237,"Federov with Uniform Sample",54
0.165446870642112,4.19224120151604e-09,43.9033762973608,0.94646023044602,28.1093965733856,11.9728605651423,9.90172170599033,"Federov with Biased Sample",54
0.110078569998964,0.000483086683397099,65.1198557921106,1.51709335130357,29.6728096908302,18.360690483134,29.3159211634119,"Federov with Uniform Sample",55
0.165169215803449,3.57172380357777e-07,52.9236312371706,1.26174492571886,29.8774669780162,14.4443857887698,10.8321865741859,"Federov with Biased Sample",55
0.108297624115006,0.15147787684263,56.1065709280972,1.46167621281322,20.3888165006472,16.6054979798036,9.90111855855765,"Federov with Uniform Sample",56
0.163381381418635,0.0336336922307713,54.6709650608485,1.16228006882938,25.4208844880399,14.1983413902168,8.87670283420505,"Federov with Biased Sample",56
0.108331044380327,0.000745228177135242,65.8380520661455,1.26736139145916,18.9079011043838,15.5259034744174,11.7163994419934,"Federov with Uniform Sample",57
0.166144379962408,1.2233011072944e-05,53.5115097909978,1.30996442567723,20.1736456988025,16.6189586684436,10.2463866536658,"Federov with Biased Sample",57
0.109216397024683,1.13767212020282e-05,56.1790380235014,1.36852190716711,29.2252608981626,16.0080117341079,64.7839264387092,"Federov with Uniform Sample",58
0.165476495017875,5.36915772954427e-08,47.2502583775503,1.17259182646826,32.1232794529319,13.8708573790651,12.6803539039078,"Federov with Biased Sample",58
0.108989989956935,0.00510257529787207,61.2117445466861,1.34017140741006,21.9545854024761,17.2288110336925,14.5313435116561,"Federov with Uniform Sample",59
0.163950460145921,5.61532076073799e-05,60.6613222816869,1.22212268712247,24.7093697153412,13.6373730717778,8.64462627294996,"Federov with Biased Sample",59
0.108967476967502,0.00211783122157286,63.8686080968956,1.26755399932205,28.3224484337906,16.0457943602947,14.0151104212551,"Federov with Uniform Sample",60
0.164798058446987,0.000193849287540861,61.1077026667126,1.08882602379614,24.7342382479855,13.5398618646733,9.89242379505827,"Federov with Biased Sample",60
0.110906115871523,1.87715350629881e-07,56.6895095002511,1.31285364205062,28.8136117963534,16.0885339225649,11.1412618734609,"Federov with Uniform Sample",61
0.165713230408982,8.38008197099261e-10,46.4502731094492,1.03281635865289,27.4682970019473,13.203687830699,10.2062898789219,"Federov with Biased Sample",61
0.109617010633446,5.32968116614544e-07,44.9291079524075,1.73885310605512,26.3778160257421,18.9642008232862,41.0016109489008,"Federov with Uniform Sample",62
0.164551902942045,1.50043067129636e-05,67.797128839539,1.33058182130977,23.2922289534277,14.0105440672303,12.7630087085088,"Federov with Biased Sample",62
0.11015737913421,7.12948431460573e-08,49.8684711325922,1.20160156171724,27.7827929787963,13.4259777512903,8.82487689558767,"Federov with Uniform Sample",63
0.165932336994502,3.04807248787303e-07,64.3043763540319,0.956167937983891,29.0817527948667,11.3676555713296,9.75733984442561,"Federov with Biased Sample",63
0.108207397653507,7.8632318638802e-05,47.4681142484408,1.24278054841652,40.8232893741688,15.8743610741892,15.7114641643409,"Federov with Uniform Sample",64
0.16559265933898,1.05735732532974e-07,32.3367007370722,1.61192174279391,39.4857220572359,21.4987252503182,16.5338506693417,"Federov with Biased Sample",64
0.109098383981369,4.50198995468561e-07,43.6877068898117,1.39552130971815,28.2243589229246,16.1778656304684,13.1129410770792,"Federov with Uniform Sample",65
0.16618802780492,1.07414657872302e-06,57.3552996850043,1.06299766575357,18.3734721387515,11.9519506666836,10.1229783642039,"Federov with Biased Sample",65
0.110537124241391,5.96759685727195e-06,37.3147640262156,1.51420548493101,21.5134678183248,19.2136762952945,34.5472417562501,"Federov with Uniform Sample",66
0.165987977402179,3.97409501181063e-05,57.277612774582,1.46216055763524,21.7731541505047,16.3434447663246,39.2323121518324,"Federov with Biased Sample",66
0.108946568425524,5.47665329929533e-05,58.6851339641484,1.41414822519561,25.319154953034,15.9746526425274,10.3313107861961,"Federov with Uniform Sample",67
0.165930317523338,1.40014409536176e-05,55.3707109342678,1.13897297880163,17.5350223956304,14.8774174915245,12.8623314797066,"Federov with Biased Sample",67
0.109952749738405,1.41607676257641e-05,44.3624328156772,1.53554177228538,28.2028792094822,18.7374809362899,15.8028369626513,"Federov with Uniform Sample",68
0.166399114802052,9.61012394935924e-06,51.9121451910503,1.34548911078004,30.9990696951165,16.2309547334997,40.8305188521789,"Federov with Biased Sample",68
0.109770587512843,0.00464923501046789,63.2081465657115,1.5294346697407,26.2445070527168,18.2681570145021,24.0113977223216,"Federov with Uniform Sample",69
0.164350801663619,0.000427459710562153,52.0300317505278,1.176701325362,21.6029885666259,14.2931294928686,10.6156078806485,"Federov with Biased Sample",69
0.108627583974563,1.10994096122157e-05,49.8172407590895,1.68057893566852,22.8450462393903,18.2722518475911,13.7349175669707,"Federov with Uniform Sample",70
0.16334488386358,1.56681765428135e-08,34.647111531188,1.29263364953737,22.159481228862,14.6713684814672,12.282735310346,"Federov with Biased Sample",70
0.110669483668057,1.43648673821179e-06,35.3911076192585,1.60864595472965,29.7554668041999,19.0661966861455,30.9963063778619,"Federov with Uniform Sample",71
0.163955733474593,6.28369292782939e-06,57.764497054136,1.07288962292305,29.8865971961062,13.521210143545,10.6143138509776,"Federov with Biased Sample",71
0.109256728387168,1.38873879654239e-07,39.5522862662352,1.39956603089741,28.1276760241965,16.3678553790862,14.4772840431442,"Federov with Uniform Sample",72
0.165489703107151,1.05660334085017e-07,54.8500968432517,0.965296995069728,27.4062780386455,11.9174794247383,11.6035386648479,"Federov with Biased Sample",72
0.108296949491766,8.8733164584486e-06,64.9608907303093,1.36781976027755,25.831840200086,15.2046609000543,11.192493119419,"Federov with Uniform Sample",73
0.164877879764387,1.32032465772329e-08,41.9429698239948,1.10876410703532,23.5805070588697,13.738485020403,12.879209516609,"Federov with Biased Sample",73
0.109615081616466,5.69382337158129e-05,50.7293361526543,1.56970796534266,23.4801946138837,17.67306155123,59.0861711788181,"Federov with Uniform Sample",74
0.164256451479825,2.69230128230515e-05,56.8567582562744,0.934527260609056,23.6210509270176,12.6301076871253,31.8353953644329,"Federov with Biased Sample",74
0.108986732097338,0.00179207928386464,62.9073306471644,1.82051848472075,31.273027514633,16.8243104966096,21.854713909085,"Federov with Uniform Sample",75
0.163544121197228,0.000144519181067865,62.7920456961091,1.02361200337569,30.4144687147883,13.5195022493294,13.1280072562283,"Federov with Biased Sample",75
0.108480874778008,1.48332812807846e-06,41.1210221887203,1.3882127806609,22.7022620376372,15.9641145655089,35.9338369883036,"Federov with Uniform Sample",76
0.165053661092146,3.3832887869825e-09,30.6527742910644,1.05847887118263,23.4144601681197,13.005370834898,27.0034689402509,"Federov with Biased Sample",76
0.111142939104468,0.000454502872615933,47.1513922620077,1.539088252762,29.7848821963334,15.9660568831116,13.1217755253536,"Federov with Uniform Sample",77
0.163925070584007,6.67469567378457e-05,51.6746222875385,1.05033654062509,32.2403722851825,13.3965984862081,11.6869483551531,"Federov with Biased Sample",77
0.109534988245211,0.00055550335187414,59.2705424906622,1.40364217283302,26.1803566297771,15.1695273994127,15.5040903552247,"Federov with Uniform Sample",78
0.165125544067521,0.000206637617592439,59.1976099606505,1.17577410573772,28.8321854799085,14.1337764075184,22.4404244680458,"Federov with Biased Sample",78
0.108683780376619,6.89466175838137e-06,58.0389350935809,1.62267908055307,24.7565797234136,18.7628828569064,11.5856619576596,"Federov with Uniform Sample",79
0.163729671852971,2.75912896287455e-06,54.7643508190575,1.20062220107394,21.3484367656647,15.246408208631,11.4467365538893,"Federov with Biased Sample",79
0.109434726772218,2.67740454686034e-06,44.3230289740482,1.79587591914801,22.9502895783494,20.7838547311309,13.9243145509645,"Federov with Uniform Sample",80
0.16514675078552,6.94548469093722e-07,45.2773205145065,1.30195620606214,23.84700440714,15.4225158888017,12.3198571684713,"Federov with Biased Sample",80
0.109876764822502,1.95722920841635e-06,60.5428923694604,1.09462899986037,19.5346805990804,12.8699842248203,12.2421834647475,"Federov with Uniform Sample",81
0.165493219354384,7.6175134644003e-07,57.0367042376482,1.2019818469111,19.7163241374645,14.7525056622866,12.7299780531457,"Federov with Biased Sample",81
0.107978653652468,2.35261863693017e-08,58.2152336812295,1.49536848449169,29.1149088079567,17.1265868895738,13.4216708198038,"Federov with Uniform Sample",82
0.16348675219363,3.05452914295625e-08,50.5375930102598,1.28365670253685,23.845281631508,15.3450598439812,39.6446911311054,"Federov with Biased Sample",82
0.106569576356296,5.76907312241084e-06,52.4058013032196,1.4791193859134,26.9522002970873,17.0022283384322,77.9025680095537,"Federov with Uniform Sample",83
0.165236980452065,1.11590748232667e-08,34.7161468877888,1.07864841621926,14.5082106246562,13.4336540654539,11.7682687722272,"Federov with Biased Sample",83
0.109220306695123,0.000443966476589978,38.6013478916261,2.01970564999711,22.8739806703145,21.0119936533915,16.6157897243727,"Federov with Uniform Sample",84
0.164889413298162,9.50476481173273e-07,44.0934629163942,1.22920988476213,25.6009824120253,14.340385775212,13.4429592261808,"Federov with Biased Sample",84
0.109309412772493,0.000280913357378786,48.949762129384,1.44826269925598,26.453905320304,17.3448643419246,18.5252285415674,"Federov with Uniform Sample",85
0.163435545332283,1.9926014957706e-05,46.8485280652587,1.26392225545972,19.6025297781832,14.9527279705706,10.8796297024815,"Federov with Biased Sample",85
0.10812595904629,2.72494865675095e-10,21.9261136833116,2.46272203910815,20.8289950953707,20.2182631781639,16.4967559290102,"Federov with Uniform Sample",86
0.163723506573185,8.72495746845791e-07,59.2159430803126,1.61654646231269,26.3472587026301,17.3236318342663,8.73572283652696,"Federov with Biased Sample",86
0.108360087805072,0.00130810504086545,37.6215652564183,1.55054455421853,20.8567068646507,18.343676048462,12.0140318973806,"Federov with Uniform Sample",87
0.165697161002983,0.000889556679828233,63.9568574192578,1.0139705955301,20.7999861509266,11.7446434106318,10.6655716353561,"Federov with Biased Sample",87
0.109957260785438,0.00431451122122948,46.2108690351287,1.39960218947665,24.3946601172795,15.9521736239261,13.8213058884757,"Federov with Uniform Sample",88
0.164788276200296,0.00104257602185688,36.4063463873189,1.32741000881328,28.6644680169694,15.4394609869276,14.9511686522083,"Federov with Biased Sample",88
0.107446948641586,7.4953031051128e-05,57.1213135907174,1.28871880391874,24.4510285896146,14.5642009611473,12.6026561675419,"Federov with Uniform Sample",89
0.163344989317846,2.4254972621417e-05,62.3325633207897,1.03327726697769,25.2048967573046,12.9375092740618,11.0856553108737,"Federov with Biased Sample",89
0.108757579727181,2.13577864432032e-08,25.8809768301963,1.8196371317417,26.2726033937123,21.25102472387,64.8633224277214,"Federov with Uniform Sample",90
0.163691830420518,1.77029817697916e-05,60.878604938861,1.28141870995023,32.3912100252111,15.1123995177893,10.6746378543192,"Federov with Biased Sample",90
0.109138201341645,5.21015279758499e-05,66.3636092699766,1.29126044293839,26.7678018458583,15.6985334393687,12.5076373923339,"Federov with Uniform Sample",91
0.166586256373945,8.09246210409214e-07,39.4895330457581,1.2804366767039,20.9086999032885,15.8684778076144,14.7696301885283,"Federov with Biased Sample",91
0.109175931085072,6.6667850640994e-06,52.5142589427602,1.28373519232999,27.2471919308264,15.5674116460344,11.3197513997853,"Federov with Uniform Sample",92
0.166033783772189,2.67144394336057e-06,61.3162814593179,1.24453118157207,26.4432433855584,13.8710806690681,10.8178575766999,"Federov with Biased Sample",92
0.107998093224264,2.11985377236579e-07,54.8846729736665,1.72233280178585,21.6710540466687,18.962301585905,10.8084125041539,"Federov with Uniform Sample",93
0.164533379549259,3.21855169133805e-07,47.3224652033656,1.58944073374463,24.2325566880707,19.1242090754175,10.260248377656,"Federov with Biased Sample",93
0.109013308894497,0.000366706032462711,54.674476116734,1.48829145115412,28.9065797013465,17.5983691264604,15.0739569107596,"Federov with Uniform Sample",94
0.163795421815318,6.95140976186429e-05,48.9311005405204,1.19745149945971,24.8817676871649,14.0478191930015,12.3447840551786,"Federov with Biased Sample",94
0.109648950796792,9.13240273718653e-09,38.3057359485891,1.49669274639483,26.3205036926378,15.9762396079287,14.6812513069572,"Federov with Uniform Sample",95
0.16452186710091,2.86892874803729e-12,19.3081596389809,1.16447992984597,30.1658687453404,13.6373233764341,14.1157087896775,"Federov with Biased Sample",95
0.10872868174863,1.18014720162554e-08,26.8989895619086,1.43427749047939,27.2821960298004,17.3597755232129,15.1111250312768,"Federov with Uniform Sample",96
0.164744715014238,5.19297867021685e-08,45.8065692803283,1.29207694877116,27.1186513137527,14.3406711874031,13.0270129421994,"Federov with Biased Sample",96
0.108207600483793,8.95698829487685e-07,46.9385834762946,1.33092158357908,27.6930393295523,16.738724215379,13.6503747173302,"Federov with Uniform Sample",97
0.165303169785129,4.06376133468328e-08,49.8918270961223,0.922935342549661,26.6308599789322,11.5389181725228,10.8615779890766,"Federov with Biased Sample",97
0.108678119885552,4.54947001240336e-07,54.7208006505988,1.39565456151081,22.7691111331021,14.4888956157727,12.2666610472307,"Federov with Uniform Sample",98
0.163748118530464,7.2398764530649e-08,43.4806657149231,1.29537129962304,28.5011736226471,15.5086289115702,12.1225830630235,"Federov with Biased Sample",98
0.108623822236677,9.54713947942589e-07,49.124467780181,1.5368680422791,28.678066220499,17.4829756599065,13.9011714585869,"Federov with Uniform Sample",99
0.16451498008512,7.14317125393388e-08,34.673945000342,1.52452516283933,33.6140311867945,17.7234161837106,13.5129414984036,"Federov with Biased Sample",99
0.109083311778392,4.84668469594791e-07,50.2010883276301,1.29507914024428,17.644656910618,14.8302349665165,9.11984515836359,"Federov with Uniform Sample",100
0.166074055769636,2.42883327286698e-07,50.8957464005892,1.52666321298862,15.7593609328454,18.0089485912135,13.6557425456171,"Federov with Biased Sample",100
