"D","coefficient_distance","coefficient_refit_distance","fit_distance","refit_distance","names","id","prft","false_positives","false_negatives","noise","coefficient_probability","regression_model","normal_samples","coefficients"
0.262948404420771,2.42910265436968,1.77566855794021,43.4558479514589,31.5981907822804,"Federov with Uniform Sample","4462c065-8f80-40f0-994d-90b72209c51b",0.1,36,0,1,0.15,"linear",0,61
0.550869427926886,1.64442168505982,0.975180951065949,30.9479061692847,17.858596239688,"Federov with Biased Sample","4462c065-8f80-40f0-994d-90b72209c51b",0.1,35,0,1,0.15,"linear",0,61
0.25860254954616,5.05990475286496,2.68756421005239,89.2172520081911,49.6201654373042,"Federov with Uniform Sample","4462c065-8f80-40f0-994d-90b72209c51b",0.1,21,0,2,0.15,"linear",0,61
0.552118440291888,3.83309980760873,2.61301800514699,69.4548562194021,48.3952502653547,"Federov with Biased Sample","4462c065-8f80-40f0-994d-90b72209c51b",0.1,35,0,2,0.15,"linear",0,61
0.261970400053749,10.3124564295095,4.02326150848608,188.771246191313,75.8006349085773,"Federov with Uniform Sample","4462c065-8f80-40f0-994d-90b72209c51b",0.1,11,2,4,0.15,"linear",0,61
0.546432444342245,7.06093778458945,2.42078714960138,130.511552427456,43.5536666084431,"Federov with Biased Sample","4462c065-8f80-40f0-994d-90b72209c51b",0.1,12,1,4,0.15,"linear",0,61
0.26307447758487,15.9043850663582,12.4748146948004,287.649651389826,223.762118723084,"Federov with Uniform Sample","4462c065-8f80-40f0-994d-90b72209c51b",0.1,4,5,8,0.15,"linear",0,61
0.553103634987705,12.0012764752186,6.73646651289043,223.972653915199,126.009659275333,"Federov with Biased Sample","4462c065-8f80-40f0-994d-90b72209c51b",0.1,6,0,8,0.15,"linear",0,61
0.254589677165972,37.7414255249205,18.6062254571592,685.800317815016,355.356680631481,"Federov with Uniform Sample","4462c065-8f80-40f0-994d-90b72209c51b",0.1,6,4,16,0.15,"linear",0,61
0.552042304655012,26.1633075432787,11.5127630604852,476.422302405171,212.997958614636,"Federov with Biased Sample","4462c065-8f80-40f0-994d-90b72209c51b",0.1,2,5,16,0.15,"linear",0,61
0.25955204002427,79.695572955048,16.9557585755686,1425.22821917231,306.979609940455,"Federov with Uniform Sample","4462c065-8f80-40f0-994d-90b72209c51b",0.1,1,7,32,0.15,"linear",0,61
0.559246897824078,48.8848549207752,17.6922129755565,924.800981760621,361.894848416852,"Federov with Biased Sample","4462c065-8f80-40f0-994d-90b72209c51b",0.1,1,7,32,0.15,"linear",0,61
0.25583504555413,134.835609887782,54.1340918532619,2453.17292795453,1012.45493778672,"Federov with Uniform Sample","4462c065-8f80-40f0-994d-90b72209c51b",0.1,2,5,64,0.15,"linear",0,61
0.552865298826702,94.7069003684127,36.1552643837555,1728.98045820895,674.56716199942,"Federov with Biased Sample","4462c065-8f80-40f0-994d-90b72209c51b",0.1,3,7,64,0.15,"linear",0,61
0.256861990746758,2.07314225203227,1.07580816652256,38.5583188936119,20.2881421478779,"Federov with Uniform Sample","4462c065-8f80-40f0-994d-90b72209c51b",0.01,18,0,1,0.15,"linear",0,61
0.558256508591125,1.46798919602282,0.969745811847027,27.8418987242249,18.6580652189675,"Federov with Biased Sample","4462c065-8f80-40f0-994d-90b72209c51b",0.01,32,0,1,0.15,"linear",0,61
0.257440645364683,3.76208337963298,1.68572895815259,69.7681563164364,34.036442824391,"Federov with Uniform Sample","4462c065-8f80-40f0-994d-90b72209c51b",0.01,6,1,2,0.15,"linear",0,61
0.560029609719369,2.59585036151773,1.46654242361803,47.2119995918657,27.2659649205764,"Federov with Biased Sample","4462c065-8f80-40f0-994d-90b72209c51b",0.01,15,0,2,0.15,"linear",0,61
0.257633696787386,8.40435451491011,3.32067214649797,153.732760283468,62.2777201934489,"Federov with Uniform Sample","4462c065-8f80-40f0-994d-90b72209c51b",0.01,1,1,4,0.15,"linear",0,61
0.555030241122408,6.31920218002159,2.43615249394567,113.589342852316,45.5125843956962,"Federov with Biased Sample","4462c065-8f80-40f0-994d-90b72209c51b",0.01,1,2,4,0.15,"linear",0,61
0.257581467079666,20.2656402507292,10.8555747601028,377.541154704878,195.666155131597,"Federov with Uniform Sample","4462c065-8f80-40f0-994d-90b72209c51b",0.01,1,6,8,0.15,"linear",0,61
0.556737806030584,11.0843717820314,9.92770930528796,203.439542647486,176.795054654767,"Federov with Biased Sample","4462c065-8f80-40f0-994d-90b72209c51b",0.01,0,6,8,0.15,"linear",0,61
0.260705919075258,48.4864900566698,13.2307152467088,884.579341440104,255.195095250687,"Federov with Uniform Sample","4462c065-8f80-40f0-994d-90b72209c51b",0.01,1,6,16,0.15,"linear",0,61
0.561814619485591,26.2194479001781,26.2194479001781,484.478790469056,484.478790469056,"Federov with Biased Sample","4462c065-8f80-40f0-994d-90b72209c51b",0.01,53,0,16,0.15,"linear",0,61
0.266571902488938,75.1335441855688,75.1335441855688,1380.78751219381,1380.78751219381,"Federov with Uniform Sample","4462c065-8f80-40f0-994d-90b72209c51b",0.01,53,0,32,0.15,"linear",0,61
0.55932924524961,58.3513742661309,58.3513742661309,1105.97092304076,1105.97092304076,"Federov with Biased Sample","4462c065-8f80-40f0-994d-90b72209c51b",0.01,53,0,32,0.15,"linear",0,61
0.261868632824321,150.655464697149,150.655464697149,2770.40768352216,2770.40768352216,"Federov with Uniform Sample","4462c065-8f80-40f0-994d-90b72209c51b",0.01,53,0,64,0.15,"linear",0,61
0.55338660331474,96.2872850126307,96.2872850126307,1823.9411713857,1823.9411713857,"Federov with Biased Sample","4462c065-8f80-40f0-994d-90b72209c51b",0.01,53,0,64,0.15,"linear",0,61
0.262538812174994,1.92088632009182,1.0785698491636,34.9680431677339,21.2633252848327,"Federov with Uniform Sample","4462c065-8f80-40f0-994d-90b72209c51b",0.001,15,0,1,0.15,"linear",0,61
0.558950470293489,1.43903249933594,2.27320813538243,26.9482156605988,41.495637558781,"Federov with Biased Sample","4462c065-8f80-40f0-994d-90b72209c51b",0.001,15,2,1,0.15,"linear",0,61
0.257788854198103,5.21672368973292,1.79465557347693,94.0208061382774,33.2978510718535,"Federov with Uniform Sample","4462c065-8f80-40f0-994d-90b72209c51b",0.001,3,1,2,0.15,"linear",0,61
0.556750798529537,2.99530204140106,1.50069552493454,51.4744124436244,26.7953399997507,"Federov with Biased Sample","4462c065-8f80-40f0-994d-90b72209c51b",0.001,14,0,2,0.15,"linear",0,61
0.255932977209602,7.26157470000127,5.80900199094311,134.606750725471,106.625403629464,"Federov with Uniform Sample","4462c065-8f80-40f0-994d-90b72209c51b",0.001,0,4,4,0.15,"linear",0,61
0.552970923494269,5.95758038375206,2.05735707309489,108.24019968351,37.6248218595915,"Federov with Biased Sample","4462c065-8f80-40f0-994d-90b72209c51b",0.001,1,1,4,0.15,"linear",0,61
0.25732069478458,16.3750430493319,16.3750430493319,306.497132278728,306.497132278728,"Federov with Uniform Sample","4462c065-8f80-40f0-994d-90b72209c51b",0.001,53,0,8,0.15,"linear",0,61
0.555708528498925,11.644075130409,11.644075130409,206.603945480027,206.603945480027,"Federov with Biased Sample","4462c065-8f80-40f0-994d-90b72209c51b",0.001,53,0,8,0.15,"linear",0,61
0.260942121840979,39.2853368668364,39.2853368668364,704.893976378808,704.893976378808,"Federov with Uniform Sample","4462c065-8f80-40f0-994d-90b72209c51b",0.001,53,0,16,0.15,"linear",0,61
0.561118989243075,25.6065025302975,10.8553727438927,461.494519114689,208.966158399229,"Federov with Biased Sample","4462c065-8f80-40f0-994d-90b72209c51b",0.001,0,6,16,0.15,"linear",0,61
0.261010702854038,61.4690418217176,61.4690418217176,1135.43120260192,1135.43120260192,"Federov with Uniform Sample","4462c065-8f80-40f0-994d-90b72209c51b",0.001,53,0,32,0.15,"linear",0,61
0.561534024649456,55.4070643497949,55.4070643497949,988.316004416954,988.316004416954,"Federov with Biased Sample","4462c065-8f80-40f0-994d-90b72209c51b",0.001,53,0,32,0.15,"linear",0,61
0.256965088678871,153.415064125224,153.415064125224,2880.52459430288,2880.52459430288,"Federov with Uniform Sample","4462c065-8f80-40f0-994d-90b72209c51b",0.001,53,0,64,0.15,"linear",0,61
0.555307500209611,112.428387152433,112.428387152433,2005.16093722516,2005.16093722516,"Federov with Biased Sample","4462c065-8f80-40f0-994d-90b72209c51b",0.001,53,0,64,0.15,"linear",0,61
0.109112426207653,6.01148344647456,5.40796817179572,59.2876920472052,50.7186267453185,"Federov with Uniform Sample","eae69888-bba8-4e2a-86ec-d683982c5fc4",0.1,67,2,1,0.15,"quadratic",0.08,121
0.164006553489571,3.80270082850143,3.91868638774228,46.3979791122451,44.7056799245507,"Federov with Biased Sample","eae69888-bba8-4e2a-86ec-d683982c5fc4",0.1,67,1,1,0.15,"quadratic",0.08,121
0.109244153495309,9.52080978253924,7.03623177227322,109.237777942494,86.8586480496576,"Federov with Uniform Sample","eae69888-bba8-4e2a-86ec-d683982c5fc4",0.1,51,2,2,0.15,"quadratic",0.08,121
0.164912051317239,8.73294788113719,5.82367948337104,107.673976147511,70.7747155349734,"Federov with Biased Sample","eae69888-bba8-4e2a-86ec-d683982c5fc4",0.1,46,2,2,0.15,"quadratic",0.08,121
0.110321472743598,17.5082437627265,8.84602659723442,212.392926750716,114.547563969045,"Federov with Uniform Sample","eae69888-bba8-4e2a-86ec-d683982c5fc4",0.1,25,4,4,0.15,"quadratic",0.08,121
0.163642135249881,16.095380565013,8.64385423129374,186.550579793616,103.274117962358,"Federov with Biased Sample","eae69888-bba8-4e2a-86ec-d683982c5fc4",0.1,38,3,4,0.15,"quadratic",0.08,121
0.108650909493448,45.9312976114803,19.8158248927052,401.018939866492,218.910017370531,"Federov with Uniform Sample","eae69888-bba8-4e2a-86ec-d683982c5fc4",0.1,14,15,8,0.15,"quadratic",0.08,121
0.164534429663915,33.3505375681945,15.7058288338434,391.608710751072,187.975609542854,"Federov with Biased Sample","eae69888-bba8-4e2a-86ec-d683982c5fc4",0.1,16,8,8,0.15,"quadratic",0.08,121
0.110884468923329,82.8464612889342,35.025242691178,1054.425313181,430.612339596234,"Federov with Uniform Sample","eae69888-bba8-4e2a-86ec-d683982c5fc4",0.1,27,15,16,0.15,"quadratic",0.08,121
0.164525995299529,70.7386674688782,22.0226356352447,870.46121859269,288.896080193057,"Federov with Biased Sample","eae69888-bba8-4e2a-86ec-d683982c5fc4",0.1,11,18,16,0.15,"quadratic",0.08,121
0.10839057366686,144.38510294753,50.9708685926968,1761.59722556319,597.854832035369,"Federov with Uniform Sample","eae69888-bba8-4e2a-86ec-d683982c5fc4",0.1,10,21,32,0.15,"quadratic",0.08,121
0.165213432702049,107.826996094971,27.3597161403817,1419.37323258534,409.342867141275,"Federov with Biased Sample","eae69888-bba8-4e2a-86ec-d683982c5fc4",0.1,6,20,32,0.15,"quadratic",0.08,121
0.10997233604643,340.221559353224,104.639120745657,4021.49616765543,1145.13567775673,"Federov with Uniform Sample","eae69888-bba8-4e2a-86ec-d683982c5fc4",0.1,12,18,64,0.15,"quadratic",0.08,121
0.164403063720672,257.889931769476,42.0497207470808,3315.62482053505,660.607438724371,"Federov with Biased Sample","eae69888-bba8-4e2a-86ec-d683982c5fc4",0.1,5,20,64,0.15,"quadratic",0.08,121
0.10721478577279,5.72030832621345,5.86351406758661,62.8675561253815,54.5827867877892,"Federov with Uniform Sample","eae69888-bba8-4e2a-86ec-d683982c5fc4",0.01,58,3,1,0.15,"quadratic",0.08,121
0.165063580212108,3.81580284558933,2.83713715903989,44.3979447327665,36.6811129911345,"Federov with Biased Sample","eae69888-bba8-4e2a-86ec-d683982c5fc4",0.01,57,1,1,0.15,"quadratic",0.08,121
0.10927850462755,9.26425307014638,8.81119307490377,102.720316282516,94.6110236440477,"Federov with Uniform Sample","eae69888-bba8-4e2a-86ec-d683982c5fc4",0.01,35,5,2,0.15,"quadratic",0.08,121
0.165108134034664,8.45172859287367,4.52044533210152,95.4266940801487,54.9297016015862,"Federov with Biased Sample","eae69888-bba8-4e2a-86ec-d683982c5fc4",0.01,45,1,2,0.15,"quadratic",0.08,121
0.108870891845266,25.4019749197023,15.0726776076758,253.248572925632,171.884067749826,"Federov with Uniform Sample","eae69888-bba8-4e2a-86ec-d683982c5fc4",0.01,4,14,4,0.15,"quadratic",0.08,121
0.163916910294723,18.2515594712134,16.17111388697,229.650578797878,183.841297746551,"Federov with Biased Sample","eae69888-bba8-4e2a-86ec-d683982c5fc4",0.01,11,13,4,0.15,"quadratic",0.08,121
0.108532017725567,33.4151460911372,18.2169067671262,426.820528533665,228.935190974177,"Federov with Uniform Sample","eae69888-bba8-4e2a-86ec-d683982c5fc4",0.01,1,19,8,0.15,"quadratic",0.08,121
0.163957358841975,36.6021641780019,17.24570220007,403.763673923249,202.230107399676,"Federov with Biased Sample","eae69888-bba8-4e2a-86ec-d683982c5fc4",0.01,1,18,8,0.15,"quadratic",0.08,121
0.110053720680731,98.1687526688055,18.8824958367851,1101.82424423359,237.9297807285,"Federov with Uniform Sample","eae69888-bba8-4e2a-86ec-d683982c5fc4",0.01,1,20,16,0.15,"quadratic",0.08,121
0.16367560389143,73.8940092639121,20.2551327063977,867.999895829136,254.502990588364,"Federov with Biased Sample","eae69888-bba8-4e2a-86ec-d683982c5fc4",0.01,2,21,16,0.15,"quadratic",0.08,121
0.110199582016257,171.298278723074,171.298278723074,1926.93783580703,1926.93783580703,"Federov with Uniform Sample","eae69888-bba8-4e2a-86ec-d683982c5fc4",0.01,100,0,32,0.15,"quadratic",0.08,121
0.162463151952876,159.732174283291,159.732174283291,1899.73596891363,1899.73596891363,"Federov with Biased Sample","eae69888-bba8-4e2a-86ec-d683982c5fc4",0.01,100,0,32,0.15,"quadratic",0.08,121
0.109145472189241,281.694978133408,281.694978133408,2919.91038491561,2919.91038491561,"Federov with Uniform Sample","eae69888-bba8-4e2a-86ec-d683982c5fc4",0.01,100,0,64,0.15,"quadratic",0.08,121
0.166637626224339,277.599115407458,277.599115407458,3070.69926644185,3070.69926644185,"Federov with Biased Sample","eae69888-bba8-4e2a-86ec-d683982c5fc4",0.01,100,0,64,0.15,"quadratic",0.08,121
0.108561151597595,5.18250783061521,8.00194577087552,63.3293515426134,81.3108843579051,"Federov with Uniform Sample","eae69888-bba8-4e2a-86ec-d683982c5fc4",0.001,26,5,1,0.15,"quadratic",0.08,121
0.164444342326878,4.98079600564704,3.61226443399495,62.1328523948645,40.5639628966571,"Federov with Biased Sample","eae69888-bba8-4e2a-86ec-d683982c5fc4",0.001,35,3,1,0.15,"quadratic",0.08,121
0.108187751714426,9.35502284324942,9.04252855538525,105.750829731516,85.089037911357,"Federov with Uniform Sample","eae69888-bba8-4e2a-86ec-d683982c5fc4",0.001,21,7,2,0.15,"quadratic",0.08,121
0.164228102903949,7.72577995853693,4.05512140686195,99.9658252985338,45.8248821694441,"Federov with Biased Sample","eae69888-bba8-4e2a-86ec-d683982c5fc4",0.001,23,3,2,0.15,"quadratic",0.08,121
0.110468960398202,16.9952727245195,12.0122000111855,191.219154124235,132.22336394665,"Federov with Uniform Sample","eae69888-bba8-4e2a-86ec-d683982c5fc4",0.001,11,10,4,0.15,"quadratic",0.08,121
0.164732075155361,13.642799520238,11.9898960617558,169.080906686479,121.246689004439,"Federov with Biased Sample","eae69888-bba8-4e2a-86ec-d683982c5fc4",0.001,2,11,4,0.15,"quadratic",0.08,121
0.108381167602341,43.5233758908562,43.5233758908562,534.514389173182,534.514389173182,"Federov with Uniform Sample","eae69888-bba8-4e2a-86ec-d683982c5fc4",0.001,100,0,8,0.15,"quadratic",0.08,121
0.165700281005824,30.3648839434604,16.7133585755247,354.286249379368,189.530871437753,"Federov with Biased Sample","eae69888-bba8-4e2a-86ec-d683982c5fc4",0.001,3,14,8,0.15,"quadratic",0.08,121
0.107532133234693,73.4525162709553,73.4525162709553,919.759095247113,919.759095247113,"Federov with Uniform Sample","eae69888-bba8-4e2a-86ec-d683982c5fc4",0.001,100,0,16,0.15,"quadratic",0.08,121
0.163967021861986,54.9717511972546,54.9717511972546,743.560920488527,743.560920488527,"Federov with Biased Sample","eae69888-bba8-4e2a-86ec-d683982c5fc4",0.001,100,0,16,0.15,"quadratic",0.08,121
0.108396254454699,162.415528640997,162.415528640997,1787.17246684317,1787.17246684317,"Federov with Uniform Sample","eae69888-bba8-4e2a-86ec-d683982c5fc4",0.001,100,0,32,0.15,"quadratic",0.08,121
0.16485767076525,131.400916552469,131.400916552469,1528.72196325775,1528.72196325775,"Federov with Biased Sample","eae69888-bba8-4e2a-86ec-d683982c5fc4",0.001,100,0,32,0.15,"quadratic",0.08,121
0.108306921518001,360.142089862574,360.142089862574,4281.92917327892,4281.92917327892,"Federov with Uniform Sample","eae69888-bba8-4e2a-86ec-d683982c5fc4",0.001,100,0,64,0.15,"quadratic",0.08,121
0.163316012534034,248.554154109663,248.554154109663,3045.77271147901,3045.77271147901,"Federov with Biased Sample","eae69888-bba8-4e2a-86ec-d683982c5fc4",0.001,100,0,64,0.15,"quadratic",0.08,121
0.263220697962945,2.3482595341324,1.94111171796532,44.3094763048046,36.1369257971535,"Federov with Uniform Sample","947b447d-5db1-4f47-8c1e-4e4223f42ca0",0.1,29,0,1,0.15,"linear",0,61
0.559352966911256,1.5241775453695,1.29118360057185,28.4752468156445,25.2787967740345,"Federov with Biased Sample","947b447d-5db1-4f47-8c1e-4e4223f42ca0",0.1,39,0,1,0.15,"linear",0,61
0.258361632099642,5.05527961795535,4.1071697474743,91.5564460008531,78.465621953465,"Federov with Uniform Sample","947b447d-5db1-4f47-8c1e-4e4223f42ca0",0.1,13,3,2,0.15,"linear",0,61
0.554607762805379,3.15889646644603,2.55982472767632,58.1443657713185,48.2259256440414,"Federov with Biased Sample","947b447d-5db1-4f47-8c1e-4e4223f42ca0",0.1,23,1,2,0.15,"linear",0,61
0.253886900432566,9.51765153410921,8.09118172018826,176.781228796634,148.633154690666,"Federov with Uniform Sample","947b447d-5db1-4f47-8c1e-4e4223f42ca0",0.1,18,2,4,0.15,"linear",0,61
0.550207292571814,6.14008737166225,4.14761134102341,112.773404965368,78.1022114577843,"Federov with Biased Sample","947b447d-5db1-4f47-8c1e-4e4223f42ca0",0.1,21,1,4,0.15,"linear",0,61
0.260261864200611,21.0343508282569,14.0300778264617,392.776880561991,266.027938598773,"Federov with Uniform Sample","947b447d-5db1-4f47-8c1e-4e4223f42ca0",0.1,17,3,8,0.15,"linear",0,61
0.56154487883469,12.9674630068694,7.66481434332412,237.514792572292,138.598132726714,"Federov with Biased Sample","947b447d-5db1-4f47-8c1e-4e4223f42ca0",0.1,10,3,8,0.15,"linear",0,61
0.260406533843497,34.416606538476,14.2811143573722,632.791115994454,277.593814179491,"Federov with Uniform Sample","947b447d-5db1-4f47-8c1e-4e4223f42ca0",0.1,3,6,16,0.15,"linear",0,61
0.549611337365281,24.2536087155933,12.5169318624807,460.678028396925,237.957329067574,"Federov with Biased Sample","947b447d-5db1-4f47-8c1e-4e4223f42ca0",0.1,3,7,16,0.15,"linear",0,61
0.260283591643881,57.3557107852758,23.4284981913306,1018.62423056888,458.887901614859,"Federov with Uniform Sample","947b447d-5db1-4f47-8c1e-4e4223f42ca0",0.1,3,11,32,0.15,"linear",0,61
0.55216567256374,51.5271516913377,33.0876121397929,922.298315831164,609.483680377529,"Federov with Biased Sample","947b447d-5db1-4f47-8c1e-4e4223f42ca0",0.1,10,6,32,0.15,"linear",0,61
0.258426701236532,144.723194015768,64.6903755232316,2669.12381912127,1194.55035265753,"Federov with Uniform Sample","947b447d-5db1-4f47-8c1e-4e4223f42ca0",0.1,10,5,64,0.15,"linear",0,61
0.553961528908868,77.2486009203474,53.7672987432104,1438.72982488625,1004.64171383931,"Federov with Biased Sample","947b447d-5db1-4f47-8c1e-4e4223f42ca0",0.1,15,10,64,0.15,"linear",0,61
0.260312906220442,2.07634421214779,3.89274334600564,36.7430820327942,69.5051414337692,"Federov with Uniform Sample","947b447d-5db1-4f47-8c1e-4e4223f42ca0",0.01,25,1,1,0.15,"linear",0,61
0.558128982182964,1.6295616377618,1.42787560661626,32.7963107357777,29.0669070056866,"Federov with Biased Sample","947b447d-5db1-4f47-8c1e-4e4223f42ca0",0.01,34,0,1,0.15,"linear",0,61
0.25992041460708,5.44186230086355,1.97542739122199,103.041757119626,36.2043789716064,"Federov with Uniform Sample","947b447d-5db1-4f47-8c1e-4e4223f42ca0",0.01,8,0,2,0.15,"linear",0,61
0.560270398266943,3.84978464543325,2.50369208030921,71.0619705447869,46.8298408480958,"Federov with Biased Sample","947b447d-5db1-4f47-8c1e-4e4223f42ca0",0.01,13,2,2,0.15,"linear",0,61
0.260479289248692,9.73714533363348,4.63551809766996,183.360843380654,87.9008589336964,"Federov with Uniform Sample","947b447d-5db1-4f47-8c1e-4e4223f42ca0",0.01,2,3,4,0.15,"linear",0,61
0.548543099412781,4.55732262508386,3.5412334160209,82.8214350223071,63.5267712528432,"Federov with Biased Sample","947b447d-5db1-4f47-8c1e-4e4223f42ca0",0.01,5,3,4,0.15,"linear",0,61
0.25511395163402,14.1071860677143,8.2809523052502,259.459720395037,159.367068769278,"Federov with Uniform Sample","947b447d-5db1-4f47-8c1e-4e4223f42ca0",0.01,1,6,8,0.15,"linear",0,61
0.557156996898394,10.1915060861882,7.80284803148479,185.352693072901,148.57422326523,"Federov with Biased Sample","947b447d-5db1-4f47-8c1e-4e4223f42ca0",0.01,1,6,8,0.15,"linear",0,61
0.262206516806398,35.8493564797841,35.8493564797841,652.301271405056,652.301271405056,"Federov with Uniform Sample","947b447d-5db1-4f47-8c1e-4e4223f42ca0",0.01,50,0,16,0.15,"linear",0,61
0.554714546322511,24.4124047662739,13.5931707729666,447.592248505318,257.555802990809,"Federov with Biased Sample","947b447d-5db1-4f47-8c1e-4e4223f42ca0",0.01,3,9,16,0.15,"linear",0,61
0.263593895678204,67.9769702931771,17.6031301654769,1217.42181451772,378.639271520075,"Federov with Uniform Sample","947b447d-5db1-4f47-8c1e-4e4223f42ca0",0.01,1,10,32,0.15,"linear",0,61
0.554577308006375,55.6053346315301,14.4685297610074,1046.92806836636,275.951995528146,"Federov with Biased Sample","947b447d-5db1-4f47-8c1e-4e4223f42ca0",0.01,1,10,32,0.15,"linear",0,61
0.259705428496326,124.522109096979,124.522109096979,2299.22517599867,2299.22517599867,"Federov with Uniform Sample","947b447d-5db1-4f47-8c1e-4e4223f42ca0",0.01,50,0,64,0.15,"linear",0,61
0.553234724678583,116.337959009356,116.337959009356,2186.01648423944,2186.01648423944,"Federov with Biased Sample","947b447d-5db1-4f47-8c1e-4e4223f42ca0",0.01,50,0,64,0.15,"linear",0,61
0.257437273875418,2.69652115336136,2.30533976197213,49.3795763919546,43.0940119977082,"Federov with Uniform Sample","947b447d-5db1-4f47-8c1e-4e4223f42ca0",0.001,22,1,1,0.15,"linear",0,61
0.555758097175593,1.39205598638294,1.02287439977455,25.9001951160389,18.4206160573494,"Federov with Biased Sample","947b447d-5db1-4f47-8c1e-4e4223f42ca0",0.001,26,0,1,0.15,"linear",0,61
0.260412575475469,5.38689171199936,2.95691603198718,101.421594535815,54.2318632145525,"Federov with Uniform Sample","947b447d-5db1-4f47-8c1e-4e4223f42ca0",0.001,1,2,2,0.15,"linear",0,61
0.551152582380744,2.78005522276886,2.09345221498756,49.8423890067049,38.6450257367533,"Federov with Biased Sample","947b447d-5db1-4f47-8c1e-4e4223f42ca0",0.001,14,1,2,0.15,"linear",0,61
0.258674232208681,10.2267376402054,7.46751894978927,184.542327365082,138.171297816514,"Federov with Uniform Sample","947b447d-5db1-4f47-8c1e-4e4223f42ca0",0.001,1,6,4,0.15,"linear",0,61
0.558091082456751,5.91544857451229,5.55936166336268,118.053779490181,101.428859254548,"Federov with Biased Sample","947b447d-5db1-4f47-8c1e-4e4223f42ca0",0.001,1,5,4,0.15,"linear",0,61
0.259919855314816,20.5461672308447,13.065364986441,380.538880990483,239.739489444776,"Federov with Uniform Sample","947b447d-5db1-4f47-8c1e-4e4223f42ca0",0.001,1,10,8,0.15,"linear",0,61
0.548561571448928,9.78541232959411,12.2960448445013,170.548632436728,228.901913987737,"Federov with Biased Sample","947b447d-5db1-4f47-8c1e-4e4223f42ca0",0.001,2,9,8,0.15,"linear",0,61
0.262795203469789,34.0714539577352,34.0714539577352,627.244914886076,627.244914886076,"Federov with Uniform Sample","947b447d-5db1-4f47-8c1e-4e4223f42ca0",0.001,50,0,16,0.15,"linear",0,61
0.55448273581695,27.1545764602207,27.1545764602207,484.492159745533,484.492159745533,"Federov with Biased Sample","947b447d-5db1-4f47-8c1e-4e4223f42ca0",0.001,50,0,16,0.15,"linear",0,61
0.257447274295282,72.9686085061484,72.9686085061484,1362.97960276288,1362.97960276288,"Federov with Uniform Sample","947b447d-5db1-4f47-8c1e-4e4223f42ca0",0.001,50,0,32,0.15,"linear",0,61
0.559950649595925,41.5075663282794,41.5075663282794,796.160882306509,796.160882306509,"Federov with Biased Sample","947b447d-5db1-4f47-8c1e-4e4223f42ca0",0.001,50,0,32,0.15,"linear",0,61
0.256737765150886,175.173521071388,175.173521071388,3229.84378106192,3229.84378106192,"Federov with Uniform Sample","947b447d-5db1-4f47-8c1e-4e4223f42ca0",0.001,50,0,64,0.15,"linear",0,61
0.557506386108879,101.216830744579,26.6022130690861,1931.34640799064,506.425492294552,"Federov with Biased Sample","947b447d-5db1-4f47-8c1e-4e4223f42ca0",0.001,2,11,64,0.15,"linear",0,61
0.109022944860874,3.91571724493513,3.17449265518048,48.0873619886804,38.5293693723764,"Federov with Uniform Sample","d4d8d464-23f2-4d24-9bae-251c90aeb442",0.1,54,1,1,0.15,"quadratic",0.08,121
0.164692816598095,3.88969055184496,2.66536137099774,47.4030829299408,33.428230431249,"Federov with Biased Sample","d4d8d464-23f2-4d24-9bae-251c90aeb442",0.1,53,1,1,0.15,"quadratic",0.08,121
0.107792226638326,8.52824931128682,5.22651031095794,95.6011263674144,59.4363344142331,"Federov with Uniform Sample","d4d8d464-23f2-4d24-9bae-251c90aeb442",0.1,36,2,2,0.15,"quadratic",0.08,121
0.164463338016325,13.5746281848394,5.02106321822984,144.746952475813,59.1462670051278,"Federov with Biased Sample","d4d8d464-23f2-4d24-9bae-251c90aeb442",0.1,37,2,2,0.15,"quadratic",0.08,121
0.109590246888567,21.8785597438879,8.74883037681822,212.897721939318,103.302097409746,"Federov with Uniform Sample","d4d8d464-23f2-4d24-9bae-251c90aeb442",0.1,28,4,4,0.15,"quadratic",0.08,121
0.165373634826202,18.4080473434992,11.0981962800876,214.007587689015,133.111356845182,"Federov with Biased Sample","d4d8d464-23f2-4d24-9bae-251c90aeb442",0.1,27,7,4,0.15,"quadratic",0.08,121
0.107431195497825,38.1363367929986,18.3287998510482,417.706587214954,222.700773427834,"Federov with Uniform Sample","d4d8d464-23f2-4d24-9bae-251c90aeb442",0.1,9,10,8,0.15,"quadratic",0.08,121
0.166317248574023,23.9326146084265,13.0348486000246,296.709498663511,201.258324405686,"Federov with Biased Sample","d4d8d464-23f2-4d24-9bae-251c90aeb442",0.1,9,10,8,0.15,"quadratic",0.08,121
0.109471042961504,80.0057886747598,25.2139858613045,856.231271978498,339.749281581123,"Federov with Uniform Sample","d4d8d464-23f2-4d24-9bae-251c90aeb442",0.1,6,13,16,0.15,"quadratic",0.08,121
0.162069139123158,70.4737667687141,27.5915670695775,787.516526392027,329.439600770437,"Federov with Biased Sample","d4d8d464-23f2-4d24-9bae-251c90aeb442",0.1,20,5,16,0.15,"quadratic",0.08,121
0.108923018322266,155.379492676519,34.9776288845699,1794.56890089302,501.599132814938,"Federov with Uniform Sample","d4d8d464-23f2-4d24-9bae-251c90aeb442",0.1,1,18,32,0.15,"quadratic",0.08,121
0.164236635475652,107.157553132564,33.5600086227272,1326.587316467,422.338039427071,"Federov with Biased Sample","d4d8d464-23f2-4d24-9bae-251c90aeb442",0.1,9,15,32,0.15,"quadratic",0.08,121
0.108560804321186,329.146027186845,31.5049541377669,3635.7071503396,570.964449413349,"Federov with Uniform Sample","d4d8d464-23f2-4d24-9bae-251c90aeb442",0.1,0,19,64,0.15,"quadratic",0.08,121
0.164879489460887,246.673213923813,246.673213923813,3075.08218937071,3075.08218937071,"Federov with Biased Sample","d4d8d464-23f2-4d24-9bae-251c90aeb442",0.1,99,0,64,0.15,"quadratic",0.08,121
0.107949848108856,5.30660734961434,3.68927452609539,56.8786334433684,48.10175775215,"Federov with Uniform Sample","d4d8d464-23f2-4d24-9bae-251c90aeb442",0.01,35,2,1,0.15,"quadratic",0.08,121
0.164418917352767,3.7442895539691,3.47558477335434,40.963722814482,38.826628431544,"Federov with Biased Sample","d4d8d464-23f2-4d24-9bae-251c90aeb442",0.01,43,2,1,0.15,"quadratic",0.08,121
0.109654630495388,10.9800858716871,6.45923487479433,105.047464552253,68.2884870895726,"Federov with Uniform Sample","d4d8d464-23f2-4d24-9bae-251c90aeb442",0.01,20,4,2,0.15,"quadratic",0.08,121
0.16399687219625,6.42043353229379,3.27710940730613,75.3213920020581,46.6654878121418,"Federov with Biased Sample","d4d8d464-23f2-4d24-9bae-251c90aeb442",0.01,20,2,2,0.15,"quadratic",0.08,121
0.107965310938283,22.4587326880685,11.1332816053907,236.249658037624,126.187926484874,"Federov with Uniform Sample","d4d8d464-23f2-4d24-9bae-251c90aeb442",0.01,10,8,4,0.15,"quadratic",0.08,121
0.165602787059187,17.0259748670999,9.12618827848851,207.670831960772,93.4884604912031,"Federov with Biased Sample","d4d8d464-23f2-4d24-9bae-251c90aeb442",0.01,6,7,4,0.15,"quadratic",0.08,121
0.108388182477554,41.2306768631534,17.8795163821558,457.604171955955,284.565501297895,"Federov with Uniform Sample","d4d8d464-23f2-4d24-9bae-251c90aeb442",0.01,0,18,8,0.15,"quadratic",0.08,121
0.166118262690436,29.8101095633727,13.559560376869,343.402877950198,195.860054103319,"Federov with Biased Sample","d4d8d464-23f2-4d24-9bae-251c90aeb442",0.01,1,12,8,0.15,"quadratic",0.08,121
0.110447181635822,67.7170755312719,18.1127580391569,772.17050892057,288.511911852837,"Federov with Uniform Sample","d4d8d464-23f2-4d24-9bae-251c90aeb442",0.01,0,18,16,0.15,"quadratic",0.08,121
0.165312125841291,66.4920234322641,19.0678068670589,740.83544695253,312.784099458034,"Federov with Biased Sample","d4d8d464-23f2-4d24-9bae-251c90aeb442",0.01,1,18,16,0.15,"quadratic",0.08,121
0.108859904864028,150.28886099677,150.28886099677,1940.11079518728,1940.11079518728,"Federov with Uniform Sample","d4d8d464-23f2-4d24-9bae-251c90aeb442",0.01,99,0,32,0.15,"quadratic",0.08,121
0.164512775179762,121.538304280405,121.538304280405,1569.72716279604,1569.72716279604,"Federov with Biased Sample","d4d8d464-23f2-4d24-9bae-251c90aeb442",0.01,99,0,32,0.15,"quadratic",0.08,121
0.108668791454252,349.725171838886,81.429673739165,3813.58650554302,1151.97886600341,"Federov with Uniform Sample","d4d8d464-23f2-4d24-9bae-251c90aeb442",0.01,9,18,64,0.15,"quadratic",0.08,121
0.164650004683948,213.599830309988,213.599830309988,2528.38565545042,2528.38565545042,"Federov with Biased Sample","d4d8d464-23f2-4d24-9bae-251c90aeb442",0.01,99,0,64,0.15,"quadratic",0.08,121
0.107877675015767,4.37243124293843,3.77766594848009,57.808661514445,39.229438884271,"Federov with Uniform Sample","d4d8d464-23f2-4d24-9bae-251c90aeb442",0.001,14,2,1,0.15,"quadratic",0.08,121
0.163841004752088,4.50377759474607,2.35143247707339,52.4554269153463,27.1293096304598,"Federov with Biased Sample","d4d8d464-23f2-4d24-9bae-251c90aeb442",0.001,36,1,1,0.15,"quadratic",0.08,121
0.109863444669153,9.48314649108869,5.89605232372533,108.024773971062,52.9500679833196,"Federov with Uniform Sample","d4d8d464-23f2-4d24-9bae-251c90aeb442",0.001,8,5,2,0.15,"quadratic",0.08,121
0.165939479387049,7.12967481861384,6.4381678370123,87.2632690091317,67.8834195689689,"Federov with Biased Sample","d4d8d464-23f2-4d24-9bae-251c90aeb442",0.001,10,5,2,0.15,"quadratic",0.08,121
0.108938972113821,19.0919941322789,10.5690488274436,237.676086694053,139.264277724007,"Federov with Uniform Sample","d4d8d464-23f2-4d24-9bae-251c90aeb442",0.001,1,11,4,0.15,"quadratic",0.08,121
0.166345360888068,16.9229108899641,10.4472905198005,191.759006609021,122.858710440132,"Federov with Biased Sample","d4d8d464-23f2-4d24-9bae-251c90aeb442",0.001,3,9,4,0.15,"quadratic",0.08,121
0.10944763411037,41.420168973803,16.7159927137974,497.483497915599,269.21721076568,"Federov with Uniform Sample","d4d8d464-23f2-4d24-9bae-251c90aeb442",0.001,0,17,8,0.15,"quadratic",0.08,121
0.164672068170098,34.6800060680947,13.390743098425,372.795773617733,188.568313665743,"Federov with Biased Sample","d4d8d464-23f2-4d24-9bae-251c90aeb442",0.001,0,14,8,0.15,"quadratic",0.08,121
0.10846331082106,60.1662509632073,21.8662560824578,709.319134823475,370.817821318012,"Federov with Uniform Sample","d4d8d464-23f2-4d24-9bae-251c90aeb442",0.001,2,18,16,0.15,"quadratic",0.08,121
0.163919795458559,63.2227801974879,63.2227801974879,812.611297631583,812.611297631583,"Federov with Biased Sample","d4d8d464-23f2-4d24-9bae-251c90aeb442",0.001,99,0,16,0.15,"quadratic",0.08,121
0.108888785433064,215.86893295203,215.86893295203,2224.52360675511,2224.52360675511,"Federov with Uniform Sample","d4d8d464-23f2-4d24-9bae-251c90aeb442",0.001,99,0,32,0.15,"quadratic",0.08,121
0.16512247639995,124.32520608575,124.32520608575,1643.06704467356,1643.06704467356,"Federov with Biased Sample","d4d8d464-23f2-4d24-9bae-251c90aeb442",0.001,99,0,32,0.15,"quadratic",0.08,121
0.108381550481189,384.125728971393,384.125728971393,4119.81922911614,4119.81922911614,"Federov with Uniform Sample","d4d8d464-23f2-4d24-9bae-251c90aeb442",0.001,99,0,64,0.15,"quadratic",0.08,121
0.165727115020505,280.444033550047,280.444033550047,3343.65327911357,3343.65327911357,"Federov with Biased Sample","d4d8d464-23f2-4d24-9bae-251c90aeb442",0.001,99,0,64,0.15,"quadratic",0.08,121
0.258175232124889,2.33511205235964,1.20413811402357,43.6017846719438,21.7601778590972,"Federov with Uniform Sample","f8d3eafd-d8d5-44a6-89ef-844fa25ba818",0.1,26,0,1,0.15,"linear",0,61
0.560590072641692,1.74650148184233,0.982946559908345,31.843690030739,18.2796566534404,"Federov with Biased Sample","f8d3eafd-d8d5-44a6-89ef-844fa25ba818",0.1,34,0,1,0.15,"linear",0,61
0.26383690740736,5.53017686287369,4.03439592340318,102.013076871897,73.0691622976883,"Federov with Uniform Sample","f8d3eafd-d8d5-44a6-89ef-844fa25ba818",0.1,24,1,2,0.15,"linear",0,61
0.557138418792506,2.82341613041837,1.39815460932756,49.9306661670385,26.0589651032887,"Federov with Biased Sample","f8d3eafd-d8d5-44a6-89ef-844fa25ba818",0.1,23,0,2,0.15,"linear",0,61
0.258489428519028,11.6609357327857,7.067935477853,220.644874889715,129.904665099299,"Federov with Uniform Sample","f8d3eafd-d8d5-44a6-89ef-844fa25ba818",0.1,6,3,4,0.15,"linear",0,61
0.55097104413312,5.04300831339474,2.48243537414687,98.6662039579922,45.3191631517519,"Federov with Biased Sample","f8d3eafd-d8d5-44a6-89ef-844fa25ba818",0.1,10,1,4,0.15,"linear",0,61
0.256579098732399,19.5048096781745,9.01250670282052,352.167123589508,164.039881628648,"Federov with Uniform Sample","f8d3eafd-d8d5-44a6-89ef-844fa25ba818",0.1,4,5,8,0.15,"linear",0,61
0.551006783963827,12.7782303422725,4.40962380324923,236.742895948442,80.5046621294836,"Federov with Biased Sample","f8d3eafd-d8d5-44a6-89ef-844fa25ba818",0.1,8,0,8,0.15,"linear",0,61
0.261970754074916,41.8009251478785,10.7733714029968,790.334501445672,209.358120760109,"Federov with Uniform Sample","f8d3eafd-d8d5-44a6-89ef-844fa25ba818",0.1,1,6,16,0.15,"linear",0,61
0.559356447936971,25.4883487389364,15.9713974341345,474.439034311741,293.187816540253,"Federov with Biased Sample","f8d3eafd-d8d5-44a6-89ef-844fa25ba818",0.1,3,7,16,0.15,"linear",0,61
0.259681557774841,68.0069876441267,17.3542540521689,1233.47398792064,304.999624540251,"Federov with Uniform Sample","f8d3eafd-d8d5-44a6-89ef-844fa25ba818",0.1,2,8,32,0.15,"linear",0,61
0.553902381338191,49.487086382578,17.9856277608469,895.517642715156,356.99965976115,"Federov with Biased Sample","f8d3eafd-d8d5-44a6-89ef-844fa25ba818",0.1,3,7,32,0.15,"linear",0,61
0.260313660031272,151.130161808781,37.9885107192878,2747.14337061048,696.196184019913,"Federov with Uniform Sample","f8d3eafd-d8d5-44a6-89ef-844fa25ba818",0.1,5,7,64,0.15,"linear",0,61
0.552935532664418,102.327169659889,32.8243984113124,1950.84093024703,583.727206414814,"Federov with Biased Sample","f8d3eafd-d8d5-44a6-89ef-844fa25ba818",0.1,3,7,64,0.15,"linear",0,61
0.256289230870738,2.23077613904226,1.37785461783071,39.8834080580521,24.6642922112339,"Federov with Uniform Sample","f8d3eafd-d8d5-44a6-89ef-844fa25ba818",0.01,24,0,1,0.15,"linear",0,61
0.547090549574014,1.76113989172521,1.1864283569705,35.1093247654384,22.0560221770451,"Federov with Biased Sample","f8d3eafd-d8d5-44a6-89ef-844fa25ba818",0.01,30,0,1,0.15,"linear",0,61
0.258058942696493,4.96109607398453,4.48865563688071,90.7291741293703,80.7763361440716,"Federov with Uniform Sample","f8d3eafd-d8d5-44a6-89ef-844fa25ba818",0.01,18,2,2,0.15,"linear",0,61
0.551901379163474,3.0536092607078,1.22423367873728,57.0356836875575,23.1427396473046,"Federov with Biased Sample","f8d3eafd-d8d5-44a6-89ef-844fa25ba818",0.01,15,0,2,0.15,"linear",0,61
0.258815786695596,6.4579908802849,6.72347629115447,122.739977095811,130.314898584518,"Federov with Uniform Sample","f8d3eafd-d8d5-44a6-89ef-844fa25ba818",0.01,1,4,4,0.15,"linear",0,61
0.548662748392752,6.93569881996399,2.87279023275419,130.335073166042,53.4611092493665,"Federov with Biased Sample","f8d3eafd-d8d5-44a6-89ef-844fa25ba818",0.01,7,1,4,0.15,"linear",0,61
0.257241325077126,16.7115872208674,10.827893863228,306.717628960019,203.275293980762,"Federov with Uniform Sample","f8d3eafd-d8d5-44a6-89ef-844fa25ba818",0.01,1,7,8,0.15,"linear",0,61
0.559754711116609,12.0083007320788,10.0052420817732,217.843410143086,183.939411432107,"Federov with Biased Sample","f8d3eafd-d8d5-44a6-89ef-844fa25ba818",0.01,1,7,8,0.15,"linear",0,61
0.261438614629521,27.9266675663047,27.9266675663047,518.466312407845,518.466312407845,"Federov with Uniform Sample","f8d3eafd-d8d5-44a6-89ef-844fa25ba818",0.01,53,0,16,0.15,"linear",0,61
0.552221795780762,19.3051539863092,10.8338035387908,344.224700974346,208.18445725943,"Federov with Biased Sample","f8d3eafd-d8d5-44a6-89ef-844fa25ba818",0.01,1,7,16,0.15,"linear",0,61
0.258788627499585,74.2007240427885,74.2007240427885,1411.63816592802,1411.63816592802,"Federov with Uniform Sample","f8d3eafd-d8d5-44a6-89ef-844fa25ba818",0.01,53,0,32,0.15,"linear",0,61
0.548527280449129,55.6132305480119,13.2045963839183,1058.21020088563,256.831002194097,"Federov with Biased Sample","f8d3eafd-d8d5-44a6-89ef-844fa25ba818",0.01,2,8,32,0.15,"linear",0,61
0.264022509881045,125.749809144383,125.749809144383,2275.10126210354,2275.10126210354,"Federov with Uniform Sample","f8d3eafd-d8d5-44a6-89ef-844fa25ba818",0.01,53,0,64,0.15,"linear",0,61
0.551203582623677,96.3191520391638,29.3582764096538,1812.36389677853,589.457379139938,"Federov with Biased Sample","f8d3eafd-d8d5-44a6-89ef-844fa25ba818",0.01,2,8,64,0.15,"linear",0,61
0.259408024768469,2.18894348780082,1.12755083658957,38.5613609733368,20.4961097756618,"Federov with Uniform Sample","f8d3eafd-d8d5-44a6-89ef-844fa25ba818",0.001,23,0,1,0.15,"linear",0,61
0.562980386030228,1.58278410141058,0.885076034198036,29.0257248328244,16.3708804232467,"Federov with Biased Sample","f8d3eafd-d8d5-44a6-89ef-844fa25ba818",0.001,24,0,1,0.15,"linear",0,61
0.26216378794734,3.65811259147452,4.02845640569059,66.3750773647736,75.8808289715956,"Federov with Uniform Sample","f8d3eafd-d8d5-44a6-89ef-844fa25ba818",0.001,5,2,2,0.15,"linear",0,61
0.55502060208352,3.65660747061922,2.26084076806749,66.0077761939957,39.7821087035529,"Federov with Biased Sample","f8d3eafd-d8d5-44a6-89ef-844fa25ba818",0.001,9,1,2,0.15,"linear",0,61
0.260103705415332,8.97462676072932,6.08566923245683,160.39043826509,113.04964329761,"Federov with Uniform Sample","f8d3eafd-d8d5-44a6-89ef-844fa25ba818",0.001,2,4,4,0.15,"linear",0,61
0.554482839157544,7.24689183450335,2.98726489668622,130.510678377778,55.5705529297732,"Federov with Biased Sample","f8d3eafd-d8d5-44a6-89ef-844fa25ba818",0.001,5,1,4,0.15,"linear",0,61
0.257511780288729,19.2974858067494,12.1904278786739,347.416721942875,219.182477503145,"Federov with Uniform Sample","f8d3eafd-d8d5-44a6-89ef-844fa25ba818",0.001,1,7,8,0.15,"linear",0,61
0.550581807875662,12.8917671640972,9.77287418390886,233.741168630711,176.568110486619,"Federov with Biased Sample","f8d3eafd-d8d5-44a6-89ef-844fa25ba818",0.001,2,6,8,0.15,"linear",0,61
0.259137375098015,29.1479473353276,29.1479473353276,528.503117397112,528.503117397112,"Federov with Uniform Sample","f8d3eafd-d8d5-44a6-89ef-844fa25ba818",0.001,53,0,16,0.15,"linear",0,61
0.556172537995588,25.586070821199,11.7432199184194,484.265683852183,235.873009505958,"Federov with Biased Sample","f8d3eafd-d8d5-44a6-89ef-844fa25ba818",0.001,1,7,16,0.15,"linear",0,61
0.263945402099891,58.7572319187161,58.7572319187161,1095.79694003733,1095.79694003733,"Federov with Uniform Sample","f8d3eafd-d8d5-44a6-89ef-844fa25ba818",0.001,53,0,32,0.15,"linear",0,61
0.555191506708251,41.1181615764453,41.1181615764453,760.114015102684,760.114015102684,"Federov with Biased Sample","f8d3eafd-d8d5-44a6-89ef-844fa25ba818",0.001,53,0,32,0.15,"linear",0,61
0.253558503655758,160.907611916479,160.907611916479,2901.73189236035,2901.73189236035,"Federov with Uniform Sample","f8d3eafd-d8d5-44a6-89ef-844fa25ba818",0.001,53,0,64,0.15,"linear",0,61
0.555768878416266,117.642631670254,117.642631670254,2204.94617283096,2204.94617283096,"Federov with Biased Sample","f8d3eafd-d8d5-44a6-89ef-844fa25ba818",0.001,53,0,64,0.15,"linear",0,61
0.109057672598218,3.80462372980789,1.8963648306255,45.2489842452473,27.5542470770745,"Federov with Uniform Sample","3464425d-652e-45d0-92e8-e47d21bcaf71",0.1,53,0,1,0.15,"quadratic",0.08,121
0.164964239041873,4.72553477110298,3.21101444044586,53.8394150900737,47.5922424617209,"Federov with Biased Sample","3464425d-652e-45d0-92e8-e47d21bcaf71",0.1,63,1,1,0.15,"quadratic",0.08,121
0.106797413920038,9.3301414416862,5.42589458793168,96.8268837706921,59.9973044976078,"Federov with Uniform Sample","3464425d-652e-45d0-92e8-e47d21bcaf71",0.1,27,3,2,0.15,"quadratic",0.08,121
0.163726257088042,6.6402462244643,3.45907469169497,82.0424864951341,48.4275844922214,"Federov with Biased Sample","3464425d-652e-45d0-92e8-e47d21bcaf71",0.1,43,0,2,0.15,"quadratic",0.08,121
0.109809607545296,17.1799816096041,9.06598089515871,215.062794007749,110.589360980506,"Federov with Uniform Sample","3464425d-652e-45d0-92e8-e47d21bcaf71",0.1,20,5,4,0.15,"quadratic",0.08,121
0.165263595073236,13.7843037842227,8.13482194034975,167.220730541331,104.54007591306,"Federov with Biased Sample","3464425d-652e-45d0-92e8-e47d21bcaf71",0.1,21,3,4,0.15,"quadratic",0.08,121
0.109220734557128,51.9296677977468,17.175204954767,525.952362562401,160.486997505212,"Federov with Uniform Sample","3464425d-652e-45d0-92e8-e47d21bcaf71",0.1,13,7,8,0.15,"quadratic",0.08,121
0.164183795769849,36.819643515018,13.3011560151773,463.224739877561,178.925538630137,"Federov with Biased Sample","3464425d-652e-45d0-92e8-e47d21bcaf71",0.1,5,10,8,0.15,"quadratic",0.08,121
0.108813858655852,82.3148605555501,23.8689741879638,954.432169211977,329.658453133438,"Federov with Uniform Sample","3464425d-652e-45d0-92e8-e47d21bcaf71",0.1,9,13,16,0.15,"quadratic",0.08,121
0.164937547688945,55.862186349618,17.73018798512,730.987737504344,297.248116632748,"Federov with Biased Sample","3464425d-652e-45d0-92e8-e47d21bcaf71",0.1,4,15,16,0.15,"quadratic",0.08,121
0.108413220776878,160.414330984035,29.0994796011559,1847.81765985863,448.592746837085,"Federov with Uniform Sample","3464425d-652e-45d0-92e8-e47d21bcaf71",0.1,3,14,32,0.15,"quadratic",0.08,121
0.164628880795261,159.186382854754,51.0036570559712,1854.37542602494,696.691348871513,"Federov with Biased Sample","3464425d-652e-45d0-92e8-e47d21bcaf71",0.1,23,9,32,0.15,"quadratic",0.08,121
0.108756335499295,236.800261421286,59.631473307875,2869.14089095967,934.825457039739,"Federov with Uniform Sample","3464425d-652e-45d0-92e8-e47d21bcaf71",0.1,6,14,64,0.15,"quadratic",0.08,121
0.1632994698835,251.053871910939,66.496804996728,2906.99056181211,745.741608690691,"Federov with Biased Sample","3464425d-652e-45d0-92e8-e47d21bcaf71",0.1,10,13,64,0.15,"quadratic",0.08,121
0.107726781014026,4.29800445136034,3.2751908537265,52.2962908725477,46.7455200680079,"Federov with Uniform Sample","3464425d-652e-45d0-92e8-e47d21bcaf71",0.01,69,1,1,0.15,"quadratic",0.08,121
0.163793772497681,3.38611747517202,1.77276457917002,42.9953945319664,24.5071104628642,"Federov with Biased Sample","3464425d-652e-45d0-92e8-e47d21bcaf71",0.01,44,0,1,0.15,"quadratic",0.08,121
0.111025895389785,8.56078630150889,3.72929435668808,101.84924279797,46.3862233732849,"Federov with Uniform Sample","3464425d-652e-45d0-92e8-e47d21bcaf71",0.01,17,1,2,0.15,"quadratic",0.08,121
0.163482238826494,9.89486183987113,6.05490811864908,118.854345579597,78.541865970762,"Federov with Biased Sample","3464425d-652e-45d0-92e8-e47d21bcaf71",0.01,14,4,2,0.15,"quadratic",0.08,121
0.109552870641085,20.4007677458683,8.00123973204145,259.343981949791,98.5833124312969,"Federov with Uniform Sample","3464425d-652e-45d0-92e8-e47d21bcaf71",0.01,4,8,4,0.15,"quadratic",0.08,121
0.164424226592827,18.1406915576111,8.23907228767224,210.394327849092,98.2916598473312,"Federov with Biased Sample","3464425d-652e-45d0-92e8-e47d21bcaf71",0.01,25,5,4,0.15,"quadratic",0.08,121
0.109896899179287,46.7673580516011,11.7635706092383,549.204065248464,180.520483705447,"Federov with Uniform Sample","3464425d-652e-45d0-92e8-e47d21bcaf71",0.01,1,12,8,0.15,"quadratic",0.08,121
0.16459436522151,37.0113918006897,10.3500392785928,440.153403238253,121.023092990401,"Federov with Biased Sample","3464425d-652e-45d0-92e8-e47d21bcaf71",0.01,2,9,8,0.15,"quadratic",0.08,121
0.109246738119588,82.5449097436605,82.5449097436605,1026.45529550021,1026.45529550021,"Federov with Uniform Sample","3464425d-652e-45d0-92e8-e47d21bcaf71",0.01,106,0,16,0.15,"quadratic",0.08,121
0.163921719444417,62.6052963019209,16.9706630290063,736.837859157361,245.951524886688,"Federov with Biased Sample","3464425d-652e-45d0-92e8-e47d21bcaf71",0.01,2,15,16,0.15,"quadratic",0.08,121
0.109151348544438,157.227754397668,157.227754397668,1857.83246201758,1857.83246201758,"Federov with Uniform Sample","3464425d-652e-45d0-92e8-e47d21bcaf71",0.01,106,0,32,0.15,"quadratic",0.08,121
0.163087826436389,121.045628362255,121.045628362255,1427.62979388856,1427.62979388856,"Federov with Biased Sample","3464425d-652e-45d0-92e8-e47d21bcaf71",0.01,106,0,32,0.15,"quadratic",0.08,121
0.109775359941857,332.74830171713,332.74830171713,4374.5867097988,4374.5867097988,"Federov with Uniform Sample","3464425d-652e-45d0-92e8-e47d21bcaf71",0.01,106,0,64,0.15,"quadratic",0.08,121
0.164822057413319,224.055187186884,224.055187186884,2813.09545196449,2813.09545196449,"Federov with Biased Sample","3464425d-652e-45d0-92e8-e47d21bcaf71",0.01,106,0,64,0.15,"quadratic",0.08,121
0.108856349204053,6.5368130049396,3.13102623372681,65.7833048943078,30.4729101311933,"Federov with Uniform Sample","3464425d-652e-45d0-92e8-e47d21bcaf71",0.001,29,1,1,0.15,"quadratic",0.08,121
0.165465884749582,3.30336810135903,3.34662422369085,45.1413698724399,37.2856322786694,"Federov with Biased Sample","3464425d-652e-45d0-92e8-e47d21bcaf71",0.001,25,1,1,0.15,"quadratic",0.08,121
0.108647575051413,10.3570106874666,5.5846243878335,120.736667366405,56.2518978065652,"Federov with Uniform Sample","3464425d-652e-45d0-92e8-e47d21bcaf71",0.001,4,5,2,0.15,"quadratic",0.08,121
0.165143322429361,9.58873165169533,5.10495253434156,112.641041772381,58.4425627340451,"Federov with Biased Sample","3464425d-652e-45d0-92e8-e47d21bcaf71",0.001,9,4,2,0.15,"quadratic",0.08,121
0.108315532850816,22.3016183952559,9.81939594234754,274.445993589041,129.906113099848,"Federov with Uniform Sample","3464425d-652e-45d0-92e8-e47d21bcaf71",0.001,3,10,4,0.15,"quadratic",0.08,121
0.164121205188744,17.9335673694864,8.45595803193373,199.667424836657,86.7519622215162,"Federov with Biased Sample","3464425d-652e-45d0-92e8-e47d21bcaf71",0.001,4,6,4,0.15,"quadratic",0.08,121
0.109130868008197,35.235772630845,10.4453078366831,362.517064224474,141.339229293655,"Federov with Uniform Sample","3464425d-652e-45d0-92e8-e47d21bcaf71",0.001,1,11,8,0.15,"quadratic",0.08,121
0.165749467818105,31.4905102012863,10.3757700592755,349.909877568214,136.679095690179,"Federov with Biased Sample","3464425d-652e-45d0-92e8-e47d21bcaf71",0.001,1,11,8,0.15,"quadratic",0.08,121
0.107545855498666,94.5808536835555,94.5808536835555,1178.0695873992,1178.0695873992,"Federov with Uniform Sample","3464425d-652e-45d0-92e8-e47d21bcaf71",0.001,106,0,16,0.15,"quadratic",0.08,121
0.165290757041558,79.304394311177,79.304394311177,987.123556722023,987.123556722023,"Federov with Biased Sample","3464425d-652e-45d0-92e8-e47d21bcaf71",0.001,106,0,16,0.15,"quadratic",0.08,121
0.109269174254694,180.42940542299,180.42940542299,1978.21363979097,1978.21363979097,"Federov with Uniform Sample","3464425d-652e-45d0-92e8-e47d21bcaf71",0.001,106,0,32,0.15,"quadratic",0.08,121
0.166178740273065,99.3151098703272,99.3151098703272,1309.57330495238,1309.57330495238,"Federov with Biased Sample","3464425d-652e-45d0-92e8-e47d21bcaf71",0.001,106,0,32,0.15,"quadratic",0.08,121
0.108883921409496,260.863539366686,260.863539366686,3029.65161686934,3029.65161686934,"Federov with Uniform Sample","3464425d-652e-45d0-92e8-e47d21bcaf71",0.001,106,0,64,0.15,"quadratic",0.08,121
0.1632749078319,245.872369712794,245.872369712794,2996.35684250602,2996.35684250602,"Federov with Biased Sample","3464425d-652e-45d0-92e8-e47d21bcaf71",0.001,106,0,64,0.15,"quadratic",0.08,121
0.260023042628468,2.40892863798264,1.62117571028506,45.2001670683548,31.2452869331775,"Federov with Uniform Sample","82d8d376-d0d2-4b4a-b8e8-a1522942528a",0.1,25,0,1,0.15,"linear",0,61
0.557161389201795,1.61052652318495,1.3349944196536,29.2572295296962,24.4345001957169,"Federov with Biased Sample","82d8d376-d0d2-4b4a-b8e8-a1522942528a",0.1,36,0,1,0.15,"linear",0,61
0.259385042098171,5.51680405212868,2.99384604067253,99.6677362835274,56.2736017233944,"Federov with Uniform Sample","82d8d376-d0d2-4b4a-b8e8-a1522942528a",0.1,14,1,2,0.15,"linear",0,61
0.553880439907125,2.68383923115209,1.6436334111516,48.5053611704941,30.227226434227,"Federov with Biased Sample","82d8d376-d0d2-4b4a-b8e8-a1522942528a",0.1,21,0,2,0.15,"linear",0,61
0.260827951608068,10.8095804149283,3.57648361740513,197.892685308194,64.8170863271128,"Federov with Uniform Sample","82d8d376-d0d2-4b4a-b8e8-a1522942528a",0.1,7,1,4,0.15,"linear",0,61
0.553897105529972,6.2796471513658,4.1689469825738,117.269102097765,78.2536562748504,"Federov with Biased Sample","82d8d376-d0d2-4b4a-b8e8-a1522942528a",0.1,11,2,4,0.15,"linear",0,61
0.261293694439867,19.9481302608624,7.44803191366324,376.739346626626,139.780874977286,"Federov with Uniform Sample","82d8d376-d0d2-4b4a-b8e8-a1522942528a",0.1,6,4,8,0.15,"linear",0,61
0.554225436590856,15.0148483748626,7.44110780492946,266.178638924549,135.450857207664,"Federov with Biased Sample","82d8d376-d0d2-4b4a-b8e8-a1522942528a",0.1,10,2,8,0.15,"linear",0,61
0.256369582000481,52.0647483481452,25.4268420294736,921.831201052609,462.119561295313,"Federov with Uniform Sample","82d8d376-d0d2-4b4a-b8e8-a1522942528a",0.1,12,10,16,0.15,"linear",0,61
0.560751407800907,22.7840533126229,12.6961223715163,407.34994949458,231.738793756543,"Federov with Biased Sample","82d8d376-d0d2-4b4a-b8e8-a1522942528a",0.1,6,7,16,0.15,"linear",0,61
0.25886710761408,78.7803659086286,25.6301843323438,1448.43975959796,551.051398325983,"Federov with Uniform Sample","82d8d376-d0d2-4b4a-b8e8-a1522942528a",0.1,2,10,32,0.15,"linear",0,61
0.554801770375546,41.0812395233516,28.5869717202703,739.576400398885,499.960169546786,"Federov with Biased Sample","82d8d376-d0d2-4b4a-b8e8-a1522942528a",0.1,17,6,32,0.15,"linear",0,61
0.25914687105299,146.573704312638,52.4667790362208,2648.79415235566,987.816430759004,"Federov with Uniform Sample","82d8d376-d0d2-4b4a-b8e8-a1522942528a",0.1,7,8,64,0.15,"linear",0,61
0.56261565491,93.4972812348867,56.0176616702657,1712.45342204285,1007.92315883996,"Federov with Biased Sample","82d8d376-d0d2-4b4a-b8e8-a1522942528a",0.1,12,5,64,0.15,"linear",0,61
0.261646336529535,2.36975227824332,1.69068244818471,42.9823533528417,30.8624001922983,"Federov with Uniform Sample","82d8d376-d0d2-4b4a-b8e8-a1522942528a",0.01,10,1,1,0.15,"linear",0,61
0.55462766321884,1.56192456219291,3.09052335887462,28.8093216823902,57.2273005921826,"Federov with Biased Sample","82d8d376-d0d2-4b4a-b8e8-a1522942528a",0.01,22,1,1,0.15,"linear",0,61
0.256596082070736,3.83263893650149,1.94675703625457,70.6322048857903,37.0793432216943,"Federov with Uniform Sample","82d8d376-d0d2-4b4a-b8e8-a1522942528a",0.01,2,1,2,0.15,"linear",0,61
0.55668989089035,2.98404999031099,2.15199324336374,56.1297092725438,39.6850951833278,"Federov with Biased Sample","82d8d376-d0d2-4b4a-b8e8-a1522942528a",0.01,5,1,2,0.15,"linear",0,61
0.259450339297571,8.18403116496682,8.67885537067804,146.416080819492,158.399271467083,"Federov with Uniform Sample","82d8d376-d0d2-4b4a-b8e8-a1522942528a",0.01,3,5,4,0.15,"linear",0,61
0.552304420742482,7.34901990571707,3.63466318638439,136.584107098993,68.189788535437,"Federov with Biased Sample","82d8d376-d0d2-4b4a-b8e8-a1522942528a",0.01,1,3,4,0.15,"linear",0,61
0.258660662619468,17.0124587341995,17.0124587341995,315.725400089475,315.725400089475,"Federov with Uniform Sample","82d8d376-d0d2-4b4a-b8e8-a1522942528a",0.01,51,0,8,0.15,"linear",0,61
0.560297632600687,9.68409281768552,8.23804078166087,171.98513439391,151.736864397924,"Federov with Biased Sample","82d8d376-d0d2-4b4a-b8e8-a1522942528a",0.01,1,7,8,0.15,"linear",0,61
0.263808099617253,33.8262162600861,33.8262162600861,622.759344917361,622.759344917361,"Federov with Uniform Sample","82d8d376-d0d2-4b4a-b8e8-a1522942528a",0.01,51,0,16,0.15,"linear",0,61
0.555758244060246,20.4732662170434,15.327538752817,374.017733793437,276.099022802133,"Federov with Biased Sample","82d8d376-d0d2-4b4a-b8e8-a1522942528a",0.01,4,8,16,0.15,"linear",0,61
0.262752713905628,76.2391078107857,21.9216752888594,1477.51138859589,401.572521312373,"Federov with Uniform Sample","82d8d376-d0d2-4b4a-b8e8-a1522942528a",0.01,1,9,32,0.15,"linear",0,61
0.5577309843808,48.2609691930309,48.2609691930309,887.001997700163,887.001997700163,"Federov with Biased Sample","82d8d376-d0d2-4b4a-b8e8-a1522942528a",0.01,51,0,32,0.15,"linear",0,61
0.261835118651928,127.6960088761,35.7706323215265,2286.20508085219,688.08228098246,"Federov with Uniform Sample","82d8d376-d0d2-4b4a-b8e8-a1522942528a",0.01,2,10,64,0.15,"linear",0,61
0.551440167811556,145.180356289714,145.180356289714,2652.22783150939,2652.22783150939,"Federov with Biased Sample","82d8d376-d0d2-4b4a-b8e8-a1522942528a",0.01,51,0,64,0.15,"linear",0,61
0.261588806133162,2.16711449754287,2.03428039050678,40.7103611420498,38.6692759547974,"Federov with Uniform Sample","82d8d376-d0d2-4b4a-b8e8-a1522942528a",0.001,15,1,1,0.15,"linear",0,61
0.552275115919289,1.6975161760877,0.806304679363882,31.1882694843119,15.0329502975302,"Federov with Biased Sample","82d8d376-d0d2-4b4a-b8e8-a1522942528a",0.001,16,0,1,0.15,"linear",0,61
0.258850274200604,4.4822054393471,2.22693058584052,83.9114038076579,40.4500866312381,"Federov with Uniform Sample","82d8d376-d0d2-4b4a-b8e8-a1522942528a",0.001,5,1,2,0.15,"linear",0,61
0.551914192284328,2.46356900847072,2.59066856704699,46.2432330161364,47.818592569055,"Federov with Biased Sample","82d8d376-d0d2-4b4a-b8e8-a1522942528a",0.001,5,2,2,0.15,"linear",0,61
0.263112775247081,7.88063000570311,7.44850133055317,142.067677625121,134.32469511899,"Federov with Uniform Sample","82d8d376-d0d2-4b4a-b8e8-a1522942528a",0.001,1,6,4,0.15,"linear",0,61
0.562888321379422,6.23552168038224,5.78550490949594,116.361163840201,108.285246308399,"Federov with Biased Sample","82d8d376-d0d2-4b4a-b8e8-a1522942528a",0.001,3,4,4,0.15,"linear",0,61
0.260219179420019,18.4446363361737,11.7992513174006,328.289126589053,216.103257094946,"Federov with Uniform Sample","82d8d376-d0d2-4b4a-b8e8-a1522942528a",0.001,1,9,8,0.15,"linear",0,61
0.555502103783488,14.7498581747494,9.73251552358776,285.021209227493,179.971430455797,"Federov with Biased Sample","82d8d376-d0d2-4b4a-b8e8-a1522942528a",0.001,1,8,8,0.15,"linear",0,61
0.260552909077766,38.8842479067302,38.8842479067302,715.09951392219,715.09951392219,"Federov with Uniform Sample","82d8d376-d0d2-4b4a-b8e8-a1522942528a",0.001,51,0,16,0.15,"linear",0,61
0.551254883072401,20.9972601953612,20.9972601953612,376.63734758825,376.63734758825,"Federov with Biased Sample","82d8d376-d0d2-4b4a-b8e8-a1522942528a",0.001,51,0,16,0.15,"linear",0,61
0.263919942034073,63.1902654783407,63.1902654783407,1137.62509974768,1137.62509974768,"Federov with Uniform Sample","82d8d376-d0d2-4b4a-b8e8-a1522942528a",0.001,51,0,32,0.15,"linear",0,61
0.556170386658694,61.210481784231,61.210481784231,1057.66020072382,1057.66020072382,"Federov with Biased Sample","82d8d376-d0d2-4b4a-b8e8-a1522942528a",0.001,51,0,32,0.15,"linear",0,61
0.259374215863468,152.233565120814,152.233565120814,2751.70157846181,2751.70157846181,"Federov with Uniform Sample","82d8d376-d0d2-4b4a-b8e8-a1522942528a",0.001,51,0,64,0.15,"linear",0,61
0.546459157705768,103.138118863324,103.138118863324,1992.51588114643,1992.51588114643,"Federov with Biased Sample","82d8d376-d0d2-4b4a-b8e8-a1522942528a",0.001,51,0,64,0.15,"linear",0,61
0.10781589131387,4.3237352884351,2.71699802297053,49.6822193508554,33.1302327918957,"Federov with Uniform Sample","db809723-0aa2-4f07-8483-b22b345034bd",0.1,56,0,1,0.15,"quadratic",0.08,121
0.163694491970634,3.91321087888742,2.42106187262146,48.1879908925252,32.3959117568398,"Federov with Biased Sample","db809723-0aa2-4f07-8483-b22b345034bd",0.1,59,1,1,0.15,"quadratic",0.08,121
0.108689728983359,10.756412416471,7.99228420778945,125.525089163754,92.8329598339524,"Federov with Uniform Sample","db809723-0aa2-4f07-8483-b22b345034bd",0.1,58,2,2,0.15,"quadratic",0.08,121
0.165137982383086,7.91251121428092,4.183160707047,95.3538749077102,56.5583580643095,"Federov with Biased Sample","db809723-0aa2-4f07-8483-b22b345034bd",0.1,35,2,2,0.15,"quadratic",0.08,121
0.108312390989599,25.1677349036304,10.5767533120293,286.387977834415,109.706504101893,"Federov with Uniform Sample","db809723-0aa2-4f07-8483-b22b345034bd",0.1,24,8,4,0.15,"quadratic",0.08,121
0.165492763422968,17.6672603089819,7.47676968654804,218.380940108371,100.397488192458,"Federov with Biased Sample","db809723-0aa2-4f07-8483-b22b345034bd",0.1,11,7,4,0.15,"quadratic",0.08,121
0.109827501001589,48.1570016954106,16.4653422674077,545.906642307325,190.478906987394,"Federov with Uniform Sample","db809723-0aa2-4f07-8483-b22b345034bd",0.1,10,10,8,0.15,"quadratic",0.08,121
0.164978586595551,31.5611333280836,13.1493623405247,393.18150239024,165.787053389321,"Federov with Biased Sample","db809723-0aa2-4f07-8483-b22b345034bd",0.1,20,9,8,0.15,"quadratic",0.08,121
0.108550871927917,72.4107384370468,22.7958734984472,800.740582998179,316.77418169555,"Federov with Uniform Sample","db809723-0aa2-4f07-8483-b22b345034bd",0.1,7,15,16,0.15,"quadratic",0.08,121
0.166296050973149,71.3843349842945,31.7593530014372,808.828261692567,408.339644640014,"Federov with Biased Sample","db809723-0aa2-4f07-8483-b22b345034bd",0.1,35,12,16,0.15,"quadratic",0.08,121
0.108627721425352,136.244158618168,57.1912934536603,1595.1882697967,783.344884120303,"Federov with Uniform Sample","db809723-0aa2-4f07-8483-b22b345034bd",0.1,22,15,32,0.15,"quadratic",0.08,121
0.164055540277275,134.381571157423,21.2990399323424,1625.88269377934,285.772004758622,"Federov with Biased Sample","db809723-0aa2-4f07-8483-b22b345034bd",0.1,2,18,32,0.15,"quadratic",0.08,121
0.109881492406557,317.837835105975,131.895017931707,3651.38824635374,1126.95503290886,"Federov with Uniform Sample","db809723-0aa2-4f07-8483-b22b345034bd",0.1,13,18,64,0.15,"quadratic",0.08,121
0.163680346506991,223.598084480306,31.7077403393863,2715.4109895052,458.263751921043,"Federov with Biased Sample","db809723-0aa2-4f07-8483-b22b345034bd",0.1,2,19,64,0.15,"quadratic",0.08,121
0.109042702054244,4.0008225988686,3.6582691363651,49.9729551746271,55.3362913884517,"Federov with Uniform Sample","db809723-0aa2-4f07-8483-b22b345034bd",0.01,46,2,1,0.15,"quadratic",0.08,121
0.163978378622128,3.24575279126579,1.80137099631262,41.3746217637163,26.2456975612395,"Federov with Biased Sample","db809723-0aa2-4f07-8483-b22b345034bd",0.01,49,0,1,0.15,"quadratic",0.08,121
0.107663577641701,10.1169043543615,8.19467645018968,126.607046900564,87.939896135678,"Federov with Uniform Sample","db809723-0aa2-4f07-8483-b22b345034bd",0.01,31,7,2,0.15,"quadratic",0.08,121
0.164157931119689,8.23741974521933,8.79604781951761,99.632060765592,96.8777548790986,"Federov with Biased Sample","db809723-0aa2-4f07-8483-b22b345034bd",0.01,26,8,2,0.15,"quadratic",0.08,121
0.109036908113384,14.8759685521705,12.3931544266715,176.279334682091,144.471290677983,"Federov with Uniform Sample","db809723-0aa2-4f07-8483-b22b345034bd",0.01,13,11,4,0.15,"quadratic",0.08,121
0.163762113543225,17.7663156755717,6.2981234832164,209.397675176403,73.376559865093,"Federov with Biased Sample","db809723-0aa2-4f07-8483-b22b345034bd",0.01,26,3,4,0.15,"quadratic",0.08,121
0.109856363297843,34.374699016711,14.7571508878493,400.840679147899,179.532285634557,"Federov with Uniform Sample","db809723-0aa2-4f07-8483-b22b345034bd",0.01,1,17,8,0.15,"quadratic",0.08,121
0.1653910466028,30.0202034376018,15.5207111497076,377.578758216444,207.339910527052,"Federov with Biased Sample","db809723-0aa2-4f07-8483-b22b345034bd",0.01,4,17,8,0.15,"quadratic",0.08,121
0.108220956304988,102.831688065724,17.4175686608247,1167.48588255181,242.530297703302,"Federov with Uniform Sample","db809723-0aa2-4f07-8483-b22b345034bd",0.01,1,19,16,0.15,"quadratic",0.08,121
0.164228118516667,55.8505088764335,17.3727507322539,704.570984211431,245.543404987416,"Federov with Biased Sample","db809723-0aa2-4f07-8483-b22b345034bd",0.01,2,18,16,0.15,"quadratic",0.08,121
0.108931578987264,148.361172786711,148.361172786711,1588.59637418694,1588.59637418694,"Federov with Uniform Sample","db809723-0aa2-4f07-8483-b22b345034bd",0.01,101,0,32,0.15,"quadratic",0.08,121
0.163732852174689,180.264194509355,24.3963691027182,2026.47496867257,398.37819168137,"Federov with Biased Sample","db809723-0aa2-4f07-8483-b22b345034bd",0.01,2,19,32,0.15,"quadratic",0.08,121
0.107240457811574,348.610431807854,348.610431807854,3833.11644053119,3833.11644053119,"Federov with Uniform Sample","db809723-0aa2-4f07-8483-b22b345034bd",0.01,101,0,64,0.15,"quadratic",0.08,121
0.164904417352277,327.752292821029,61.7272204977849,3797.42708749917,750.855240728694,"Federov with Biased Sample","db809723-0aa2-4f07-8483-b22b345034bd",0.01,5,19,64,0.15,"quadratic",0.08,121
0.108907149137873,7.76531429968316,5.54146030243935,62.2149595564699,63.0494205903542,"Federov with Uniform Sample","db809723-0aa2-4f07-8483-b22b345034bd",0.001,20,6,1,0.15,"quadratic",0.08,121
0.164971360568713,3.82714306176529,3.90771356061973,44.4281510951222,39.8214820271193,"Federov with Biased Sample","db809723-0aa2-4f07-8483-b22b345034bd",0.001,35,2,1,0.15,"quadratic",0.08,121
0.109201618131739,9.76847198361487,11.1770634772706,114.312516795429,105.785033969574,"Federov with Uniform Sample","db809723-0aa2-4f07-8483-b22b345034bd",0.001,5,11,2,0.15,"quadratic",0.08,121
0.165243746683855,6.53108985623512,6.93880898500883,79.1049476278069,86.450028413534,"Federov with Biased Sample","db809723-0aa2-4f07-8483-b22b345034bd",0.001,27,8,2,0.15,"quadratic",0.08,121
0.108786312562788,17.6212876983584,11.4194624125585,207.889815374615,128.275458909051,"Federov with Uniform Sample","db809723-0aa2-4f07-8483-b22b345034bd",0.001,3,13,4,0.15,"quadratic",0.08,121
0.16517826742765,19.693226971914,12.0445873236416,243.225973632857,136.35226950047,"Federov with Biased Sample","db809723-0aa2-4f07-8483-b22b345034bd",0.001,5,15,4,0.15,"quadratic",0.08,121
0.108370623303241,45.7012419776117,13.540811543998,489.725656398305,150.402151398105,"Federov with Uniform Sample","db809723-0aa2-4f07-8483-b22b345034bd",0.001,1,16,8,0.15,"quadratic",0.08,121
0.162962815715981,36.1953436839944,15.0326376857554,429.548689515054,202.688517669416,"Federov with Biased Sample","db809723-0aa2-4f07-8483-b22b345034bd",0.001,2,16,8,0.15,"quadratic",0.08,121
0.108558821471121,62.0619959870641,62.0619959870641,687.179492819013,687.179492819013,"Federov with Uniform Sample","db809723-0aa2-4f07-8483-b22b345034bd",0.001,101,0,16,0.15,"quadratic",0.08,121
0.163540566473007,71.7315442060621,71.7315442060621,845.934147391907,845.934147391907,"Federov with Biased Sample","db809723-0aa2-4f07-8483-b22b345034bd",0.001,101,0,16,0.15,"quadratic",0.08,121
0.108653019726351,156.524329310372,22.5267544559169,1840.71094806698,360.460039396309,"Federov with Uniform Sample","db809723-0aa2-4f07-8483-b22b345034bd",0.001,1,19,32,0.15,"quadratic",0.08,121
0.165025453759137,147.824248373191,147.824248373191,1847.63813473382,1847.63813473382,"Federov with Biased Sample","db809723-0aa2-4f07-8483-b22b345034bd",0.001,101,0,32,0.15,"quadratic",0.08,121
0.108623939973497,289.980361803514,289.980361803514,3312.02713196003,3312.02713196003,"Federov with Uniform Sample","db809723-0aa2-4f07-8483-b22b345034bd",0.001,101,0,64,0.15,"quadratic",0.08,121
0.165499680505392,203.940804300565,203.940804300565,2502.50680176372,2502.50680176372,"Federov with Biased Sample","db809723-0aa2-4f07-8483-b22b345034bd",0.001,101,0,64,0.15,"quadratic",0.08,121
0.258820326106106,2.1643456568991,1.75439653079592,40.1054687234987,31.3766850699445,"Federov with Uniform Sample","7631f048-0c9c-43bc-bd6d-05dc7f4c25db",0.1,38,0,1,0.15,"linear",0,61
0.550811938213943,1.80772650308794,2.89911720773597,32.2357093559048,52.0484085169949,"Federov with Biased Sample","7631f048-0c9c-43bc-bd6d-05dc7f4c25db",0.1,45,1,1,0.15,"linear",0,61
0.262222535811153,4.92995425549809,4.04017314079243,88.8651502802703,73.2849967913154,"Federov with Uniform Sample","7631f048-0c9c-43bc-bd6d-05dc7f4c25db",0.1,33,0,2,0.15,"linear",0,61
0.546088692603105,2.96966492507124,2.14365508856268,53.9137246248348,37.6820979567403,"Federov with Biased Sample","7631f048-0c9c-43bc-bd6d-05dc7f4c25db",0.1,37,0,2,0.15,"linear",0,61
0.257175472524605,9.13672705470376,4.508737990938,159.378606504102,80.9444304756775,"Federov with Uniform Sample","7631f048-0c9c-43bc-bd6d-05dc7f4c25db",0.1,12,0,4,0.15,"linear",0,61
0.55286035013511,7.4143789921528,7.19045975335658,136.147789718721,129.585233345476,"Federov with Biased Sample","7631f048-0c9c-43bc-bd6d-05dc7f4c25db",0.1,17,1,4,0.15,"linear",0,61
0.260899970985566,22.361246967014,11.1268932356436,415.582119487286,205.158272866549,"Federov with Uniform Sample","7631f048-0c9c-43bc-bd6d-05dc7f4c25db",0.1,3,4,8,0.15,"linear",0,61
0.553578143812483,14.1916094835291,6.20463893559175,260.456771088305,117.280026405392,"Federov with Biased Sample","7631f048-0c9c-43bc-bd6d-05dc7f4c25db",0.1,4,2,8,0.15,"linear",0,61
0.261248227179697,45.0096413750802,15.3516734750085,805.11595653939,289.423476054625,"Federov with Uniform Sample","7631f048-0c9c-43bc-bd6d-05dc7f4c25db",0.1,1,8,16,0.15,"linear",0,61
0.5605379755493,20.4584481691225,17.0440549636348,389.95001190635,321.678865747822,"Federov with Biased Sample","7631f048-0c9c-43bc-bd6d-05dc7f4c25db",0.1,12,5,16,0.15,"linear",0,61
0.267762037509938,83.0093246006764,37.8581414186582,1550.10509044845,740.524938442996,"Federov with Uniform Sample","7631f048-0c9c-43bc-bd6d-05dc7f4c25db",0.1,6,6,32,0.15,"linear",0,61
0.555248855818147,36.4466102247491,19.0280560886227,647.293566247589,341.489465675311,"Federov with Biased Sample","7631f048-0c9c-43bc-bd6d-05dc7f4c25db",0.1,2,6,32,0.15,"linear",0,61
0.263265191541712,127.839671710072,62.1898022259919,2330.18975821608,1155.66447128547,"Federov with Uniform Sample","7631f048-0c9c-43bc-bd6d-05dc7f4c25db",0.1,9,7,64,0.15,"linear",0,61
0.55339005230701,91.5613473470428,48.5683308696516,1724.94044401497,955.410474613422,"Federov with Biased Sample","7631f048-0c9c-43bc-bd6d-05dc7f4c25db",0.1,4,6,64,0.15,"linear",0,61
0.266092457841674,1.92576463171681,1.71038350361709,34.9148275329865,30.4376280670802,"Federov with Uniform Sample","7631f048-0c9c-43bc-bd6d-05dc7f4c25db",0.01,35,0,1,0.15,"linear",0,61
0.554839434309083,1.59381943904093,1.36796505107247,30.5905238673898,26.2666005250468,"Federov with Biased Sample","7631f048-0c9c-43bc-bd6d-05dc7f4c25db",0.01,43,0,1,0.15,"linear",0,61
0.257547121354622,4.37654653132801,2.16266200548142,78.5615965677554,40.7277782068868,"Federov with Uniform Sample","7631f048-0c9c-43bc-bd6d-05dc7f4c25db",0.01,5,1,2,0.15,"linear",0,61
0.560350530682301,3.07994563722247,2.12580107097323,56.2330974303032,38.1136298821938,"Federov with Biased Sample","7631f048-0c9c-43bc-bd6d-05dc7f4c25db",0.01,11,1,2,0.15,"linear",0,61
0.264771296714297,9.52114093201496,7.61310640251504,174.524299554238,136.834818922489,"Federov with Uniform Sample","7631f048-0c9c-43bc-bd6d-05dc7f4c25db",0.01,7,2,4,0.15,"linear",0,61
0.54645960854599,6.68578100645668,4.88413223590831,123.253360977667,89.3064920677439,"Federov with Biased Sample","7631f048-0c9c-43bc-bd6d-05dc7f4c25db",0.01,8,1,4,0.15,"linear",0,61
0.259573920636915,22.6006219551074,14.1389253408368,418.995022500522,260.886614647453,"Federov with Uniform Sample","7631f048-0c9c-43bc-bd6d-05dc7f4c25db",0.01,21,2,8,0.15,"linear",0,61
0.560604075497952,13.8886675524424,11.8851967502971,250.114029720225,212.470574244454,"Federov with Biased Sample","7631f048-0c9c-43bc-bd6d-05dc7f4c25db",0.01,0,5,8,0.15,"linear",0,61
0.260093571313515,43.7750691673799,19.7801768878038,792.41203139159,362.036037335772,"Federov with Uniform Sample","7631f048-0c9c-43bc-bd6d-05dc7f4c25db",0.01,8,5,16,0.15,"linear",0,61
0.558666496680594,26.6112172279188,14.9698820994416,509.330645035131,274.26467535234,"Federov with Biased Sample","7631f048-0c9c-43bc-bd6d-05dc7f4c25db",0.01,0,7,16,0.15,"linear",0,61
0.258325613604513,56.7869898770882,56.7869898770882,1043.68557141364,1043.68557141364,"Federov with Uniform Sample","7631f048-0c9c-43bc-bd6d-05dc7f4c25db",0.01,52,0,32,0.15,"linear",0,61
0.558627858837901,53.7408693738309,31.6613881663795,961.026922627983,587.108457771946,"Federov with Biased Sample","7631f048-0c9c-43bc-bd6d-05dc7f4c25db",0.01,7,4,32,0.15,"linear",0,61
0.259684241187573,130.849126016042,130.849126016042,2430.91630404129,2430.91630404129,"Federov with Uniform Sample","7631f048-0c9c-43bc-bd6d-05dc7f4c25db",0.01,52,0,64,0.15,"linear",0,61
0.556739740600889,81.8856330374778,81.8856330374778,1515.93305971955,1515.93305971955,"Federov with Biased Sample","7631f048-0c9c-43bc-bd6d-05dc7f4c25db",0.01,52,0,64,0.15,"linear",0,61
0.261987077235582,2.09650238620122,1.12866143311214,39.5146251611294,22.1107334847877,"Federov with Uniform Sample","7631f048-0c9c-43bc-bd6d-05dc7f4c25db",0.001,22,0,1,0.15,"linear",0,61
0.555127385777569,1.52176832373326,2.06538549202857,27.7954329642694,36.599987575078,"Federov with Biased Sample","7631f048-0c9c-43bc-bd6d-05dc7f4c25db",0.001,24,1,1,0.15,"linear",0,61
0.260660434030786,4.0446248609046,1.57018158863408,76.4364466806555,30.8152071109738,"Federov with Uniform Sample","7631f048-0c9c-43bc-bd6d-05dc7f4c25db",0.001,6,0,2,0.15,"linear",0,61
0.555337345113059,2.5722624271945,2.23358372648313,46.1014399265402,40.2173789501428,"Federov with Biased Sample","7631f048-0c9c-43bc-bd6d-05dc7f4c25db",0.001,12,1,2,0.15,"linear",0,61
0.260515886221597,9.3966345528052,10.8118199673103,179.982911561561,193.928526035525,"Federov with Uniform Sample","7631f048-0c9c-43bc-bd6d-05dc7f4c25db",0.001,0,6,4,0.15,"linear",0,61
0.550364132235374,5.143042531459,1.85539044010991,91.4331343873813,33.1541931706625,"Federov with Biased Sample","7631f048-0c9c-43bc-bd6d-05dc7f4c25db",0.001,7,0,4,0.15,"linear",0,61
0.261669973874827,19.6443389265464,19.6443389265464,365.503230821219,365.503230821219,"Federov with Uniform Sample","7631f048-0c9c-43bc-bd6d-05dc7f4c25db",0.001,52,0,8,0.15,"linear",0,61
0.557825226026757,10.4895331577681,12.9157078129458,192.14157697073,240.429328542674,"Federov with Biased Sample","7631f048-0c9c-43bc-bd6d-05dc7f4c25db",0.001,0,7,8,0.15,"linear",0,61
0.25865559814988,39.5501588300803,39.5501588300803,726.535711087513,726.535711087513,"Federov with Uniform Sample","7631f048-0c9c-43bc-bd6d-05dc7f4c25db",0.001,52,0,16,0.15,"linear",0,61
0.553785822805281,32.5609306939459,32.5609306939459,642.517497249046,642.517497249046,"Federov with Biased Sample","7631f048-0c9c-43bc-bd6d-05dc7f4c25db",0.001,52,0,16,0.15,"linear",0,61
0.260572609556124,73.3683256234902,73.3683256234902,1364.71257183405,1364.71257183405,"Federov with Uniform Sample","7631f048-0c9c-43bc-bd6d-05dc7f4c25db",0.001,52,0,32,0.15,"linear",0,61
0.557022649269682,41.8696302759815,41.8696302759815,747.574677266483,747.574677266483,"Federov with Biased Sample","7631f048-0c9c-43bc-bd6d-05dc7f4c25db",0.001,52,0,32,0.15,"linear",0,61
0.258955025892749,149.588810878262,149.588810878262,2791.76022291974,2791.76022291974,"Federov with Uniform Sample","7631f048-0c9c-43bc-bd6d-05dc7f4c25db",0.001,52,0,64,0.15,"linear",0,61
0.562323058801563,90.6084219393759,90.6084219393759,1682.69874728025,1682.69874728025,"Federov with Biased Sample","7631f048-0c9c-43bc-bd6d-05dc7f4c25db",0.001,52,0,64,0.15,"linear",0,61
0.108986916764174,4.69297679567078,2.95314021701652,50.1627010981257,38.465858097768,"Federov with Uniform Sample","fd39ed6f-92ad-4eaa-b7d7-859a6d9de165",0.1,66,0,1,0.15,"quadratic",0.08,121
0.162654166244128,3.01961872866151,1.97036592312415,39.4571203438342,27.0335900176874,"Federov with Biased Sample","fd39ed6f-92ad-4eaa-b7d7-859a6d9de165",0.1,60,0,1,0.15,"quadratic",0.08,121
0.10837031065913,12.9494529529311,6.66234307063146,124.530589640318,62.9546265631294,"Federov with Uniform Sample","fd39ed6f-92ad-4eaa-b7d7-859a6d9de165",0.1,65,0,2,0.15,"quadratic",0.08,121
0.163614232667085,8.44646988355341,6.00623681815147,95.8269000128801,78.8093646053571,"Federov with Biased Sample","fd39ed6f-92ad-4eaa-b7d7-859a6d9de165",0.1,62,0,2,0.15,"quadratic",0.08,121
0.109515838413883,17.3050814743655,9.40515496074268,208.142334169879,110.787639154463,"Federov with Uniform Sample","fd39ed6f-92ad-4eaa-b7d7-859a6d9de165",0.1,30,3,4,0.15,"quadratic",0.08,121
0.165402906870967,13.1792310150157,8.64413687596667,172.383618913878,95.6658009746749,"Federov with Biased Sample","fd39ed6f-92ad-4eaa-b7d7-859a6d9de165",0.1,17,4,4,0.15,"quadratic",0.08,121
0.108327542323782,39.1723167911045,15.9527295338243,393.22380611926,177.341321084973,"Federov with Uniform Sample","fd39ed6f-92ad-4eaa-b7d7-859a6d9de165",0.1,18,7,8,0.15,"quadratic",0.08,121
0.164739288702884,28.3484463218672,13.4351324707737,307.678382708895,146.998633149907,"Federov with Biased Sample","fd39ed6f-92ad-4eaa-b7d7-859a6d9de165",0.1,20,3,8,0.15,"quadratic",0.08,121
0.109870082711592,73.9214372324995,26.4642835431589,924.491301190441,359.826004864365,"Federov with Uniform Sample","fd39ed6f-92ad-4eaa-b7d7-859a6d9de165",0.1,13,9,16,0.15,"quadratic",0.08,121
0.16554164545249,53.9679047209615,23.2737288771559,671.852694211002,300.152745097478,"Federov with Biased Sample","fd39ed6f-92ad-4eaa-b7d7-859a6d9de165",0.1,5,8,16,0.15,"quadratic",0.08,121
0.107604115285955,147.01466118532,42.6662934069866,1628.23143749721,553.816384553488,"Federov with Uniform Sample","fd39ed6f-92ad-4eaa-b7d7-859a6d9de165",0.1,15,9,32,0.15,"quadratic",0.08,121
0.165801110951732,115.882990358284,17.3570059540414,1306.40161451823,245.646799941235,"Federov with Biased Sample","fd39ed6f-92ad-4eaa-b7d7-859a6d9de165",0.1,1,11,32,0.15,"quadratic",0.08,121
0.10945710491119,290.031277451644,77.7327062676868,3413.84985092042,760.01315668432,"Federov with Uniform Sample","fd39ed6f-92ad-4eaa-b7d7-859a6d9de165",0.1,4,13,64,0.15,"quadratic",0.08,121
0.16617014188056,391.804314070385,111.769969008446,4418.16968432881,1324.97653754659,"Federov with Biased Sample","fd39ed6f-92ad-4eaa-b7d7-859a6d9de165",0.1,27,5,64,0.15,"quadratic",0.08,121
0.108104530911485,4.20573992636542,1.64269712707037,47.0563201481691,21.0932907776805,"Federov with Uniform Sample","fd39ed6f-92ad-4eaa-b7d7-859a6d9de165",0.01,30,0,1,0.15,"quadratic",0.08,121
0.16604727421602,4.38067994154854,1.7673939737362,50.7167619969632,22.1453086719016,"Federov with Biased Sample","fd39ed6f-92ad-4eaa-b7d7-859a6d9de165",0.01,45,0,1,0.15,"quadratic",0.08,121
0.108984975243314,8.87304908897492,3.18478311952591,108.353369369023,43.1089975577029,"Federov with Uniform Sample","fd39ed6f-92ad-4eaa-b7d7-859a6d9de165",0.01,25,0,2,0.15,"quadratic",0.08,121
0.165207315820528,9.51433012059013,1.56381408539291,108.5772637878,27.5817437390904,"Federov with Biased Sample","fd39ed6f-92ad-4eaa-b7d7-859a6d9de165",0.01,16,0,2,0.15,"quadratic",0.08,121
0.10853342870535,21.4867721544752,8.09998182014907,220.493090837832,79.0857793699113,"Federov with Uniform Sample","fd39ed6f-92ad-4eaa-b7d7-859a6d9de165",0.01,3,5,4,0.15,"quadratic",0.08,121
0.163836491610614,16.822627876816,12.9274932083414,206.801183365178,128.022036978753,"Federov with Biased Sample","fd39ed6f-92ad-4eaa-b7d7-859a6d9de165",0.01,3,7,4,0.15,"quadratic",0.08,121
0.108441932702414,36.2866044027807,14.6053460581516,431.177374108755,194.480112672176,"Federov with Uniform Sample","fd39ed6f-92ad-4eaa-b7d7-859a6d9de165",0.01,1,10,8,0.15,"quadratic",0.08,121
0.16468146072637,27.7920616126396,13.9077587045785,346.73538510546,184.644300011081,"Federov with Biased Sample","fd39ed6f-92ad-4eaa-b7d7-859a6d9de165",0.01,9,7,8,0.15,"quadratic",0.08,121
0.108271439252037,71.8476645806419,71.8476645806419,871.472202769582,871.472202769582,"Federov with Uniform Sample","fd39ed6f-92ad-4eaa-b7d7-859a6d9de165",0.01,108,0,16,0.15,"quadratic",0.08,121
0.165152004573041,54.309638872166,54.309638872166,684.616397507299,684.616397507299,"Federov with Biased Sample","fd39ed6f-92ad-4eaa-b7d7-859a6d9de165",0.01,108,0,16,0.15,"quadratic",0.08,121
0.108933690070946,126.135623967904,126.135623967904,1459.58915341262,1459.58915341262,"Federov with Uniform Sample","fd39ed6f-92ad-4eaa-b7d7-859a6d9de165",0.01,108,0,32,0.15,"quadratic",0.08,121
0.166366553455949,124.632011492908,16.5827620502864,1537.35631483471,229.946692190086,"Federov with Biased Sample","fd39ed6f-92ad-4eaa-b7d7-859a6d9de165",0.01,1,10,32,0.15,"quadratic",0.08,121
0.109235417536448,349.657987128795,45.8034352806774,3856.03728289931,828.541030887904,"Federov with Uniform Sample","fd39ed6f-92ad-4eaa-b7d7-859a6d9de165",0.01,1,12,64,0.15,"quadratic",0.08,121
0.164978041496567,339.513407456628,339.513407456628,3825.85529892028,3825.85529892028,"Federov with Biased Sample","fd39ed6f-92ad-4eaa-b7d7-859a6d9de165",0.01,108,0,64,0.15,"quadratic",0.08,121
0.109574335929872,5.53984111217787,1.99834000767391,65.4728227953584,24.4191755501751,"Federov with Uniform Sample","fd39ed6f-92ad-4eaa-b7d7-859a6d9de165",0.001,40,0,1,0.15,"quadratic",0.08,121
0.164487704207124,4.60777030948405,2.13959308915946,50.8004859066531,28.9999339385561,"Federov with Biased Sample","fd39ed6f-92ad-4eaa-b7d7-859a6d9de165",0.001,53,0,1,0.15,"quadratic",0.08,121
0.109743563794091,10.3957801000801,5.14814530711003,117.251845918358,54.9509188855065,"Federov with Uniform Sample","fd39ed6f-92ad-4eaa-b7d7-859a6d9de165",0.001,16,2,2,0.15,"quadratic",0.08,121
0.16411858898048,8.47892083182107,4.23708705720361,96.3307014594005,46.6708239103164,"Federov with Biased Sample","fd39ed6f-92ad-4eaa-b7d7-859a6d9de165",0.001,17,1,2,0.15,"quadratic",0.08,121
0.109569461661461,17.8661078722446,8.63857888604928,216.066381811503,95.2123474657534,"Federov with Uniform Sample","fd39ed6f-92ad-4eaa-b7d7-859a6d9de165",0.001,3,5,4,0.15,"quadratic",0.08,121
0.165437657853862,13.360245970106,7.02638957352776,170.359066465628,83.3712614662314,"Federov with Biased Sample","fd39ed6f-92ad-4eaa-b7d7-859a6d9de165",0.001,7,5,4,0.15,"quadratic",0.08,121
0.110492577024143,39.1707599053405,17.4495797566135,450.180415145932,249.447373984834,"Federov with Uniform Sample","fd39ed6f-92ad-4eaa-b7d7-859a6d9de165",0.001,1,12,8,0.15,"quadratic",0.08,121
0.16378718807893,55.3317162178525,13.8179262717864,626.391244029988,155.42631186649,"Federov with Biased Sample","fd39ed6f-92ad-4eaa-b7d7-859a6d9de165",0.001,1,7,8,0.15,"quadratic",0.08,121
0.109543762490111,69.8156438694493,69.8156438694493,818.483098038152,818.483098038152,"Federov with Uniform Sample","fd39ed6f-92ad-4eaa-b7d7-859a6d9de165",0.001,108,0,16,0.15,"quadratic",0.08,121
0.163240116926863,70.3720110341565,70.3720110341565,861.926736674596,861.926736674596,"Federov with Biased Sample","fd39ed6f-92ad-4eaa-b7d7-859a6d9de165",0.001,108,0,16,0.15,"quadratic",0.08,121
0.109513676234724,171.869204631879,171.869204631879,2022.24339017126,2022.24339017126,"Federov with Uniform Sample","fd39ed6f-92ad-4eaa-b7d7-859a6d9de165",0.001,108,0,32,0.15,"quadratic",0.08,121
0.165159185615185,158.446783084772,45.7580585672787,2008.99792814264,590.960946017058,"Federov with Biased Sample","fd39ed6f-92ad-4eaa-b7d7-859a6d9de165",0.001,7,12,32,0.15,"quadratic",0.08,121
0.108028309536196,475.988733208624,475.988733208624,4320.39007962621,4320.39007962621,"Federov with Uniform Sample","fd39ed6f-92ad-4eaa-b7d7-859a6d9de165",0.001,108,0,64,0.15,"quadratic",0.08,121
0.166010733849092,283.712534669873,283.712534669873,3529.16304588123,3529.16304588123,"Federov with Biased Sample","fd39ed6f-92ad-4eaa-b7d7-859a6d9de165",0.001,108,0,64,0.15,"quadratic",0.08,121
